Abril;Silva;Pueyrredón 1067;Gral. Pico;Tucumán;abrilsilva@correo.com;64;37597585
Gabriel;Aguirre;Urquiza 2460;San Miguel;Santa Fe;gabrielaguirre@correo.com;58;23569021
Agustín;Sosa;Av. de Mayo 2271;25 de Mayo;Neuquén;agustinsosa@correo.com;54;36972541
Nicolás;Rodríguez;Av. de Mayo 5798;San Martin;Chaco;nicolasrodriguez@correo.com;56;14180088
Lucía;Ruiz;Sarmiento 2602;La Palta;Misiones;luciaruiz@correo.com;39;17145439
Paula;Sánchez;Lavalle 2735;San Martin;Santa Fe;paulasanchez@correo.com;31;30630863
Camila;Herrera;Av. San Martín 2651;Gral. Pico;Buenos Aires;camilaherrera@correo.com;24;44556819
Agustín;Guzmán;Rivadavia 5182;San Miguel;Entre Ríos;agustinguzman@correo.com;57;44219607
Tomas;Flores;Pueyrredón 418;Palermo;Mendoza;tomasflores@correo.com;79;44817145
Abril;Álvarez;Urquiza 56;Rosario de la Cruz;Mendoza;abrilalvarez@correo.com;51;21368481
Santiago;Aguirre;Belgrano 2;Inmaculada Concepcion;Misiones;santiagoaguirre@correo.com;58;21129829
Lucas;Vidal;Lavalle 6508;Rosario de la Cruz;Mendoza;lucasvidal@correo.com;62;28077006
Santiago;Sosa;Mitre 6520;Gral. Pico;Neuquén;santiagososa@correo.com;35;35303746
María;Sánchez;Urquiza 9174;25 de Mayo;Córdoba;mariasanchez@correo.com;58;22602728
María;Martínez;Belgrano 3593;San Miguel;Mendoza;mariamartinez@correo.com;41;21259698
Nicolás;Castro;Alvear 5683;San Martin;Chaco;nicolascastro@correo.com;70;19057228
Valeria;Castro;Rivadavia 2336;25 de Mayo;Salta;valeriacastro@correo.com;73;32369865
Lucía;Ramírez;Sarmiento 7290;Rosario de la Cruz;Neuquén;luciaramirez@correo.com;18;13787284
Martina;García;Lavalle 3330;Rosario de la Cruz;Mendoza;martinagarcia@correo.com;50;21090134
Joaquín;Álvarez;Av. de Mayo 1562;Rosario de la Cruz;Buenos Aires;joaquinalvarez@correo.com;72;12924237
Carlos;Vidal;Av. San Martín 3569;Capitan Mendoza;Entre Ríos;carlosvidal@correo.com;38;25407591
Abril;Peralta;Rivadavia 7982;Gral. Pico;Salta;abrilperalta@correo.com;70;25944049
María;Torres;Belgrano 2983;25 de Mayo;Chaco;mariatorres@correo.com;61;45963869
Tomas;Aguirre;Alvear 9157;La Palta;Mendoza;tomasaguirre@correo.com;63;43491209
Sofía;López;Av. San Martín 2845;San Martin;Chaco;sofialopez@correo.com;23;31779906
María;Gómez;Rivadavia 1920;Inmaculada Concepcion;Chaco;mariagomez@correo.com;63;43003711
Mateo;Guzmán;Alvear 1131;Capitan Mendoza;Neuquén;mateoguzman@correo.com;58;47843363
Paula;Guzmán;Av. de Mayo 4785;9 de Julio;Mendoza;paulaguzman@correo.com;80;25950547
Victoria;Molina;Mitre 6287;Inmaculada Concepcion;Misiones;victoriamolina@correo.com;30;12197301
Tomas;Torres;Mitre 9149;Capitan Mendoza;Mendoza;tomastorres@correo.com;34;33731318
Ignacio;González;Rivadavia 9702;Palermo;Misiones;ignaciogonzalez@correo.com;75;43005082
Sara;Acosta;Rivadavia 2665;Palermo;Chaco;saraacosta@correo.com;68;13749629
Carlos;Ramírez;Sarmiento 9890;Rosario de la Cruz;Salta;carlosramirez@correo.com;83;34233185
Lucía;Pérez;Alvear 1976;25 de Mayo;Chaco;luciaperez@correo.com;33;23018970
Abril;Giménez;Pueyrredón 3157;Gral. Pico;Neuquén;abrilgimenez@correo.com;57;15794942
Lucía;Díaz;Rivadavia 2649;9 de Julio;Salta;luciadiaz@correo.com;25;45613084
Ezequiel;Herrera;Lavalle 6026;9 de Julio;Entre Ríos;ezequielherrera@correo.com;41;30261046
Sara;Herrera;Av. San Martín 2020;Inmaculada Concepcion;Neuquén;saraherrera@correo.com;74;44966399
Lucas;Aguirre;Mitre 689;Rosario de la Cruz;Neuquén;lucasaguirre@correo.com;56;34132320
Luis;Silva;Av. San Martín 7643;San Miguel;Córdoba;luissilva@correo.com;82;31014134
Luis;Ruiz;Pueyrredón 7475;Capitan Mendoza;Entre Ríos;luisruiz@correo.com;57;12232568
Diego;Acosta;Av. de Mayo 3986;San Martin;Salta;diegoacosta@correo.com;65;32830010
Diego;Díaz;Alvear 4768;Gral. Pico;Neuquén;diegodiaz@correo.com;27;31905643
Sara;Ramírez;Pueyrredón 516;La Palta;Entre Ríos;sararamirez@correo.com;81;23213369
Diego;Acosta;Av. San Martín 5834;Inmaculada Concepcion;Mendoza;diegoacosta@correo.com;41;35085163
Abril;Sosa;Av. San Martín 5827;San Martin;Misiones;abrilsosa@correo.com;53;31622619
Tomas;García;Rivadavia 7839;Palermo;Mendoza;tomasgarcia@correo.com;21;14830493
Victoria;Acosta;Rivadavia 7011;San Martin;Neuquén;victoriaacosta@correo.com;52;25213011
Luis;López;Lavalle 1784;La Palta;Misiones;luislopez@correo.com;52;32650095
Sara;Aguirre;Av. de Mayo 1414;25 de Mayo;Mendoza;saraaguirre@correo.com;65;30258404
Victoria;Álvarez;Av. de Mayo 7369;San Miguel;Mendoza;victoriaalvarez@correo.com;84;36181982
Daniela;Guzmán;Urquiza 6086;25 de Mayo;Misiones;danielaguzman@correo.com;19;44788070
Agustín;Sosa;Rivadavia 7430;25 de Mayo;Salta;agustinsosa@correo.com;27;40485245
Abril;Álvarez;Av. de Mayo 3569;San Martin;Misiones;abrilalvarez@correo.com;43;13951138
Ana;Rodríguez;Av. San Martín 7008;La Palta;Mendoza;anarodriguez@correo.com;19;40092509
Santiago;Medina;Urquiza 9240;Capitan Mendoza;Chaco;santiagomedina@correo.com;26;34966101
Santiago;Giménez;Alvear 9250;9 de Julio;Salta;santiagogimenez@correo.com;36;45343011
Camila;González;Pueyrredón 3750;La Palta;Córdoba;camilagonzalez@correo.com;24;22355701
Valeria;Pérez;Belgrano 6954;San Martin;Santa Fe;valeriaperez@correo.com;50;29609662
Abril;Giménez;Rivadavia 9148;San Martin;Mendoza;abrilgimenez@correo.com;59;44387468
Gonzalo;Martínez;Sarmiento 1606;9 de Julio;Santa Fe;gonzalomartinez@correo.com;31;46779320
Valeria;Álvarez;Mitre 2129;San Miguel;Neuquén;valeriaalvarez@correo.com;63;47671589
Ana;Torres;Mitre 3035;Palermo;Salta;anatorres@correo.com;41;20720021
Gabriel;Silva;Rivadavia 8577;Rosario de la Cruz;Chaco;gabrielsilva@correo.com;81;14224721
Joaquín;Rojas;Urquiza 1518;Capitan Mendoza;Neuquén;joaquinrojas@correo.com;45;20932977
María;Díaz;Urquiza 8912;San Martin;Misiones;mariadiaz@correo.com;18;35621002
Camila;Torres;Belgrano 9065;San Martin;Tucumán;camilatorres@correo.com;68;26208694
Santiago;Castro;Pueyrredón 4782;25 de Mayo;Salta;santiagocastro@correo.com;42;42308660
Paula;González;Lavalle 211;25 de Mayo;Entre Ríos;paulagonzalez@correo.com;52;11498325
Diego;Ramírez;Rivadavia 6085;La Palta;Neuquén;diegoramirez@correo.com;67;36503786
Gonzalo;Sosa;Urquiza 9080;La Palta;Santa Fe;gonzalososa@correo.com;31;35101705
Javier;Martínez;Rivadavia 4943;Capitan Mendoza;Tucumán;javiermartinez@correo.com;33;21007407
Gabriel;García;Alvear 5104;San Miguel;Salta;gabrielgarcia@correo.com;42;25220544
Martina;Martínez;Rivadavia 2245;Rosario de la Cruz;Córdoba;martinamartinez@correo.com;43;37052477
Elena;Silva;Av. San Martín 246;Palermo;Mendoza;elenasilva@correo.com;40;40146028
Sofía;Ruiz;Mitre 2640;9 de Julio;Salta;sofiaruiz@correo.com;36;15241582
Natalia;García;Av. de Mayo 6194;La Palta;Salta;nataliagarcia@correo.com;74;13876451
Santiago;Peralta;Urquiza 4360;San Martin;Córdoba;santiagoperalta@correo.com;22;29223624
María;Flores;Av. San Martín 8832;Gral. Pico;Mendoza;mariaflores@correo.com;45;20013522
Gabriel;Silva;Lavalle 6422;Gral. Pico;Misiones;gabrielsilva@correo.com;35;38770517
Carlos;Medina;Mitre 6505;25 de Mayo;Santa Fe;carlosmedina@correo.com;74;29657785
Ignacio;Pérez;Alvear 620;Gral. Pico;Mendoza;ignacioperez@correo.com;32;15671125
Gonzalo;López;Av. San Martín 9990;Gral. Pico;Neuquén;gonzalolopez@correo.com;71;32313722
Elena;Álvarez;Sarmiento 9045;25 de Mayo;Entre Ríos;elenaalvarez@correo.com;22;22413232
Carlos;Torres;Pueyrredón 3214;Inmaculada Concepcion;Tucumán;carlostorres@correo.com;71;38923846
Isabella;Romero;Av. San Martín 1314;Palermo;Salta;isabellaromero@correo.com;79;13903205
Victoria;Vidal;Alvear 5279;Capitan Mendoza;Buenos Aires;victoriavidal@correo.com;53;38516580
Joaquín;Ramírez;Mitre 8144;La Palta;Tucumán;joaquinramirez@correo.com;24;25892459
Camila;Silva;Av. de Mayo 1504;San Miguel;Santa Fe;camilasilva@correo.com;68;19837320
Joaquín;Flores;Alvear 4924;San Miguel;Misiones;joaquinflores@correo.com;18;16616759
Tomas;Giménez;Alvear 2890;Capitan Mendoza;Neuquén;tomasgimenez@correo.com;80;40161934
Gabriel;Benítez;Rivadavia 9012;25 de Mayo;Salta;gabrielbenitez@correo.com;68;17074847
Ignacio;Rodríguez;Lavalle 6614;Gral. Pico;Córdoba;ignaciorodriguez@correo.com;63;36039687
Lucas;Romero;Rivadavia 965;Capitan Mendoza;Entre Ríos;lucasromero@correo.com;52;32695252
Daniela;Díaz;Urquiza 8561;Capitan Mendoza;Tucumán;danieladiaz@correo.com;56;32634034
Martina;Ruiz;Belgrano 7768;Palermo;Santa Fe;martinaruiz@correo.com;60;34352105
Martina;Giménez;Rivadavia 5913;Capitan Mendoza;Neuquén;martinagimenez@correo.com;64;26114732
Ana;Fernández;Mitre 1326;25 de Mayo;Salta;anafernandez@correo.com;24;16535924
Gonzalo;Romero;Pueyrredón 8140;La Palta;Entre Ríos;gonzaloromero@correo.com;29;29086496
Valeria;Ruiz;Av. de Mayo 1248;25 de Mayo;Buenos Aires;valeriaruiz@correo.com;35;15570847
Joaquín;Pérez;Belgrano 1846;San Miguel;Entre Ríos;joaquinperez@correo.com;26;32509065
Abril;Molina;Sarmiento 2942;Palermo;Córdoba;abrilmolina@correo.com;81;27391535
Tomas;Molina;Av. San Martín 6637;Palermo;Chaco;tomasmolina@correo.com;77;28891833
Paula;Rodríguez;Rivadavia 4857;Inmaculada Concepcion;Entre Ríos;paularodriguez@correo.com;25;19221464
Carlos;Benítez;Alvear 6309;San Martin;Córdoba;carlosbenitez@correo.com;18;41047744
Victoria;Medina;Sarmiento 6553;La Palta;Córdoba;victoriamedina@correo.com;81;35438221
Ana;Acosta;Alvear 6044;25 de Mayo;Buenos Aires;anaacosta@correo.com;65;28337066
Elena;Guzmán;Mitre 3965;25 de Mayo;Entre Ríos;elenaguzman@correo.com;50;38395703
Mateo;Romero;Urquiza 3590;La Palta;Salta;mateoromero@correo.com;83;44554597
Elena;Ramírez;Pueyrredón 7176;San Martin;Neuquén;elenaramirez@correo.com;46;37309092
Agustín;Giménez;Lavalle 3678;San Miguel;Córdoba;agustingimenez@correo.com;47;25435919
Lucas;García;Sarmiento 9102;Palermo;Buenos Aires;lucasgarcia@correo.com;38;28901959
Lucía;Fernández;Urquiza 3273;Palermo;Córdoba;luciafernandez@correo.com;38;21984479
Ezequiel;Álvarez;Sarmiento 1412;San Miguel;Entre Ríos;ezequielalvarez@correo.com;66;26426795
Gabriel;Herrera;Alvear 5943;La Palta;Buenos Aires;gabrielherrera@correo.com;24;22045860
Tomas;Aguirre;Av. San Martín 9991;9 de Julio;Santa Fe;tomasaguirre@correo.com;49;31561652
Sara;Díaz;Pueyrredón 6505;Capitan Mendoza;Chaco;saradiaz@correo.com;83;39055057
Lucas;Castro;Pueyrredón 5904;La Palta;Salta;lucascastro@correo.com;43;33472382
Ignacio;Sánchez;Mitre 8061;9 de Julio;Mendoza;ignaciosanchez@correo.com;49;36740286
Luis;Ramírez;Av. San Martín 8624;9 de Julio;Buenos Aires;luisramirez@correo.com;50;14740779
Isabella;Martínez;Av. de Mayo 8264;Inmaculada Concepcion;Salta;isabellamartinez@correo.com;60;21953770
Carlos;Giménez;Av. de Mayo 7384;25 de Mayo;Mendoza;carlosgimenez@correo.com;46;39160026
Mateo;Benítez;Sarmiento 638;La Palta;Neuquén;mateobenitez@correo.com;65;24553967
Javier;Vidal;Sarmiento 9355;25 de Mayo;Santa Fe;javiervidal@correo.com;62;14728073
Gonzalo;Herrera;Rivadavia 6889;Palermo;Chaco;gonzaloherrera@correo.com;46;17878201
Mateo;Castro;Sarmiento 4736;Gral. Pico;Misiones;mateocastro@correo.com;39;34554168
Lucas;Rojas;Rivadavia 9999;San Miguel;Entre Ríos;lucasrojas@correo.com;78;22156866
Santiago;Giménez;Rivadavia 5234;Palermo;Mendoza;santiagogimenez@correo.com;23;38074927
Tomas;Flores;Sarmiento 1521;Capitan Mendoza;Tucumán;tomasflores@correo.com;24;41978185
Gabriel;García;Belgrano 2178;Inmaculada Concepcion;Buenos Aires;gabrielgarcia@correo.com;35;14596115
Carlos;Sánchez;Alvear 593;La Palta;Salta;carlossanchez@correo.com;37;30895439
Camila;Acosta;Av. de Mayo 5590;San Martin;Entre Ríos;camilaacosta@correo.com;81;43697834
Abril;Acosta;Urquiza 4117;Gral. Pico;Salta;abrilacosta@correo.com;26;11291919
Ana;García;Pueyrredón 3189;Rosario de la Cruz;Córdoba;anagarcia@correo.com;72;41492124
Tomas;Aguirre;Pueyrredón 9217;Capitan Mendoza;Córdoba;tomasaguirre@correo.com;37;33397414
Martina;González;Rivadavia 9322;La Palta;Salta;martinagonzalez@correo.com;28;29479229
Javier;Martínez;Mitre 7023;Inmaculada Concepcion;Salta;javiermartinez@correo.com;74;19070357
Gabriel;Álvarez;Sarmiento 3788;Palermo;Misiones;gabrielalvarez@correo.com;49;34098232
Nicolás;Medina;Urquiza 9713;Rosario de la Cruz;Mendoza;nicolasmedina@correo.com;70;33961853
Paula;Rojas;Alvear 7731;Gral. Pico;Buenos Aires;paularojas@correo.com;63;15528592
Joaquín;Rojas;Rivadavia 7866;San Miguel;Córdoba;joaquinrojas@correo.com;28;28578535
Camila;Rojas;Av. San Martín 5044;Inmaculada Concepcion;Tucumán;camilarojas@correo.com;57;33747658
Natalia;Flores;Mitre 9306;San Martin;Mendoza;nataliaflores@correo.com;49;37362988
María;Herrera;Av. de Mayo 7425;25 de Mayo;Tucumán;mariaherrera@correo.com;58;45112303
Sofía;Medina;Av. San Martín 4884;La Palta;Tucumán;sofiamedina@correo.com;64;36332068
Lucas;Benítez;Lavalle 9395;25 de Mayo;Neuquén;lucasbenitez@correo.com;37;22912821
Sara;Díaz;Av. de Mayo 4294;San Miguel;Misiones;saradiaz@correo.com;67;32103143
Javier;Herrera;Alvear 3676;9 de Julio;Santa Fe;javierherrera@correo.com;28;26172898
Mateo;Giménez;Mitre 3251;Palermo;Mendoza;mateogimenez@correo.com;20;45985058
Lucas;Peralta;Lavalle 8063;San Martin;Misiones;lucasperalta@correo.com;80;28178045
Santiago;Romero;Sarmiento 7779;9 de Julio;Córdoba;santiagoromero@correo.com;58;12418966
Luis;Castro;Sarmiento 3611;Capitan Mendoza;Santa Fe;luiscastro@correo.com;35;33639803
Carlos;López;Alvear 5036;Palermo;Mendoza;carloslopez@correo.com;77;25156998
Isabella;Acosta;Av. de Mayo 7125;San Miguel;Chaco;isabellaacosta@correo.com;80;22486832
Paula;Guzmán;Alvear 3764;Gral. Pico;Santa Fe;paulaguzman@correo.com;54;22065520
María;Álvarez;Av. San Martín 7460;9 de Julio;Tucumán;mariaalvarez@correo.com;33;29418559
Tomas;Fernández;Alvear 5605;Gral. Pico;Entre Ríos;tomasfernandez@correo.com;79;14651601
Camila;Fernández;Rivadavia 6745;San Martin;Chaco;camilafernandez@correo.com;84;30862510
Javier;Herrera;Urquiza 8738;Gral. Pico;Córdoba;javierherrera@correo.com;18;18706926
Elena;Benítez;Pueyrredón 235;Rosario de la Cruz;Mendoza;elenabenitez@correo.com;41;29292056
Mateo;Sosa;Mitre 1150;San Martin;Córdoba;mateososa@correo.com;84;30477589
Luis;Torres;Av. de Mayo 6822;Palermo;Neuquén;luistorres@correo.com;70;18955591
Daniela;Díaz;Rivadavia 5636;Capitan Mendoza;Salta;danieladiaz@correo.com;25;16618596
Abril;Gómez;Av. de Mayo 1702;San Miguel;Santa Fe;abrilgomez@correo.com;71;45300723
Ana;Castro;Rivadavia 6705;Capitan Mendoza;Córdoba;anacastro@correo.com;34;15143387
Elena;Castro;Lavalle 3349;Palermo;Chaco;elenacastro@correo.com;23;33125127
Agustín;Gómez;Lavalle 5208;Capitan Mendoza;Santa Fe;agustingomez@correo.com;30;15533668
Luis;Sosa;Av. San Martín 9791;Gral. Pico;Córdoba;luissosa@correo.com;48;30972968
Martina;González;Belgrano 3020;La Palta;Santa Fe;martinagonzalez@correo.com;54;29705896
Camila;Herrera;Lavalle 2202;9 de Julio;Chaco;camilaherrera@correo.com;23;44240023
Carlos;Aguirre;Av. San Martín 4712;Capitan Mendoza;Córdoba;carlosaguirre@correo.com;35;25726177
Isabella;Díaz;Lavalle 2662;La Palta;Tucumán;isabelladiaz@correo.com;48;25580232
Martina;Vidal;Rivadavia 2465;9 de Julio;Santa Fe;martinavidal@correo.com;49;47220932
Elena;Guzmán;Av. San Martín 1023;9 de Julio;Santa Fe;elenaguzman@correo.com;60;29010932
Isabella;Díaz;Urquiza 901;San Martin;Misiones;isabelladiaz@correo.com;72;33011470
Victoria;Herrera;Lavalle 4988;9 de Julio;Mendoza;victoriaherrera@correo.com;73;11839656
Ana;Castro;Mitre 2885;Rosario de la Cruz;Misiones;anacastro@correo.com;49;34064286
Ezequiel;Rojas;Urquiza 8906;La Palta;Buenos Aires;ezequielrojas@correo.com;68;25202604
Martina;Rojas;Sarmiento 609;Gral. Pico;Neuquén;martinarojas@correo.com;19;44110545
Ana;Castro;Av. de Mayo 3315;Capitan Mendoza;Córdoba;anacastro@correo.com;81;29597477
Elena;Torres;Rivadavia 4668;Rosario de la Cruz;Entre Ríos;elenatorres@correo.com;60;22422084
Victoria;Rojas;Rivadavia 1627;Inmaculada Concepcion;Misiones;victoriarojas@correo.com;76;39305212
Ignacio;Martínez;Alvear 598;La Palta;Chaco;ignaciomartinez@correo.com;83;21219648
Sara;Pérez;Urquiza 6063;Gral. Pico;Tucumán;saraperez@correo.com;39;29031943
Tomas;Martínez;Rivadavia 2669;Rosario de la Cruz;Buenos Aires;tomasmartinez@correo.com;38;46649382
Natalia;Álvarez;Av. de Mayo 6428;La Palta;Chaco;nataliaalvarez@correo.com;24;33708597
Sara;Silva;Sarmiento 4089;Inmaculada Concepcion;Misiones;sarasilva@correo.com;63;45763369
Valeria;Rodríguez;Sarmiento 3522;Capitan Mendoza;Chaco;valeriarodriguez@correo.com;57;30999005
Joaquín;Sánchez;Belgrano 7313;La Palta;Chaco;joaquinsanchez@correo.com;57;33037793
Gabriel;Benítez;Rivadavia 183;Rosario de la Cruz;Salta;gabrielbenitez@correo.com;72;46878579
Javier;Rojas;Rivadavia 6356;La Palta;Buenos Aires;javierrojas@correo.com;46;24349324
Isabella;Martínez;Sarmiento 4239;25 de Mayo;Santa Fe;isabellamartinez@correo.com;84;38463493
Santiago;Flores;Av. San Martín 7829;San Miguel;Chaco;santiagoflores@correo.com;53;40278872
Lucía;Guzmán;Belgrano 7837;Inmaculada Concepcion;Salta;luciaguzman@correo.com;72;32261748
Ana;Rodríguez;Av. San Martín 4158;Inmaculada Concepcion;Salta;anarodriguez@correo.com;60;21907568
Lucas;Sosa;Sarmiento 1097;Capitan Mendoza;Tucumán;lucassosa@correo.com;26;17268665
Martina;Medina;Av. de Mayo 459;25 de Mayo;Tucumán;martinamedina@correo.com;83;45662255
Tomas;Pérez;Alvear 4464;Capitan Mendoza;Entre Ríos;tomasperez@correo.com;20;37800174
Natalia;Sosa;Mitre 1591;San Martin;Buenos Aires;nataliasosa@correo.com;82;30715251
Ignacio;Torres;Pueyrredón 9172;Inmaculada Concepcion;Córdoba;ignaciotorres@correo.com;28;15687405
Santiago;Torres;Mitre 9508;Capitan Mendoza;Mendoza;santiagotorres@correo.com;41;44016470
Santiago;Pérez;Av. San Martín 6780;San Martin;Neuquén;santiagoperez@correo.com;26;34167030
Natalia;Ramírez;Rivadavia 2500;25 de Mayo;Chaco;nataliaramirez@correo.com;60;23270940
Tomas;Ramírez;Alvear 3123;Capitan Mendoza;Tucumán;tomasramirez@correo.com;38;12545508
Abril;Torres;Mitre 1102;Gral. Pico;Salta;abriltorres@correo.com;49;37929506
Luis;Ramírez;Sarmiento 3784;San Martin;Entre Ríos;luisramirez@correo.com;58;32157079
Natalia;Ramírez;Belgrano 3708;25 de Mayo;Buenos Aires;nataliaramirez@correo.com;83;33403836
María;Álvarez;Rivadavia 8551;25 de Mayo;Tucumán;mariaalvarez@correo.com;41;32882272
Gabriel;Ruiz;Alvear 1521;San Miguel;Entre Ríos;gabrielruiz@correo.com;60;43758189
Tomas;Fernández;Alvear 676;San Martin;Mendoza;tomasfernandez@correo.com;19;24411806
Diego;Silva;Sarmiento 6423;Gral. Pico;Córdoba;diegosilva@correo.com;45;43353855
Gonzalo;Romero;Av. San Martín 7351;Rosario de la Cruz;Neuquén;gonzaloromero@correo.com;34;18060440
Ana;Torres;Sarmiento 9548;La Palta;Córdoba;anatorres@correo.com;73;21302973
Luis;Ruiz;Belgrano 7016;9 de Julio;Salta;luisruiz@correo.com;68;15456383
Isabella;Rojas;Belgrano 9714;Gral. Pico;Entre Ríos;isabellarojas@correo.com;49;42131918
Sara;Sánchez;Belgrano 751;Capitan Mendoza;Mendoza;sarasanchez@correo.com;32;29336863
Joaquín;Peralta;Urquiza 9113;San Miguel;Salta;joaquinperalta@correo.com;53;21180368
Gonzalo;Álvarez;Alvear 195;Palermo;Chaco;gonzaloalvarez@correo.com;41;29556136
Lucía;Martínez;Pueyrredón 7050;San Miguel;Tucumán;luciamartinez@correo.com;30;42386242
Martina;Martínez;Lavalle 7285;25 de Mayo;Buenos Aires;martinamartinez@correo.com;55;30179707
Joaquín;Gómez;Av. de Mayo 3317;Inmaculada Concepcion;Tucumán;joaquingomez@correo.com;32;11820184
María;Acosta;Belgrano 4680;9 de Julio;Tucumán;mariaacosta@correo.com;78;47290138
Isabella;Díaz;Mitre 3565;La Palta;Córdoba;isabelladiaz@correo.com;37;46332643
Victoria;Rodríguez;Av. San Martín 2664;Inmaculada Concepcion;Santa Fe;victoriarodriguez@correo.com;35;34551224
Valeria;Sánchez;Sarmiento 5860;La Palta;Tucumán;valeriasanchez@correo.com;58;11582083
Ezequiel;García;Urquiza 2443;9 de Julio;Santa Fe;ezequielgarcia@correo.com;26;34188182
Daniela;Peralta;Av. de Mayo 4893;La Palta;Buenos Aires;danielaperalta@correo.com;56;21879273
Martina;Medina;Av. de Mayo 2655;Inmaculada Concepcion;Buenos Aires;martinamedina@correo.com;47;37687360
Sofía;Álvarez;Belgrano 1030;25 de Mayo;Mendoza;sofiaalvarez@correo.com;56;20647784
Gabriel;Vidal;Mitre 9779;Palermo;Buenos Aires;gabrielvidal@correo.com;29;28757391
Victoria;Medina;Mitre 3094;Inmaculada Concepcion;Neuquén;victoriamedina@correo.com;33;30424407
Luis;Martínez;Belgrano 1570;9 de Julio;Tucumán;luismartinez@correo.com;41;38291867
Sofía;García;Av. de Mayo 9855;Inmaculada Concepcion;Tucumán;sofiagarcia@correo.com;25;12268041
Paula;Fernández;Lavalle 8638;San Miguel;Salta;paulafernandez@correo.com;22;42510252
Luis;Álvarez;Pueyrredón 6495;Capitan Mendoza;Salta;luisalvarez@correo.com;39;14193368
Sara;Ramírez;Urquiza 5299;Gral. Pico;Tucumán;sararamirez@correo.com;57;39569521
Elena;García;Mitre 5735;Inmaculada Concepcion;Neuquén;elenagarcia@correo.com;24;31361217
Victoria;Acosta;Av. de Mayo 6799;9 de Julio;Santa Fe;victoriaacosta@correo.com;34;39006343
Victoria;Sánchez;Av. de Mayo 1094;Palermo;Entre Ríos;victoriasanchez@correo.com;56;36249515
Luis;Ramírez;Av. San Martín 4586;Palermo;Misiones;luisramirez@correo.com;29;39425025
Paula;Fernández;Sarmiento 8722;9 de Julio;Tucumán;paulafernandez@correo.com;74;26143867
Tomas;Flores;Av. de Mayo 8699;Capitan Mendoza;Neuquén;tomasflores@correo.com;25;16080579
Carlos;Flores;Rivadavia 7023;Inmaculada Concepcion;Salta;carlosflores@correo.com;50;29532038
Santiago;Ruiz;Urquiza 1809;Gral. Pico;Chaco;santiagoruiz@correo.com;78;15944508
Carlos;Ramírez;Urquiza 6857;Rosario de la Cruz;Buenos Aires;carlosramirez@correo.com;22;27081247
Joaquín;Silva;Sarmiento 4726;25 de Mayo;Neuquén;joaquinsilva@correo.com;83;47278632
Sara;Silva;Mitre 2881;Gral. Pico;Entre Ríos;sarasilva@correo.com;40;20941617
Valeria;Rojas;Belgrano 7673;Palermo;Buenos Aires;valeriarojas@correo.com;84;35744192
Nicolás;Flores;Urquiza 448;9 de Julio;Córdoba;nicolasflores@correo.com;66;43907816
Ezequiel;Peralta;Alvear 1356;Gral. Pico;Chaco;ezequielperalta@correo.com;43;19539384
Ignacio;Torres;Mitre 3806;Palermo;Santa Fe;ignaciotorres@correo.com;41;37509452
Gabriel;Romero;Lavalle 4444;9 de Julio;Córdoba;gabrielromero@correo.com;27;24598721
Santiago;Sánchez;Belgrano 1189;Rosario de la Cruz;Salta;santiagosanchez@correo.com;55;32303446
Ezequiel;Silva;Lavalle 821;San Martin;Neuquén;ezequielsilva@correo.com;46;24536922
Martina;Herrera;Sarmiento 1110;Inmaculada Concepcion;Tucumán;martinaherrera@correo.com;71;44425065
Valeria;Molina;Mitre 6241;Palermo;Neuquén;valeriamolina@correo.com;66;39725438
Ignacio;García;Rivadavia 3491;Rosario de la Cruz;Santa Fe;ignaciogarcia@correo.com;72;32229691
Camila;Ruiz;Alvear 4836;San Martin;Misiones;camilaruiz@correo.com;32;14473911
Diego;Giménez;Av. San Martín 1358;Palermo;Córdoba;diegogimenez@correo.com;69;18816388
Ezequiel;Acosta;Lavalle 6556;San Martin;Neuquén;ezequielacosta@correo.com;80;11923894
Daniela;Aguirre;Av. San Martín 9721;25 de Mayo;Mendoza;danielaaguirre@correo.com;66;44661933
Mateo;Álvarez;Av. San Martín 9627;San Miguel;Entre Ríos;mateoalvarez@correo.com;77;11318791
Ana;Acosta;Rivadavia 8605;Gral. Pico;Buenos Aires;anaacosta@correo.com;39;34056159
Natalia;Vidal;Lavalle 51;San Martin;Tucumán;nataliavidal@correo.com;42;38407735
Diego;Rojas;Pueyrredón 224;San Miguel;Entre Ríos;diegorojas@correo.com;26;32618705
Victoria;Silva;Av. San Martín 9246;25 de Mayo;Salta;victoriasilva@correo.com;28;41797824
Martina;Giménez;Lavalle 7025;Capitan Mendoza;Buenos Aires;martinagimenez@correo.com;33;44669435
Lucas;Flores;Lavalle 8299;Capitan Mendoza;Entre Ríos;lucasflores@correo.com;27;17810384
Carlos;Ruiz;Belgrano 8084;9 de Julio;Neuquén;carlosruiz@correo.com;20;12249833
Isabella;Aguirre;Rivadavia 8843;Gral. Pico;Entre Ríos;isabellaaguirre@correo.com;68;15581598
Santiago;Ruiz;Av. San Martín 6369;Palermo;Mendoza;santiagoruiz@correo.com;53;27859195
Carlos;Silva;Mitre 3940;Capitan Mendoza;Salta;carlossilva@correo.com;62;28936336
Valeria;Sosa;Alvear 2960;25 de Mayo;Santa Fe;valeriasosa@correo.com;70;13525922
Luis;Vidal;Sarmiento 7282;Palermo;Chaco;luisvidal@correo.com;35;18232716
Luis;Ramírez;Urquiza 7642;Rosario de la Cruz;Tucumán;luisramirez@correo.com;83;46195605
Gonzalo;Sosa;Av. San Martín 252;Capitan Mendoza;Salta;gonzalososa@correo.com;35;43648146
Lucía;López;Av. San Martín 476;Gral. Pico;Salta;lucialopez@correo.com;19;28662964
Luis;Acosta;Belgrano 1497;Palermo;Misiones;luisacosta@correo.com;61;14621212
Mateo;Peralta;Alvear 1514;Rosario de la Cruz;Mendoza;mateoperalta@correo.com;80;13095548
Lucas;González;Pueyrredón 2042;San Martin;Buenos Aires;lucasgonzalez@correo.com;80;16042751
Camila;Vidal;Rivadavia 3252;9 de Julio;Misiones;camilavidal@correo.com;21;36483419
Elena;Díaz;Urquiza 9697;San Miguel;Chaco;elenadiaz@correo.com;46;42019589
Daniela;Peralta;Av. de Mayo 6191;Rosario de la Cruz;Santa Fe;danielaperalta@correo.com;25;37642873
Elena;Giménez;Sarmiento 9014;Gral. Pico;Buenos Aires;elenagimenez@correo.com;50;40644587
Victoria;López;Rivadavia 123;San Miguel;Tucumán;victorialopez@correo.com;27;16393561
Santiago;Giménez;Av. de Mayo 7623;San Martin;Entre Ríos;santiagogimenez@correo.com;72;34840157
Gabriel;Peralta;Alvear 5451;San Miguel;Córdoba;gabrielperalta@correo.com;49;37052650
Javier;Medina;Lavalle 9734;9 de Julio;Misiones;javiermedina@correo.com;42;11088094
Gabriel;García;Belgrano 4357;Gral. Pico;Chaco;gabrielgarcia@correo.com;73;45195986
Luis;Peralta;Urquiza 8679;San Miguel;Tucumán;luisperalta@correo.com;83;32372415
Ignacio;González;Alvear 2719;Inmaculada Concepcion;Misiones;ignaciogonzalez@correo.com;75;40086735
Camila;Álvarez;Pueyrredón 997;Rosario de la Cruz;Córdoba;camilaalvarez@correo.com;73;38239864
Ignacio;Aguirre;Alvear 2986;Rosario de la Cruz;Córdoba;ignacioaguirre@correo.com;45;15484488
Lucía;Guzmán;Belgrano 4934;San Miguel;Mendoza;luciaguzman@correo.com;29;15288184
Javier;Castro;Lavalle 2653;La Palta;Tucumán;javiercastro@correo.com;60;34884910
Camila;Flores;Av. San Martín 4823;San Miguel;Chaco;camilaflores@correo.com;65;39856160
Mateo;Peralta;Av. de Mayo 3131;San Miguel;Salta;mateoperalta@correo.com;76;30885656
Paula;Romero;Av. de Mayo 3702;9 de Julio;Chaco;paularomero@correo.com;22;46753510
Paula;Acosta;Av. de Mayo 5752;9 de Julio;Córdoba;paulaacosta@correo.com;33;13845076
Martina;Romero;Belgrano 5377;San Miguel;Tucumán;martinaromero@correo.com;77;23292453
Valeria;Vidal;Rivadavia 7675;San Miguel;Misiones;valeriavidal@correo.com;78;33456476
Elena;Rojas;Av. de Mayo 5047;San Martin;Salta;elenarojas@correo.com;46;14461775
Lucía;Acosta;Mitre 1127;9 de Julio;Chaco;luciaacosta@correo.com;45;20735425
Valeria;López;Lavalle 1069;Capitan Mendoza;Mendoza;valerialopez@correo.com;19;34410345
Sofía;Medina;Av. de Mayo 41;La Palta;Buenos Aires;sofiamedina@correo.com;65;47778720
Ezequiel;Fernández;Alvear 3443;Inmaculada Concepcion;Tucumán;ezequielfernandez@correo.com;58;34663227
Sofía;Torres;Alvear 1930;Rosario de la Cruz;Salta;sofiatorres@correo.com;28;31429290
Sofía;Ruiz;Alvear 4038;Gral. Pico;Santa Fe;sofiaruiz@correo.com;34;15077935
Camila;Giménez;Lavalle 930;La Palta;Mendoza;camilagimenez@correo.com;31;22381984
María;Castro;Sarmiento 2287;Capitan Mendoza;Tucumán;mariacastro@correo.com;22;34750809
Joaquín;González;Pueyrredón 9188;25 de Mayo;Entre Ríos;joaquingonzalez@correo.com;21;17079037
Diego;Martínez;Alvear 5619;La Palta;Salta;diegomartinez@correo.com;25;11422058
Diego;Peralta;Belgrano 7282;Gral. Pico;Misiones;diegoperalta@correo.com;42;44603618
Joaquín;Vidal;Pueyrredón 3779;25 de Mayo;Buenos Aires;joaquinvidal@correo.com;70;28922816
Martina;García;Alvear 7090;Capitan Mendoza;Córdoba;martinagarcia@correo.com;27;37290102
Paula;García;Av. de Mayo 26;Gral. Pico;Buenos Aires;paulagarcia@correo.com;18;32062535
Paula;Romero;Sarmiento 3559;Capitan Mendoza;Chaco;paularomero@correo.com;23;26132766
Santiago;Giménez;Pueyrredón 1258;La Palta;Tucumán;santiagogimenez@correo.com;41;44095053
Victoria;García;Rivadavia 4506;9 de Julio;Santa Fe;victoriagarcia@correo.com;49;22868060
Joaquín;Rojas;Pueyrredón 5130;Inmaculada Concepcion;Neuquén;joaquinrojas@correo.com;39;46794605
Gabriel;Herrera;Lavalle 8457;25 de Mayo;Chaco;gabrielherrera@correo.com;27;28883662
Joaquín;Torres;Lavalle 633;Inmaculada Concepcion;Mendoza;joaquintorres@correo.com;76;24529213
Gabriel;Pérez;Sarmiento 4963;San Martin;Mendoza;gabrielperez@correo.com;77;18130766
Lucas;Torres;Av. de Mayo 8430;Rosario de la Cruz;Entre Ríos;lucastorres@correo.com;21;13877635
Tomas;Molina;Alvear 9128;Inmaculada Concepcion;Córdoba;tomasmolina@correo.com;53;14992710
Daniela;Acosta;Lavalle 8312;Inmaculada Concepcion;Tucumán;danielaacosta@correo.com;35;14973543
Lucía;López;Av. San Martín 723;Gral. Pico;Misiones;lucialopez@correo.com;75;13196980
Abril;Fernández;Pueyrredón 7255;25 de Mayo;Santa Fe;abrilfernandez@correo.com;32;43120250
Tomas;Medina;Mitre 2002;Palermo;Chaco;tomasmedina@correo.com;60;45581408
Gonzalo;Romero;Av. de Mayo 7316;Inmaculada Concepcion;Santa Fe;gonzaloromero@correo.com;57;33838849
Joaquín;Fernández;Av. San Martín 4630;25 de Mayo;Mendoza;joaquinfernandez@correo.com;35;22483188
Carlos;Molina;Pueyrredón 1829;9 de Julio;Tucumán;carlosmolina@correo.com;48;18279819
Agustín;Flores;Lavalle 3058;Rosario de la Cruz;Entre Ríos;agustinflores@correo.com;53;14044774
Sofía;Fernández;Av. de Mayo 4956;25 de Mayo;Entre Ríos;sofiafernandez@correo.com;62;39246300
Natalia;Molina;Av. de Mayo 8924;San Martin;Mendoza;nataliamolina@correo.com;69;13306840
Paula;Torres;Sarmiento 263;Capitan Mendoza;Chaco;paulatorres@correo.com;58;46145395
Daniela;Herrera;Pueyrredón 2895;9 de Julio;Misiones;danielaherrera@correo.com;28;26326321
Javier;Peralta;Pueyrredón 8934;San Martin;Córdoba;javierperalta@correo.com;83;40909220
Ana;Peralta;Lavalle 8923;25 de Mayo;Buenos Aires;anaperalta@correo.com;68;47184996
Elena;Ruiz;Belgrano 280;San Miguel;Santa Fe;elenaruiz@correo.com;20;19631071
Isabella;González;Belgrano 1762;Palermo;Tucumán;isabellagonzalez@correo.com;48;38008122
Mateo;Acosta;Alvear 2911;25 de Mayo;Buenos Aires;mateoacosta@correo.com;44;35075647
Agustín;López;Alvear 8926;San Miguel;Entre Ríos;agustinlopez@correo.com;66;40642096
Lucía;Acosta;Mitre 3078;Gral. Pico;Chaco;luciaacosta@correo.com;31;32274254
Natalia;Castro;Lavalle 9890;9 de Julio;Misiones;nataliacastro@correo.com;50;47357547
Ignacio;Martínez;Rivadavia 4026;Rosario de la Cruz;Buenos Aires;ignaciomartinez@correo.com;67;45560445
Camila;Romero;Rivadavia 6254;Rosario de la Cruz;Mendoza;camilaromero@correo.com;27;39875889
Camila;Acosta;Urquiza 9426;Palermo;Tucumán;camilaacosta@correo.com;18;23779158
Luis;Gómez;Lavalle 701;Inmaculada Concepcion;Misiones;luisgomez@correo.com;36;31912146
Ezequiel;Álvarez;Mitre 5355;Gral. Pico;Misiones;ezequielalvarez@correo.com;50;26890505
Abril;Silva;Sarmiento 6124;9 de Julio;Chaco;abrilsilva@correo.com;83;24891016
Luis;Silva;Lavalle 7438;San Miguel;Córdoba;luissilva@correo.com;37;13088924
Diego;Pérez;Urquiza 9945;Palermo;Salta;diegoperez@correo.com;81;23986753
Ezequiel;Peralta;Alvear 6094;Palermo;Córdoba;ezequielperalta@correo.com;70;33284437
Santiago;Martínez;Urquiza 967;Rosario de la Cruz;Salta;santiagomartinez@correo.com;49;27525374
Mateo;Álvarez;Rivadavia 1979;San Miguel;Salta;mateoalvarez@correo.com;60;17403135
Valeria;Castro;Urquiza 8343;25 de Mayo;Misiones;valeriacastro@correo.com;47;29998705
Gabriel;Rojas;Lavalle 6961;Rosario de la Cruz;Mendoza;gabrielrojas@correo.com;39;45802919
Luis;Sánchez;Urquiza 8208;Rosario de la Cruz;Neuquén;luissanchez@correo.com;57;23053477
Paula;Peralta;Av. de Mayo 1427;25 de Mayo;Misiones;paulaperalta@correo.com;39;47929245
Ignacio;Medina;Rivadavia 3889;Capitan Mendoza;Tucumán;ignaciomedina@correo.com;38;26848612
Joaquín;Giménez;Av. de Mayo 4244;San Miguel;Salta;joaquingimenez@correo.com;22;46278773
Gonzalo;Martínez;Sarmiento 7606;Palermo;Misiones;gonzalomartinez@correo.com;45;17350943
Javier;Sosa;Pueyrredón 6354;San Miguel;Santa Fe;javiersosa@correo.com;20;20990001
Javier;Peralta;Pueyrredón 6765;25 de Mayo;Buenos Aires;javierperalta@correo.com;63;47909111
Ignacio;Castro;Belgrano 929;Palermo;Chaco;ignaciocastro@correo.com;40;25572819
Camila;Vidal;Alvear 4434;Capitan Mendoza;Mendoza;camilavidal@correo.com;78;35144570
Isabella;Álvarez;Urquiza 472;Rosario de la Cruz;Tucumán;isabellaalvarez@correo.com;49;28298763
Agustín;Fernández;Mitre 2991;25 de Mayo;Córdoba;agustinfernandez@correo.com;76;47419040
Paula;Rojas;Av. San Martín 3409;Gral. Pico;Buenos Aires;paularojas@correo.com;44;16829878
Daniela;Ruiz;Sarmiento 6691;Gral. Pico;Neuquén;danielaruiz@correo.com;43;39212515
Paula;Castro;Rivadavia 883;San Miguel;Entre Ríos;paulacastro@correo.com;79;46869287
Gabriel;Álvarez;Lavalle 8603;Inmaculada Concepcion;Misiones;gabrielalvarez@correo.com;75;20460556
Luis;Romero;Lavalle 5736;9 de Julio;Córdoba;luisromero@correo.com;35;42659055
Isabella;Herrera;Belgrano 7969;La Palta;Santa Fe;isabellaherrera@correo.com;48;35838508
Martina;Sosa;Pueyrredón 6134;Inmaculada Concepcion;Mendoza;martinasosa@correo.com;80;42519211
Ezequiel;González;Mitre 4791;San Miguel;Neuquén;ezequielgonzalez@correo.com;42;24708652
Diego;Vidal;Av. San Martín 3349;9 de Julio;Santa Fe;diegovidal@correo.com;29;29392502
Victoria;Castro;Belgrano 2710;La Palta;Córdoba;victoriacastro@correo.com;84;46349015
Paula;Vidal;Av. San Martín 3040;Gral. Pico;Mendoza;paulavidal@correo.com;69;35964611
Sara;López;Pueyrredón 8815;San Miguel;Córdoba;saralopez@correo.com;32;15271982
Gabriel;Ramírez;Alvear 1035;25 de Mayo;Entre Ríos;gabrielramirez@correo.com;62;45251333
Camila;Aguirre;Alvear 3397;La Palta;Neuquén;camilaaguirre@correo.com;53;19801853
Martina;Castro;Mitre 3610;Gral. Pico;Tucumán;martinacastro@correo.com;59;32564101
Diego;Silva;Urquiza 6907;Inmaculada Concepcion;Mendoza;diegosilva@correo.com;23;18938865
Tomas;Gómez;Av. San Martín 9575;La Palta;Tucumán;tomasgomez@correo.com;81;22931712
Diego;Gómez;Sarmiento 3284;Palermo;Chaco;diegogomez@correo.com;50;16473863
Javier;Fernández;Belgrano 709;25 de Mayo;Chaco;javierfernandez@correo.com;79;46334473
Daniela;Álvarez;Rivadavia 2731;9 de Julio;Misiones;danielaalvarez@correo.com;55;29617598
Victoria;Torres;Rivadavia 2964;San Martin;Córdoba;victoriatorres@correo.com;48;32086408
Ignacio;Ruiz;Av. de Mayo 8881;Palermo;Entre Ríos;ignacioruiz@correo.com;21;26238705
Victoria;Torres;Sarmiento 5704;La Palta;Misiones;victoriatorres@correo.com;54;21956317
Paula;González;Pueyrredón 7235;San Martin;Salta;paulagonzalez@correo.com;80;34547063
Gabriel;Sosa;Av. de Mayo 1885;San Miguel;Córdoba;gabrielsosa@correo.com;44;29149946
Victoria;González;Pueyrredón 3388;La Palta;Buenos Aires;victoriagonzalez@correo.com;19;30426103
Diego;Rojas;Rivadavia 1783;Rosario de la Cruz;Misiones;diegorojas@correo.com;69;33404769
Lucía;Castro;Rivadavia 3510;9 de Julio;Santa Fe;luciacastro@correo.com;77;26148060
Gabriel;Guzmán;Av. San Martín 7584;Rosario de la Cruz;Mendoza;gabrielguzman@correo.com;29;17240612
Gabriel;Acosta;Lavalle 8289;Gral. Pico;Chaco;gabrielacosta@correo.com;50;21028197
Isabella;Acosta;Sarmiento 5047;Rosario de la Cruz;Chaco;isabellaacosta@correo.com;63;11765181
Valeria;Sánchez;Urquiza 3998;25 de Mayo;Salta;valeriasanchez@correo.com;46;13688735
Lucía;Herrera;Alvear 5173;Inmaculada Concepcion;Misiones;luciaherrera@correo.com;21;31887354
Tomas;Peralta;Rivadavia 1900;Gral. Pico;Tucumán;tomasperalta@correo.com;68;36596224
Paula;Aguirre;Lavalle 7350;Inmaculada Concepcion;Entre Ríos;paulaaguirre@correo.com;55;26139862
Lucía;Sánchez;Belgrano 730;Gral. Pico;Entre Ríos;luciasanchez@correo.com;21;26683453
Santiago;Fernández;Pueyrredón 4771;Palermo;Santa Fe;santiagofernandez@correo.com;25;17758137
Paula;Torres;Av. San Martín 8686;San Miguel;Tucumán;paulatorres@correo.com;23;27679044
Lucas;Sánchez;Rivadavia 2675;San Miguel;Santa Fe;lucassanchez@correo.com;83;34237481
Sara;Ruiz;Rivadavia 4011;9 de Julio;Buenos Aires;sararuiz@correo.com;54;30120833
Gonzalo;Díaz;Av. de Mayo 859;Capitan Mendoza;Tucumán;gonzalodiaz@correo.com;45;32255102
Paula;López;Alvear 9339;Palermo;Córdoba;paulalopez@correo.com;62;26802667
María;Pérez;Rivadavia 6548;San Martin;Córdoba;mariaperez@correo.com;75;17122924
Tomas;Ruiz;Belgrano 250;San Martin;Entre Ríos;tomasruiz@correo.com;82;21938144
Luis;González;Sarmiento 7220;Rosario de la Cruz;Neuquén;luisgonzalez@correo.com;78;16644516
Elena;Vidal;Rivadavia 63;Rosario de la Cruz;Chaco;elenavidal@correo.com;54;46106539
Sofía;Molina;Lavalle 2699;Inmaculada Concepcion;Entre Ríos;sofiamolina@correo.com;35;22471817
Abril;Sánchez;Sarmiento 8962;Gral. Pico;Tucumán;abrilsanchez@correo.com;83;34423446
Camila;Sosa;Belgrano 6013;Capitan Mendoza;Entre Ríos;camilasosa@correo.com;56;30555985
Martina;Gómez;Urquiza 5531;San Martin;Salta;martinagomez@correo.com;34;18222436
Gabriel;González;Mitre 9833;La Palta;Mendoza;gabrielgonzalez@correo.com;35;15778239
Tomas;Flores;Belgrano 3818;Inmaculada Concepcion;Entre Ríos;tomasflores@correo.com;21;25334346
Ezequiel;Acosta;Pueyrredón 8228;Capitan Mendoza;Buenos Aires;ezequielacosta@correo.com;51;43307907
Lucía;Fernández;Av. de Mayo 9695;Rosario de la Cruz;Entre Ríos;luciafernandez@correo.com;59;12257643
Joaquín;Rojas;Av. San Martín 6010;Inmaculada Concepcion;Neuquén;joaquinrojas@correo.com;32;27529785
Lucas;Álvarez;Belgrano 3524;Gral. Pico;Entre Ríos;lucasalvarez@correo.com;68;45312757
Sara;Molina;Urquiza 7547;Rosario de la Cruz;Tucumán;saramolina@correo.com;19;32584726
Nicolás;Romero;Urquiza 1971;9 de Julio;Entre Ríos;nicolasromero@correo.com;33;46524465
Nicolás;López;Belgrano 7011;Gral. Pico;Chaco;nicolaslopez@correo.com;60;38841807
Tomas;González;Lavalle 4119;Gral. Pico;Mendoza;tomasgonzalez@correo.com;83;43327783
Mateo;Medina;Mitre 5788;San Miguel;Tucumán;mateomedina@correo.com;44;38000768
Martina;Rodríguez;Av. de Mayo 7371;La Palta;Santa Fe;martinarodriguez@correo.com;70;26725528
Diego;Gómez;Alvear 8017;San Miguel;Córdoba;diegogomez@correo.com;27;33961793
Elena;Romero;Av. de Mayo 5228;Gral. Pico;Chaco;elenaromero@correo.com;83;28798405
Diego;Castro;Lavalle 2692;9 de Julio;Neuquén;diegocastro@correo.com;63;41904330
Gabriel;Álvarez;Sarmiento 4566;Inmaculada Concepcion;Santa Fe;gabrielalvarez@correo.com;68;46907897
Sofía;Fernández;Rivadavia 833;San Miguel;Misiones;sofiafernandez@correo.com;84;45585535
Ana;Pérez;Mitre 5377;Gral. Pico;Entre Ríos;anaperez@correo.com;41;27328055
Carlos;Ruiz;Alvear 2924;Rosario de la Cruz;Neuquén;carlosruiz@correo.com;29;43737586
Abril;Romero;Pueyrredón 2345;9 de Julio;Buenos Aires;abrilromero@correo.com;25;13899590
Ignacio;Díaz;Av. de Mayo 4453;Rosario de la Cruz;Entre Ríos;ignaciodiaz@correo.com;69;47853832
Ezequiel;Ruiz;Av. San Martín 3594;Inmaculada Concepcion;Entre Ríos;ezequielruiz@correo.com;82;27444665
Valeria;Fernández;Lavalle 4724;Palermo;Misiones;valeriafernandez@correo.com;22;39848894
María;Pérez;Av. de Mayo 2337;La Palta;Salta;mariaperez@correo.com;71;33116904
Santiago;López;Pueyrredón 1892;Palermo;Mendoza;santiagolopez@correo.com;19;47307587
Natalia;Pérez;Mitre 2630;San Martin;Neuquén;nataliaperez@correo.com;80;21860930
Ezequiel;Guzmán;Mitre 3760;Gral. Pico;Neuquén;ezequielguzman@correo.com;74;18649230
Gonzalo;Acosta;Lavalle 1663;La Palta;Chaco;gonzaloacosta@correo.com;24;36688091
Joaquín;Aguirre;Rivadavia 7633;Inmaculada Concepcion;Salta;joaquinaguirre@correo.com;39;15343131
Sofía;Ramírez;Sarmiento 5909;San Miguel;Entre Ríos;sofiaramirez@correo.com;84;18976800
Gonzalo;Flores;Alvear 528;Gral. Pico;Tucumán;gonzaloflores@correo.com;83;21292057
Javier;Peralta;Urquiza 1806;La Palta;Tucumán;javierperalta@correo.com;49;29609444
Valeria;Rojas;Lavalle 1355;Inmaculada Concepcion;Entre Ríos;valeriarojas@correo.com;57;11858885
Gabriel;Molina;Pueyrredón 2865;Capitan Mendoza;Misiones;gabrielmolina@correo.com;22;28719373
Joaquín;Ramírez;Mitre 9344;Rosario de la Cruz;Chaco;joaquinramirez@correo.com;55;22758856
Daniela;Flores;Alvear 7798;La Palta;Neuquén;danielaflores@correo.com;22;21031100
Santiago;Aguirre;Belgrano 1764;Gral. Pico;Córdoba;santiagoaguirre@correo.com;54;21311141
Victoria;Ramírez;Av. San Martín 5355;Palermo;Tucumán;victoriaramirez@correo.com;19;39718176
Natalia;Benítez;Sarmiento 9242;9 de Julio;Mendoza;nataliabenitez@correo.com;59;21314288
Gonzalo;Medina;Alvear 5253;San Miguel;Santa Fe;gonzalomedina@correo.com;70;23525112
Tomas;Benítez;Rivadavia 3186;Palermo;Misiones;tomasbenitez@correo.com;60;44509666
Sara;Martínez;Belgrano 1578;Capitan Mendoza;Santa Fe;saramartinez@correo.com;58;14137924
Martina;Peralta;Urquiza 6705;9 de Julio;Mendoza;martinaperalta@correo.com;19;18723245
Sofía;Herrera;Alvear 8618;San Martin;Mendoza;sofiaherrera@correo.com;24;32101993
Joaquín;Pérez;Lavalle 1692;Rosario de la Cruz;Santa Fe;joaquinperez@correo.com;58;35351891
Gabriel;Fernández;Sarmiento 5302;Capitan Mendoza;Salta;gabrielfernandez@correo.com;51;23584429
Lucía;Sosa;Sarmiento 2960;Palermo;Buenos Aires;luciasosa@correo.com;29;19088681
Lucía;Romero;Alvear 8284;Palermo;Entre Ríos;luciaromero@correo.com;66;43804576
María;Álvarez;Belgrano 5826;Palermo;Córdoba;mariaalvarez@correo.com;69;25373506
Daniela;Acosta;Av. de Mayo 922;La Palta;Salta;danielaacosta@correo.com;69;22815300
Gonzalo;Ramírez;Alvear 7318;9 de Julio;Misiones;gonzaloramirez@correo.com;74;43502832
Gonzalo;Díaz;Av. de Mayo 5968;Palermo;Córdoba;gonzalodiaz@correo.com;75;43859826
Elena;Silva;Urquiza 1817;9 de Julio;Chaco;elenasilva@correo.com;51;21158695
María;Ramírez;Lavalle 626;Palermo;Salta;mariaramirez@correo.com;20;40889936
Gabriel;Díaz;Sarmiento 6009;Inmaculada Concepcion;Buenos Aires;gabrieldiaz@correo.com;47;30616501
Gonzalo;Ruiz;Av. San Martín 7097;25 de Mayo;Córdoba;gonzaloruiz@correo.com;42;20359857
Javier;Torres;Belgrano 1665;San Martin;Misiones;javiertorres@correo.com;63;46805275
Daniela;Álvarez;Belgrano 1583;La Palta;Neuquén;danielaalvarez@correo.com;82;36155435
Tomas;Romero;Rivadavia 5212;25 de Mayo;Mendoza;tomasromero@correo.com;52;21238979
Carlos;Molina;Sarmiento 4236;Rosario de la Cruz;Chaco;carlosmolina@correo.com;80;24710883
Carlos;Rodríguez;Av. de Mayo 4144;San Miguel;Misiones;carlosrodriguez@correo.com;36;33440237
Ana;Aguirre;Av. de Mayo 8395;San Martin;Misiones;anaaguirre@correo.com;20;40889374
Diego;González;Urquiza 1043;Rosario de la Cruz;Misiones;diegogonzalez@correo.com;32;20573590
María;Sánchez;Av. San Martín 1919;San Miguel;Mendoza;mariasanchez@correo.com;43;43512799
Ezequiel;Sánchez;Pueyrredón 6586;Inmaculada Concepcion;Misiones;ezequielsanchez@correo.com;83;18344401
Gonzalo;Ramírez;Lavalle 2986;Rosario de la Cruz;Salta;gonzaloramirez@correo.com;28;15183966
Sofía;Vidal;Pueyrredón 8188;Palermo;Buenos Aires;sofiavidal@correo.com;76;17270929
Javier;Pérez;Sarmiento 7819;Gral. Pico;Chaco;javierperez@correo.com;60;11829137
María;Díaz;Pueyrredón 6316;La Palta;Misiones;mariadiaz@correo.com;48;21575462
María;Vidal;Urquiza 8633;Inmaculada Concepcion;Chaco;mariavidal@correo.com;76;41503168
Ezequiel;Díaz;Sarmiento 1129;Gral. Pico;Mendoza;ezequieldiaz@correo.com;31;21175993
Victoria;Peralta;Rivadavia 4255;San Miguel;Córdoba;victoriaperalta@correo.com;21;42977588
Joaquín;Rodríguez;Rivadavia 2545;Inmaculada Concepcion;Córdoba;joaquinrodriguez@correo.com;32;30093048
Ana;Peralta;Rivadavia 1515;La Palta;Chaco;anaperalta@correo.com;75;14748193
Ana;Sánchez;Urquiza 7279;San Martin;Chaco;anasanchez@correo.com;60;14026344
Tomas;González;Pueyrredón 6295;Gral. Pico;Santa Fe;tomasgonzalez@correo.com;32;18763829
Gonzalo;Rodríguez;Av. de Mayo 1040;San Martin;Tucumán;gonzalorodriguez@correo.com;44;41502509
Javier;Benítez;Av. de Mayo 1713;Palermo;Tucumán;javierbenitez@correo.com;28;16832254
Carlos;Aguirre;Lavalle 7748;Capitan Mendoza;Córdoba;carlosaguirre@correo.com;72;41105552
Tomas;Romero;Av. San Martín 9871;San Martin;Chaco;tomasromero@correo.com;60;12528442
Tomas;Aguirre;Mitre 6160;Gral. Pico;Neuquén;tomasaguirre@correo.com;59;12988004
Paula;Aguirre;Alvear 8084;Rosario de la Cruz;Tucumán;paulaaguirre@correo.com;63;23805788
Nicolás;Herrera;Pueyrredón 1044;Palermo;Santa Fe;nicolasherrera@correo.com;57;37047980
Javier;López;Av. San Martín 8474;Inmaculada Concepcion;Entre Ríos;javierlopez@correo.com;20;11832619
Sofía;Benítez;Alvear 1344;San Martin;Neuquén;sofiabenitez@correo.com;82;44817082
Paula;Rojas;Lavalle 9;Inmaculada Concepcion;Neuquén;paularojas@correo.com;74;22576890
Ignacio;Álvarez;Mitre 6372;Inmaculada Concepcion;Entre Ríos;ignacioalvarez@correo.com;31;16888274
Paula;Flores;Mitre 142;Palermo;Tucumán;paulaflores@correo.com;47;26789488
María;Castro;Urquiza 3547;25 de Mayo;Córdoba;mariacastro@correo.com;48;24727559
Valeria;García;Urquiza 6158;Capitan Mendoza;Buenos Aires;valeriagarcia@correo.com;20;46564704
Mateo;Acosta;Urquiza 97;Gral. Pico;Tucumán;mateoacosta@correo.com;46;30374708
Lucía;Herrera;Sarmiento 7428;San Miguel;Misiones;luciaherrera@correo.com;82;19039473
Natalia;Sánchez;Rivadavia 798;San Miguel;Salta;nataliasanchez@correo.com;63;25994016
Lucas;Flores;Alvear 4154;Rosario de la Cruz;Misiones;lucasflores@correo.com;74;36745637
Gabriel;Díaz;Pueyrredón 115;San Miguel;Neuquén;gabrieldiaz@correo.com;24;24164998
Camila;González;Alvear 5303;Inmaculada Concepcion;Tucumán;camilagonzalez@correo.com;64;24523515
Lucía;Guzmán;Sarmiento 2341;Palermo;Tucumán;luciaguzman@correo.com;77;41501401
Luis;Giménez;Urquiza 5203;Inmaculada Concepcion;Salta;luisgimenez@correo.com;73;37568372
Santiago;Díaz;Alvear 5662;Gral. Pico;Chaco;santiagodiaz@correo.com;41;29651124
Diego;Pérez;Av. San Martín 8842;San Miguel;Tucumán;diegoperez@correo.com;48;11202528
Camila;Torres;Sarmiento 7448;Rosario de la Cruz;Entre Ríos;camilatorres@correo.com;28;44346846
Mateo;Medina;Belgrano 7264;La Palta;Tucumán;mateomedina@correo.com;74;43183625
Ana;Romero;Lavalle 2220;Palermo;Misiones;anaromero@correo.com;72;26504609
Joaquín;González;Mitre 2146;Inmaculada Concepcion;Salta;joaquingonzalez@correo.com;77;36233105
Gabriel;Peralta;Av. San Martín 9570;Palermo;Salta;gabrielperalta@correo.com;75;21180868
Santiago;Romero;Sarmiento 4896;San Martin;Mendoza;santiagoromero@correo.com;44;13995150
Diego;Vidal;Belgrano 5836;Inmaculada Concepcion;Misiones;diegovidal@correo.com;82;16484856
Javier;Álvarez;Mitre 3962;San Miguel;Tucumán;javieralvarez@correo.com;76;31926495
Martina;Benítez;Rivadavia 6080;San Martin;Misiones;martinabenitez@correo.com;41;30407110
Lucas;Rodríguez;Av. de Mayo 5183;Gral. Pico;Misiones;lucasrodriguez@correo.com;56;28964442
Javier;Díaz;Urquiza 60;La Palta;Chaco;javierdiaz@correo.com;82;34065233
Elena;Martínez;Mitre 7182;Inmaculada Concepcion;Chaco;elenamartinez@correo.com;34;18152020
Daniela;Fernández;Mitre 2250;Rosario de la Cruz;Neuquén;danielafernandez@correo.com;74;30179366
Gabriel;Herrera;Pueyrredón 4789;San Miguel;Entre Ríos;gabrielherrera@correo.com;32;44241387
Elena;Sosa;Belgrano 9486;Inmaculada Concepcion;Buenos Aires;elenasosa@correo.com;48;30504259
Ana;López;Belgrano 3866;San Martin;Santa Fe;analopez@correo.com;32;14619533
Nicolás;Benítez;Rivadavia 117;Capitan Mendoza;Chaco;nicolasbenitez@correo.com;20;31679363
Diego;Benítez;Av. de Mayo 629;La Palta;Córdoba;diegobenitez@correo.com;61;33578245
Sofía;Martínez;Sarmiento 6483;Capitan Mendoza;Chaco;sofiamartinez@correo.com;53;37271375
Agustín;Álvarez;Mitre 982;25 de Mayo;Entre Ríos;agustinalvarez@correo.com;53;46348378
Ignacio;Medina;Urquiza 8010;Palermo;Buenos Aires;ignaciomedina@correo.com;21;17478088
Ignacio;Martínez;Mitre 8985;25 de Mayo;Salta;ignaciomartinez@correo.com;83;22063440
Sara;Rodríguez;Av. San Martín 8712;25 de Mayo;Chaco;sararodriguez@correo.com;69;15529739
Lucía;Aguirre;Rivadavia 4620;Rosario de la Cruz;Santa Fe;luciaaguirre@correo.com;76;19822568
Camila;Giménez;Av. San Martín 3216;Gral. Pico;Salta;camilagimenez@correo.com;28;18579778
Victoria;Benítez;Mitre 8625;9 de Julio;Entre Ríos;victoriabenitez@correo.com;59;42465372
Javier;Sánchez;Mitre 4552;Gral. Pico;Salta;javiersanchez@correo.com;83;39885804
Isabella;Romero;Pueyrredón 2914;San Miguel;Mendoza;isabellaromero@correo.com;19;25076058
Luis;Medina;Urquiza 9191;San Miguel;Misiones;luismedina@correo.com;56;11469336
Javier;Álvarez;Rivadavia 4091;9 de Julio;Mendoza;javieralvarez@correo.com;56;28429224
Ana;Díaz;Belgrano 5581;Palermo;Neuquén;anadiaz@correo.com;82;35495283
Daniela;Peralta;Rivadavia 3633;San Martin;Neuquén;danielaperalta@correo.com;25;40769618
Luis;Sánchez;Pueyrredón 4190;Rosario de la Cruz;Neuquén;luissanchez@correo.com;64;38020422
Martina;Castro;Av. San Martín 4093;Palermo;Entre Ríos;martinacastro@correo.com;56;16830811
Isabella;Acosta;Sarmiento 902;25 de Mayo;Buenos Aires;isabellaacosta@correo.com;30;11349410
Camila;Martínez;Mitre 4173;La Palta;Misiones;camilamartinez@correo.com;44;25706693
Ezequiel;Flores;Mitre 7359;Rosario de la Cruz;Tucumán;ezequielflores@correo.com;48;23410122
Sofía;Medina;Av. de Mayo 1134;Gral. Pico;Buenos Aires;sofiamedina@correo.com;62;20146816
Luis;Ruiz;Belgrano 2868;Palermo;Buenos Aires;luisruiz@correo.com;30;43694755
Luis;Ramírez;Av. San Martín 6587;Gral. Pico;Misiones;luisramirez@correo.com;63;22722033
Natalia;Molina;Alvear 5302;25 de Mayo;Entre Ríos;nataliamolina@correo.com;42;12614053
Isabella;Medina;Urquiza 9264;Inmaculada Concepcion;Entre Ríos;isabellamedina@correo.com;33;35472914
Luis;Gómez;Urquiza 5317;Gral. Pico;Buenos Aires;luisgomez@correo.com;76;14322994
Elena;Rojas;Rivadavia 3392;Capitan Mendoza;Salta;elenarojas@correo.com;79;46971423
Valeria;Rodríguez;Av. de Mayo 6849;25 de Mayo;Misiones;valeriarodriguez@correo.com;29;33238915
Ignacio;Álvarez;Av. San Martín 6194;Capitan Mendoza;Misiones;ignacioalvarez@correo.com;81;45730126
Mateo;Álvarez;Belgrano 570;Palermo;Córdoba;mateoalvarez@correo.com;24;19542633
Nicolás;Romero;Belgrano 6930;Inmaculada Concepcion;Chaco;nicolasromero@correo.com;29;32945730
Nicolás;Medina;Rivadavia 4292;9 de Julio;Buenos Aires;nicolasmedina@correo.com;56;21520040
Gabriel;Peralta;Sarmiento 2719;Inmaculada Concepcion;Tucumán;gabrielperalta@correo.com;63;41837299
Tomas;Herrera;Urquiza 9757;Inmaculada Concepcion;Santa Fe;tomasherrera@correo.com;27;45058583
Ezequiel;Fernández;Urquiza 6220;Rosario de la Cruz;Chaco;ezequielfernandez@correo.com;30;40731499
Daniela;Peralta;Mitre 9972;Palermo;Misiones;danielaperalta@correo.com;18;41235171
Abril;Peralta;Lavalle 2642;Rosario de la Cruz;Tucumán;abrilperalta@correo.com;67;21096103
Isabella;Pérez;Pueyrredón 4337;Palermo;Salta;isabellaperez@correo.com;53;31614298
Diego;Molina;Av. San Martín 7904;9 de Julio;Mendoza;diegomolina@correo.com;68;11998939
Mateo;Vidal;Urquiza 485;San Miguel;Salta;mateovidal@correo.com;22;18925195
Carlos;Aguirre;Pueyrredón 3030;Palermo;Buenos Aires;carlosaguirre@correo.com;32;27029573
Santiago;López;Av. San Martín 9870;Capitan Mendoza;Córdoba;santiagolopez@correo.com;33;23290189
Ezequiel;Silva;Alvear 965;Inmaculada Concepcion;Misiones;ezequielsilva@correo.com;82;17200273
Ezequiel;Silva;Belgrano 7462;25 de Mayo;Mendoza;ezequielsilva@correo.com;32;46841929
Carlos;Giménez;Mitre 7849;Capitan Mendoza;Córdoba;carlosgimenez@correo.com;60;25770300
María;Acosta;Av. de Mayo 7320;Capitan Mendoza;Neuquén;mariaacosta@correo.com;84;37135967
Natalia;Silva;Urquiza 9472;9 de Julio;Mendoza;nataliasilva@correo.com;39;11433688
Elena;Acosta;Sarmiento 5598;La Palta;Neuquén;elenaacosta@correo.com;20;35535162
Lucía;Ruiz;Av. de Mayo 1681;25 de Mayo;Chaco;luciaruiz@correo.com;55;44380775
Javier;Romero;Pueyrredón 4002;Capitan Mendoza;Córdoba;javierromero@correo.com;37;44963910
Ezequiel;Molina;Belgrano 6046;9 de Julio;Chaco;ezequielmolina@correo.com;21;37322252
Nicolás;Pérez;Av. de Mayo 1226;9 de Julio;Chaco;nicolasperez@correo.com;53;33285339
Tomas;Peralta;Urquiza 9730;Rosario de la Cruz;Córdoba;tomasperalta@correo.com;55;23815002
Abril;Álvarez;Urquiza 9143;25 de Mayo;Entre Ríos;abrilalvarez@correo.com;46;30877677
Victoria;Pérez;Lavalle 1000;San Miguel;Chaco;victoriaperez@correo.com;72;12242741
Santiago;Castro;Alvear 5791;La Palta;Santa Fe;santiagocastro@correo.com;46;37791777
Martina;Álvarez;Av. San Martín 5806;Inmaculada Concepcion;Neuquén;martinaalvarez@correo.com;49;12135591
Martina;Martínez;Belgrano 7002;Rosario de la Cruz;Mendoza;martinamartinez@correo.com;77;13504556
Santiago;Flores;Pueyrredón 9180;San Miguel;Misiones;santiagoflores@correo.com;80;16328780
Carlos;Rodríguez;Belgrano 4569;Rosario de la Cruz;Buenos Aires;carlosrodriguez@correo.com;55;14729252
María;Vidal;Rivadavia 3997;Rosario de la Cruz;Entre Ríos;mariavidal@correo.com;18;18903868
Javier;García;Sarmiento 369;Palermo;Misiones;javiergarcia@correo.com;59;34672035
Tomas;Peralta;Mitre 5295;La Palta;Córdoba;tomasperalta@correo.com;29;15144991
Gabriel;Rodríguez;Rivadavia 9277;Gral. Pico;Santa Fe;gabrielrodriguez@correo.com;26;44030271
Sara;Molina;Lavalle 4747;San Miguel;Misiones;saramolina@correo.com;64;20459943
Camila;Giménez;Pueyrredón 5099;9 de Julio;Salta;camilagimenez@correo.com;46;11308484
Agustín;Medina;Sarmiento 8729;Capitan Mendoza;Entre Ríos;agustinmedina@correo.com;77;40374296
Mateo;Martínez;Lavalle 4573;San Miguel;Buenos Aires;mateomartinez@correo.com;76;23669626
Lucas;Torres;Urquiza 8849;Rosario de la Cruz;Chaco;lucastorres@correo.com;84;42120141
Camila;Peralta;Urquiza 8341;25 de Mayo;Neuquén;camilaperalta@correo.com;79;29090636
Joaquín;Silva;Sarmiento 438;Palermo;Salta;joaquinsilva@correo.com;47;36290622
Tomas;Sánchez;Urquiza 8795;Gral. Pico;Chaco;tomassanchez@correo.com;28;36873145
Joaquín;García;Sarmiento 7070;25 de Mayo;Entre Ríos;joaquingarcia@correo.com;75;47529049
Luis;Silva;Urquiza 1870;9 de Julio;Córdoba;luissilva@correo.com;63;14299616
Camila;Sosa;Lavalle 7599;9 de Julio;Entre Ríos;camilasosa@correo.com;70;47179630
Ignacio;Flores;Lavalle 880;Inmaculada Concepcion;Entre Ríos;ignacioflores@correo.com;35;41350706
Isabella;Molina;Sarmiento 4407;Palermo;Entre Ríos;isabellamolina@correo.com;64;31993988
Diego;Peralta;Lavalle 1273;25 de Mayo;Buenos Aires;diegoperalta@correo.com;55;34215192
Lucas;Castro;Av. San Martín 4322;Gral. Pico;Salta;lucascastro@correo.com;22;12996373
Natalia;Díaz;Pueyrredón 1491;Rosario de la Cruz;Tucumán;nataliadiaz@correo.com;20;19660017
Santiago;Díaz;Av. San Martín 3865;25 de Mayo;Santa Fe;santiagodiaz@correo.com;57;34001181
Nicolás;González;Sarmiento 8285;San Martin;Neuquén;nicolasgonzalez@correo.com;59;37254334
Tomas;González;Rivadavia 9885;Rosario de la Cruz;Mendoza;tomasgonzalez@correo.com;24;32996924
Camila;Giménez;Av. San Martín 3869;Inmaculada Concepcion;Neuquén;camilagimenez@correo.com;39;32375395
Joaquín;Rodríguez;Sarmiento 4188;San Martin;Entre Ríos;joaquinrodriguez@correo.com;49;19740008
María;García;Av. de Mayo 2820;25 de Mayo;Entre Ríos;mariagarcia@correo.com;30;31162541
Ana;Martínez;Av. de Mayo 966;Gral. Pico;Córdoba;anamartinez@correo.com;37;23662729
Lucía;Aguirre;Lavalle 784;Inmaculada Concepcion;Córdoba;luciaaguirre@correo.com;64;34623136
Gabriel;Rodríguez;Mitre 1354;San Miguel;Buenos Aires;gabrielrodriguez@correo.com;71;34232310
Nicolás;Ruiz;Av. San Martín 8085;La Palta;Buenos Aires;nicolasruiz@correo.com;65;40790561
Sofía;Rodríguez;Av. San Martín 3312;25 de Mayo;Santa Fe;sofiarodriguez@correo.com;38;32843750
Valeria;Rojas;Urquiza 6713;Palermo;Santa Fe;valeriarojas@correo.com;77;35883835
Lucía;Gómez;Alvear 39;Rosario de la Cruz;Santa Fe;luciagomez@correo.com;83;25785068
Ignacio;Gómez;Pueyrredón 2055;Rosario de la Cruz;Santa Fe;ignaciogomez@correo.com;77;28467969
Martina;Herrera;Mitre 7405;Inmaculada Concepcion;Mendoza;martinaherrera@correo.com;21;20523689
Abril;Herrera;Alvear 9650;San Martin;Entre Ríos;abrilherrera@correo.com;50;11787589
Paula;Castro;Rivadavia 3220;25 de Mayo;Salta;paulacastro@correo.com;41;36285779
Javier;Vidal;Rivadavia 3052;San Miguel;Chaco;javiervidal@correo.com;43;18086900
Abril;Fernández;Rivadavia 8204;Rosario de la Cruz;Salta;abrilfernandez@correo.com;53;36093445
Javier;Ramírez;Belgrano 6602;San Martin;Entre Ríos;javierramirez@correo.com;28;42185374
Sofía;González;Belgrano 3596;Inmaculada Concepcion;Chaco;sofiagonzalez@correo.com;30;20723272
Joaquín;Peralta;Sarmiento 9161;Inmaculada Concepcion;Mendoza;joaquinperalta@correo.com;59;46984919
Sara;López;Mitre 1558;La Palta;Misiones;saralopez@correo.com;42;20101566
Lucía;Rojas;Rivadavia 1989;Gral. Pico;Chaco;luciarojas@correo.com;24;11264727
Javier;Pérez;Pueyrredón 5624;9 de Julio;Tucumán;javierperez@correo.com;45;47076544
Lucas;Acosta;Pueyrredón 1131;Rosario de la Cruz;Tucumán;lucasacosta@correo.com;29;35259312
Abril;Pérez;Urquiza 6108;Gral. Pico;Santa Fe;abrilperez@correo.com;56;26749913
Valeria;Aguirre;Belgrano 4822;San Miguel;Misiones;valeriaaguirre@correo.com;53;22104930
Victoria;Gómez;Mitre 2052;Capitan Mendoza;Neuquén;victoriagomez@correo.com;41;37836958
Martina;Fernández;Rivadavia 4728;Rosario de la Cruz;Salta;martinafernandez@correo.com;40;22724045
Gabriel;Aguirre;Sarmiento 4002;La Palta;Buenos Aires;gabrielaguirre@correo.com;50;40990764
Joaquín;Martínez;Av. de Mayo 8297;25 de Mayo;Buenos Aires;joaquinmartinez@correo.com;72;37067067
Sofía;Pérez;Alvear 3071;La Palta;Mendoza;sofiaperez@correo.com;37;41101862
Ana;Rojas;Alvear 8869;San Martin;Entre Ríos;anarojas@correo.com;28;25968432
Sara;Vidal;Alvear 1498;9 de Julio;Salta;saravidal@correo.com;49;12144052
Gabriel;Martínez;Av. de Mayo 8650;San Martin;Misiones;gabrielmartinez@correo.com;75;40195777
Daniela;Guzmán;Lavalle 327;9 de Julio;Tucumán;danielaguzman@correo.com;43;41110630
Santiago;Fernández;Lavalle 3572;Rosario de la Cruz;Misiones;santiagofernandez@correo.com;24;41505863
Camila;Martínez;Sarmiento 2182;Gral. Pico;Entre Ríos;camilamartinez@correo.com;71;20846775
Javier;Guzmán;Belgrano 352;Capitan Mendoza;Neuquén;javierguzman@correo.com;75;35571686
Natalia;Medina;Sarmiento 8259;Palermo;Neuquén;nataliamedina@correo.com;30;14739303
Javier;Peralta;Av. San Martín 4530;Gral. Pico;Salta;javierperalta@correo.com;52;22090396
Lucía;Ruiz;Av. de Mayo 5632;25 de Mayo;Córdoba;luciaruiz@correo.com;53;33470391
Ezequiel;Herrera;Belgrano 216;9 de Julio;Entre Ríos;ezequielherrera@correo.com;80;39426377
Javier;Medina;Pueyrredón 5474;Capitan Mendoza;Santa Fe;javiermedina@correo.com;66;47357667
Victoria;Romero;Lavalle 4940;La Palta;Buenos Aires;victoriaromero@correo.com;25;16863494
Lucía;Martínez;Urquiza 3549;San Miguel;Córdoba;luciamartinez@correo.com;55;31170886
Lucas;Herrera;Belgrano 8626;Palermo;Mendoza;lucasherrera@correo.com;35;28942076
Paula;Silva;Mitre 2655;25 de Mayo;Salta;paulasilva@correo.com;56;12541668
Martina;Giménez;Lavalle 9556;Capitan Mendoza;Buenos Aires;martinagimenez@correo.com;83;43292544
Gonzalo;Sosa;Urquiza 7720;Inmaculada Concepcion;Misiones;gonzalososa@correo.com;49;36684503
Natalia;Ramírez;Av. de Mayo 2817;San Miguel;Santa Fe;nataliaramirez@correo.com;69;32074797
Abril;García;Pueyrredón 1370;Gral. Pico;Entre Ríos;abrilgarcia@correo.com;19;17073797
Isabella;Torres;Lavalle 1037;25 de Mayo;Salta;isabellatorres@correo.com;51;23338016
Valeria;Martínez;Av. San Martín 5371;Capitan Mendoza;Chaco;valeriamartinez@correo.com;65;37520602
Martina;Giménez;Lavalle 3308;San Miguel;Misiones;martinagimenez@correo.com;59;41223862
Ana;Martínez;Belgrano 2314;Inmaculada Concepcion;Córdoba;anamartinez@correo.com;60;16342019
María;Martínez;Pueyrredón 2372;9 de Julio;Entre Ríos;mariamartinez@correo.com;81;47754235
Abril;Aguirre;Urquiza 3244;Gral. Pico;Neuquén;abrilaguirre@correo.com;24;36895472
Santiago;Silva;Alvear 9557;9 de Julio;Misiones;santiagosilva@correo.com;58;38956916
Sofía;Molina;Belgrano 9681;25 de Mayo;Tucumán;sofiamolina@correo.com;27;23540533
Carlos;Silva;Mitre 9390;Inmaculada Concepcion;Córdoba;carlossilva@correo.com;38;29604039
Abril;Ramírez;Av. de Mayo 8716;San Martin;Chaco;abrilramirez@correo.com;28;43355065
Diego;López;Mitre 7837;Palermo;Santa Fe;diegolopez@correo.com;44;21082599
Joaquín;Castro;Av. de Mayo 2261;Gral. Pico;Buenos Aires;joaquincastro@correo.com;46;38794772
Martina;Romero;Av. San Martín 3703;Rosario de la Cruz;Mendoza;martinaromero@correo.com;77;37403294
Javier;Ramírez;Rivadavia 2776;La Palta;Neuquén;javierramirez@correo.com;59;37781806
Ignacio;Ruiz;Av. San Martín 3552;La Palta;Neuquén;ignacioruiz@correo.com;31;36824961
Ignacio;Peralta;Alvear 9231;Palermo;Mendoza;ignacioperalta@correo.com;59;19145471
Mateo;Ramírez;Rivadavia 7248;Gral. Pico;Entre Ríos;mateoramirez@correo.com;77;20860182
Mateo;Ruiz;Mitre 8002;La Palta;Córdoba;mateoruiz@correo.com;18;18252309
Ezequiel;Álvarez;Sarmiento 9699;9 de Julio;Córdoba;ezequielalvarez@correo.com;28;36301850
Martina;Vidal;Lavalle 4518;Rosario de la Cruz;Salta;martinavidal@correo.com;48;20146698
Lucía;Peralta;Lavalle 7873;La Palta;Salta;luciaperalta@correo.com;26;20326277
Martina;Romero;Sarmiento 3;La Palta;Córdoba;martinaromero@correo.com;42;34581010
Elena;Ruiz;Lavalle 5416;San Martin;Salta;elenaruiz@correo.com;29;33381835
Valeria;Martínez;Urquiza 2006;Inmaculada Concepcion;Tucumán;valeriamartinez@correo.com;66;39146378
Agustín;García;Lavalle 6221;Inmaculada Concepcion;Salta;agustingarcia@correo.com;78;30441750
Paula;Romero;Belgrano 2989;Gral. Pico;Mendoza;paularomero@correo.com;76;22973588
Javier;Pérez;Pueyrredón 8629;Capitan Mendoza;Santa Fe;javierperez@correo.com;70;43121993
Natalia;Medina;Av. de Mayo 2183;Rosario de la Cruz;Tucumán;nataliamedina@correo.com;57;23714584
Ignacio;Álvarez;Lavalle 2135;Gral. Pico;Mendoza;ignacioalvarez@correo.com;73;24158008
Sara;García;Av. San Martín 8016;Capitan Mendoza;Neuquén;saragarcia@correo.com;23;47609216
Victoria;Vidal;Belgrano 6866;Rosario de la Cruz;Neuquén;victoriavidal@correo.com;31;42712900
Ana;Molina;Rivadavia 2558;Rosario de la Cruz;Misiones;anamolina@correo.com;60;26403357
Paula;López;Rivadavia 1938;9 de Julio;Misiones;paulalopez@correo.com;72;18127695
Gonzalo;Rodríguez;Rivadavia 9027;San Martin;Mendoza;gonzalorodriguez@correo.com;22;15361244
Luis;Giménez;Mitre 9211;Capitan Mendoza;Santa Fe;luisgimenez@correo.com;43;33276022
Gonzalo;González;Alvear 4259;25 de Mayo;Santa Fe;gonzalogonzalez@correo.com;29;26573338
Ignacio;Flores;Pueyrredón 6641;9 de Julio;Neuquén;ignacioflores@correo.com;36;27781246
Natalia;Rojas;Urquiza 895;San Martin;Salta;nataliarojas@correo.com;48;40879585
Javier;Álvarez;Av. San Martín 2007;Rosario de la Cruz;Tucumán;javieralvarez@correo.com;32;19843949
Mateo;Álvarez;Sarmiento 822;Inmaculada Concepcion;Buenos Aires;mateoalvarez@correo.com;33;37861262
Sara;González;Sarmiento 4345;La Palta;Buenos Aires;saragonzalez@correo.com;34;20407745
Victoria;Herrera;Rivadavia 6656;Palermo;Chaco;victoriaherrera@correo.com;83;24016244
Agustín;Torres;Alvear 4529;San Martin;Misiones;agustintorres@correo.com;27;31963838
Abril;González;Av. San Martín 911;Inmaculada Concepcion;Mendoza;abrilgonzalez@correo.com;80;25698477
Natalia;Álvarez;Rivadavia 3888;9 de Julio;Mendoza;nataliaalvarez@correo.com;64;44700220
Santiago;Flores;Lavalle 1459;25 de Mayo;Santa Fe;santiagoflores@correo.com;21;43596486
Lucía;Gómez;Mitre 8501;Rosario de la Cruz;Córdoba;luciagomez@correo.com;44;38970104
Victoria;Sánchez;Rivadavia 1788;Palermo;Entre Ríos;victoriasanchez@correo.com;78;34320593
Martina;Herrera;Alvear 6746;9 de Julio;Buenos Aires;martinaherrera@correo.com;28;13389944
Joaquín;Torres;Sarmiento 1350;Inmaculada Concepcion;Misiones;joaquintorres@correo.com;27;17542654
Lucía;Castro;Pueyrredón 6410;Gral. Pico;Chaco;luciacastro@correo.com;41;34049049
Daniela;Vidal;Sarmiento 2473;San Miguel;Tucumán;danielavidal@correo.com;42;44469157
Paula;Fernández;Sarmiento 1770;La Palta;Chaco;paulafernandez@correo.com;46;34217647
Diego;Gómez;Av. San Martín 3293;Capitan Mendoza;Salta;diegogomez@correo.com;70;15350063
Gonzalo;Medina;Mitre 9079;Palermo;Salta;gonzalomedina@correo.com;47;17495491
Santiago;Rodríguez;Av. de Mayo 519;San Martin;Santa Fe;santiagorodriguez@correo.com;36;43762826
Tomas;González;Av. San Martín 9762;Gral. Pico;Buenos Aires;tomasgonzalez@correo.com;76;40255937
Joaquín;Aguirre;Urquiza 5772;Rosario de la Cruz;Misiones;joaquinaguirre@correo.com;54;43811324
Daniela;Fernández;Mitre 6562;Capitan Mendoza;Buenos Aires;danielafernandez@correo.com;84;34670653
Tomas;Flores;Av. de Mayo 3885;Rosario de la Cruz;Tucumán;tomasflores@correo.com;82;31633851
Victoria;Martínez;Sarmiento 1791;Rosario de la Cruz;Tucumán;victoriamartinez@correo.com;63;45306766
Nicolás;Ramírez;Sarmiento 9465;Gral. Pico;Mendoza;nicolasramirez@correo.com;60;21946609
Abril;Peralta;Sarmiento 161;San Martin;Córdoba;abrilperalta@correo.com;52;24938086
Mateo;Guzmán;Lavalle 1211;9 de Julio;Chaco;mateoguzman@correo.com;73;32667486
Tomas;Sánchez;Lavalle 1320;Rosario de la Cruz;Salta;tomassanchez@correo.com;54;13831396
Lucas;Vidal;Alvear 1575;San Miguel;Tucumán;lucasvidal@correo.com;26;28705347
Luis;López;Belgrano 8977;25 de Mayo;Misiones;luislopez@correo.com;63;38983651
Agustín;Molina;Pueyrredón 1398;Palermo;Entre Ríos;agustinmolina@correo.com;51;38419881
Sara;Aguirre;Av. de Mayo 2632;La Palta;Chaco;saraaguirre@correo.com;41;12981421
Isabella;Torres;Alvear 6505;San Miguel;Mendoza;isabellatorres@correo.com;67;39305430
Daniela;Guzmán;Alvear 7307;Rosario de la Cruz;Córdoba;danielaguzman@correo.com;28;21287170
Daniela;Fernández;Alvear 1807;Palermo;Tucumán;danielafernandez@correo.com;48;40223625
Luis;Molina;Urquiza 4405;Gral. Pico;Mendoza;luismolina@correo.com;51;37632339
Javier;Flores;Pueyrredón 3696;Inmaculada Concepcion;Neuquén;javierflores@correo.com;69;43304691
Ezequiel;Vidal;Alvear 1721;Inmaculada Concepcion;Mendoza;ezequielvidal@correo.com;83;26696063
Elena;Aguirre;Sarmiento 8503;Inmaculada Concepcion;Buenos Aires;elenaaguirre@correo.com;49;38142020
Ignacio;Gómez;Mitre 2329;San Miguel;Chaco;ignaciogomez@correo.com;58;47449332
Gonzalo;Sánchez;Belgrano 8381;Gral. Pico;Tucumán;gonzalosanchez@correo.com;59;33638313
Valeria;Giménez;Lavalle 1910;Rosario de la Cruz;Salta;valeriagimenez@correo.com;51;16488292
Camila;Pérez;Sarmiento 2688;San Martin;Entre Ríos;camilaperez@correo.com;19;25094675
Carlos;Ramírez;Av. San Martín 6124;25 de Mayo;Chaco;carlosramirez@correo.com;66;17281465
María;Álvarez;Mitre 4702;25 de Mayo;Salta;mariaalvarez@correo.com;74;46125214
Gonzalo;Medina;Urquiza 484;San Miguel;Entre Ríos;gonzalomedina@correo.com;36;22865753
Diego;Vidal;Belgrano 5188;San Martin;Santa Fe;diegovidal@correo.com;68;13397218
Isabella;Ruiz;Belgrano 8893;25 de Mayo;Neuquén;isabellaruiz@correo.com;41;43902548
Tomas;Guzmán;Pueyrredón 1969;Gral. Pico;Neuquén;tomasguzman@correo.com;61;46125015
Carlos;Acosta;Mitre 5103;Palermo;Santa Fe;carlosacosta@correo.com;84;21297227
Tomas;Benítez;Mitre 9666;La Palta;Tucumán;tomasbenitez@correo.com;60;46170650
Valeria;Pérez;Sarmiento 5270;La Palta;Entre Ríos;valeriaperez@correo.com;50;35481669
Carlos;Rodríguez;Urquiza 7559;Palermo;Córdoba;carlosrodriguez@correo.com;65;43621258
Isabella;Medina;Rivadavia 5639;Rosario de la Cruz;Chaco;isabellamedina@correo.com;43;27101161
Camila;Flores;Urquiza 6763;9 de Julio;Entre Ríos;camilaflores@correo.com;62;19052492
Javier;Rodríguez;Pueyrredón 6107;Rosario de la Cruz;Buenos Aires;javierrodriguez@correo.com;54;34025261
Joaquín;Díaz;Av. San Martín 5157;Rosario de la Cruz;Salta;joaquindiaz@correo.com;47;18951896
Carlos;Benítez;Urquiza 8474;San Martin;Tucumán;carlosbenitez@correo.com;57;41112196
Lucas;Rojas;Mitre 3695;Rosario de la Cruz;Salta;lucasrojas@correo.com;52;27415857
Javier;Molina;Urquiza 326;La Palta;Tucumán;javiermolina@correo.com;24;30116986
Javier;Molina;Rivadavia 7114;San Miguel;Córdoba;javiermolina@correo.com;24;22326870
Valeria;Ramírez;Lavalle 9070;Gral. Pico;Chaco;valeriaramirez@correo.com;25;33937248
Camila;López;Lavalle 3547;San Martin;Entre Ríos;camilalopez@correo.com;65;24842878
Daniela;López;Belgrano 9919;Rosario de la Cruz;Mendoza;danielalopez@correo.com;59;44777842
Mateo;Aguirre;Av. de Mayo 2305;San Martin;Santa Fe;mateoaguirre@correo.com;68;13749362
Tomas;Ruiz;Av. San Martín 9228;San Miguel;Córdoba;tomasruiz@correo.com;58;41423341
María;Rojas;Alvear 7237;9 de Julio;Neuquén;mariarojas@correo.com;59;45664353
Victoria;Martínez;Mitre 9404;Rosario de la Cruz;Neuquén;victoriamartinez@correo.com;60;32805984
Sara;Rojas;Mitre 2831;Gral. Pico;Córdoba;sararojas@correo.com;72;41808961
Nicolás;Rojas;Rivadavia 5039;San Miguel;Chaco;nicolasrojas@correo.com;64;15560447
Javier;Torres;Urquiza 9778;Inmaculada Concepcion;Chaco;javiertorres@correo.com;68;27673948
Lucía;Medina;Av. San Martín 5564;Capitan Mendoza;Mendoza;luciamedina@correo.com;37;42234095
Mateo;Herrera;Pueyrredón 9048;San Martin;Salta;mateoherrera@correo.com;60;20131444
Elena;Álvarez;Belgrano 8926;Capitan Mendoza;Salta;elenaalvarez@correo.com;29;47994271
Martina;Martínez;Alvear 1464;9 de Julio;Entre Ríos;martinamartinez@correo.com;47;36295746
Camila;Sánchez;Rivadavia 845;Capitan Mendoza;Buenos Aires;camilasanchez@correo.com;63;15171617
Luis;Rojas;Rivadavia 66;25 de Mayo;Buenos Aires;luisrojas@correo.com;71;33808823
Elena;García;Av. de Mayo 3668;La Palta;Chaco;elenagarcia@correo.com;62;35987068
Ezequiel;Torres;Mitre 9509;Capitan Mendoza;Córdoba;ezequieltorres@correo.com;73;26855891
Santiago;Medina;Urquiza 5469;Palermo;Santa Fe;santiagomedina@correo.com;18;23988940
Elena;Herrera;Mitre 2034;La Palta;Córdoba;elenaherrera@correo.com;61;35764880
Tomas;Ruiz;Av. San Martín 8314;9 de Julio;Buenos Aires;tomasruiz@correo.com;49;17442120
Javier;González;Lavalle 2837;9 de Julio;Chaco;javiergonzalez@correo.com;25;15824797
Tomas;Herrera;Av. de Mayo 8440;Gral. Pico;Mendoza;tomasherrera@correo.com;38;38220080
Mateo;Vidal;Av. de Mayo 6130;Inmaculada Concepcion;Mendoza;mateovidal@correo.com;42;14225252
Sara;Fernández;Lavalle 7236;Capitan Mendoza;Tucumán;sarafernandez@correo.com;40;11014809
Mateo;Ramírez;Av. de Mayo 8661;Gral. Pico;Buenos Aires;mateoramirez@correo.com;34;40224368
Elena;Herrera;Alvear 5910;Capitan Mendoza;Salta;elenaherrera@correo.com;51;15857132
Gonzalo;López;Sarmiento 8962;San Miguel;Mendoza;gonzalolopez@correo.com;53;24802537
Valeria;Giménez;Pueyrredón 4005;Gral. Pico;Mendoza;valeriagimenez@correo.com;60;14073064
Victoria;Torres;Sarmiento 8068;Inmaculada Concepcion;Entre Ríos;victoriatorres@correo.com;33;17207262
Tomas;Silva;Belgrano 1583;25 de Mayo;Buenos Aires;tomassilva@correo.com;63;46394842
Daniela;Flores;Urquiza 6125;Palermo;Entre Ríos;danielaflores@correo.com;55;29075356
Valeria;Benítez;Av. de Mayo 605;Palermo;Buenos Aires;valeriabenitez@correo.com;67;17621509
Ignacio;Castro;Rivadavia 5718;Inmaculada Concepcion;Tucumán;ignaciocastro@correo.com;36;40968223
Abril;Fernández;Av. San Martín 6605;Gral. Pico;Entre Ríos;abrilfernandez@correo.com;52;28834127
Lucas;Díaz;Rivadavia 8062;San Martin;Santa Fe;lucasdiaz@correo.com;75;23778605
Gabriel;Aguirre;Av. de Mayo 5735;Rosario de la Cruz;Santa Fe;gabrielaguirre@correo.com;30;41106804
Abril;Giménez;Sarmiento 1613;San Martin;Buenos Aires;abrilgimenez@correo.com;23;18945557
Santiago;Rodríguez;Pueyrredón 1636;San Martin;Neuquén;santiagorodriguez@correo.com;55;11399632
Lucas;Vidal;Sarmiento 177;La Palta;Tucumán;lucasvidal@correo.com;50;39599444
Camila;Vidal;Belgrano 1864;Gral. Pico;Santa Fe;camilavidal@correo.com;22;46242149
Sara;Castro;Rivadavia 3317;San Martin;Buenos Aires;saracastro@correo.com;44;45132439
Ezequiel;Vidal;Av. de Mayo 7503;Rosario de la Cruz;Neuquén;ezequielvidal@correo.com;67;22774305
Ignacio;Rojas;Alvear 8228;9 de Julio;Santa Fe;ignaciorojas@correo.com;35;47968155
Tomas;Vidal;Av. de Mayo 7706;Palermo;Buenos Aires;tomasvidal@correo.com;18;24852700
Paula;Flores;Av. San Martín 7581;9 de Julio;Neuquén;paulaflores@correo.com;43;20392287
Diego;Ruiz;Belgrano 6706;La Palta;Tucumán;diegoruiz@correo.com;74;33214108
Valeria;Medina;Belgrano 4240;Rosario de la Cruz;Tucumán;valeriamedina@correo.com;36;25990864
Paula;Rojas;Pueyrredón 3705;San Miguel;Tucumán;paularojas@correo.com;73;34090064
Mateo;Rojas;Belgrano 7467;Gral. Pico;Neuquén;mateorojas@correo.com;73;35356821
Tomas;Ramírez;Av. San Martín 4649;25 de Mayo;Entre Ríos;tomasramirez@correo.com;21;15764796
María;Pérez;Belgrano 8993;9 de Julio;Neuquén;mariaperez@correo.com;28;40199294
Ana;Álvarez;Pueyrredón 1088;25 de Mayo;Tucumán;anaalvarez@correo.com;64;26531341
Luis;Pérez;Pueyrredón 8743;San Martin;Chaco;luisperez@correo.com;61;22170570
Abril;Vidal;Sarmiento 6424;San Martin;Tucumán;abrilvidal@correo.com;30;47543894
Joaquín;Molina;Lavalle 9154;25 de Mayo;Salta;joaquinmolina@correo.com;66;11314049
Luis;Ruiz;Belgrano 1237;Rosario de la Cruz;Mendoza;luisruiz@correo.com;51;47701543
Joaquín;Gómez;Av. San Martín 9646;San Miguel;Tucumán;joaquingomez@correo.com;20;15000091
Camila;Castro;Av. San Martín 769;Rosario de la Cruz;Córdoba;camilacastro@correo.com;27;13426456
Agustín;Romero;Rivadavia 7575;Rosario de la Cruz;Córdoba;agustinromero@correo.com;20;23842193
Lucía;Gómez;Rivadavia 4607;Gral. Pico;Mendoza;luciagomez@correo.com;23;33924310
Natalia;Guzmán;Alvear 7655;San Miguel;Córdoba;nataliaguzman@correo.com;76;27033294
Joaquín;Benítez;Alvear 9163;Palermo;Entre Ríos;joaquinbenitez@correo.com;78;18203790
Diego;Ramírez;Belgrano 3604;San Martin;Misiones;diegoramirez@correo.com;46;34791805
Ana;Sosa;Av. de Mayo 3362;Gral. Pico;Entre Ríos;anasosa@correo.com;83;47711667
Martina;Castro;Lavalle 2934;San Miguel;Córdoba;martinacastro@correo.com;71;32182133
Santiago;Díaz;Av. de Mayo 2302;Gral. Pico;Entre Ríos;santiagodiaz@correo.com;78;44078548
Diego;López;Av. San Martín 7754;Palermo;Chaco;diegolopez@correo.com;59;30360044
Daniela;Rojas;Lavalle 1395;Inmaculada Concepcion;Chaco;danielarojas@correo.com;64;15906648
Lucía;Benítez;Sarmiento 6812;Capitan Mendoza;Mendoza;luciabenitez@correo.com;55;25855947
Lucía;Aguirre;Mitre 7274;Gral. Pico;Chaco;luciaaguirre@correo.com;40;23694440
Nicolás;Martínez;Mitre 9885;La Palta;Córdoba;nicolasmartinez@correo.com;26;13276669
Santiago;Vidal;Av. de Mayo 6121;San Miguel;Santa Fe;santiagovidal@correo.com;44;33880593
Nicolás;Silva;Av. de Mayo 5465;La Palta;Misiones;nicolassilva@correo.com;73;18278566
Lucas;Aguirre;Rivadavia 1330;San Miguel;Misiones;lucasaguirre@correo.com;50;45225559
Mateo;Sosa;Rivadavia 2651;Inmaculada Concepcion;Neuquén;mateososa@correo.com;18;23229838
Victoria;Torres;Lavalle 590;Gral. Pico;Santa Fe;victoriatorres@correo.com;28;42623609
Valeria;Silva;Rivadavia 2538;Gral. Pico;Chaco;valeriasilva@correo.com;61;47994768
Abril;Flores;Belgrano 3238;La Palta;Córdoba;abrilflores@correo.com;83;40959635
Camila;García;Sarmiento 3577;25 de Mayo;Chaco;camilagarcia@correo.com;37;27522407
Elena;Díaz;Sarmiento 7323;San Martin;Misiones;elenadiaz@correo.com;22;17804487
Abril;Díaz;Av. San Martín 8699;Capitan Mendoza;Neuquén;abrildiaz@correo.com;70;44233923
Ezequiel;Benítez;Av. de Mayo 247;25 de Mayo;Entre Ríos;ezequielbenitez@correo.com;69;26990774
Elena;Pérez;Av. San Martín 3840;Capitan Mendoza;Mendoza;elenaperez@correo.com;32;18401763
Paula;Ramírez;Av. San Martín 2514;Palermo;Córdoba;paularamirez@correo.com;77;24669073
Isabella;Vidal;Rivadavia 5009;Palermo;Salta;isabellavidal@correo.com;49;20113673
Victoria;Álvarez;Lavalle 8982;Rosario de la Cruz;Misiones;victoriaalvarez@correo.com;26;25272414
María;Flores;Alvear 4292;9 de Julio;Salta;mariaflores@correo.com;64;25569618
Luis;López;Pueyrredón 583;Capitan Mendoza;Chaco;luislopez@correo.com;79;39010225
Agustín;Ramírez;Lavalle 8510;Inmaculada Concepcion;Córdoba;agustinramirez@correo.com;23;46231810
Sara;Martínez;Sarmiento 7597;9 de Julio;Misiones;saramartinez@correo.com;34;41709114
María;González;Sarmiento 2126;Capitan Mendoza;Misiones;mariagonzalez@correo.com;35;41676590
Isabella;Romero;Av. San Martín 1952;25 de Mayo;Chaco;isabellaromero@correo.com;44;35761339
Carlos;Molina;Av. San Martín 7377;Capitan Mendoza;Neuquén;carlosmolina@correo.com;45;12561243
Valeria;Acosta;Av. San Martín 2342;Gral. Pico;Entre Ríos;valeriaacosta@correo.com;18;31842851
Nicolás;Guzmán;Av. de Mayo 1798;25 de Mayo;Salta;nicolasguzman@correo.com;42;35619083
Paula;Sánchez;Lavalle 8921;Palermo;Mendoza;paulasanchez@correo.com;62;43718652
Nicolás;Peralta;Belgrano 7078;Inmaculada Concepcion;Buenos Aires;nicolasperalta@correo.com;82;18143950
Valeria;Aguirre;Belgrano 220;San Martin;Santa Fe;valeriaaguirre@correo.com;22;35010149
Lucía;Vidal;Lavalle 4304;9 de Julio;Santa Fe;luciavidal@correo.com;47;16608031
Lucas;Castro;Mitre 6636;Palermo;Neuquén;lucascastro@correo.com;20;17883507
Daniela;Guzmán;Sarmiento 1122;Palermo;Chaco;danielaguzman@correo.com;71;18213377
Tomas;López;Lavalle 4421;Gral. Pico;Tucumán;tomaslopez@correo.com;59;30926899
Daniela;Romero;Lavalle 9393;Rosario de la Cruz;Salta;danielaromero@correo.com;31;44705524
Martina;Torres;Alvear 3489;San Martin;Salta;martinatorres@correo.com;60;27762674
Sofía;Torres;Av. San Martín 1113;Gral. Pico;Córdoba;sofiatorres@correo.com;24;42762910
Paula;Aguirre;Av. San Martín 6699;San Miguel;Misiones;paulaaguirre@correo.com;40;34925108
Javier;López;Av. San Martín 1158;La Palta;Buenos Aires;javierlopez@correo.com;42;38101136
Luis;Pérez;Pueyrredón 5845;Gral. Pico;Mendoza;luisperez@correo.com;66;28449421
Camila;Ruiz;Belgrano 5188;San Martin;Buenos Aires;camilaruiz@correo.com;73;35082414
Javier;Molina;Belgrano 5416;Palermo;Salta;javiermolina@correo.com;55;40589697
Javier;Vidal;Belgrano 9875;Inmaculada Concepcion;Entre Ríos;javiervidal@correo.com;60;30107942
Joaquín;Giménez;Mitre 5415;Rosario de la Cruz;Buenos Aires;joaquingimenez@correo.com;21;23109686
Sofía;Peralta;Sarmiento 7918;San Martin;Entre Ríos;sofiaperalta@correo.com;52;30831147
Ezequiel;Acosta;Alvear 6040;San Martin;Neuquén;ezequielacosta@correo.com;75;25805249
Natalia;Fernández;Rivadavia 9596;Capitan Mendoza;Mendoza;nataliafernandez@correo.com;79;12917755
Javier;Benítez;Rivadavia 8274;25 de Mayo;Mendoza;javierbenitez@correo.com;32;37952078
Camila;Benítez;Belgrano 2763;9 de Julio;Neuquén;camilabenitez@correo.com;44;42690792
Ana;Sosa;Mitre 3695;Capitan Mendoza;Salta;anasosa@correo.com;61;15283501
Paula;Peralta;Pueyrredón 5729;Inmaculada Concepcion;Buenos Aires;paulaperalta@correo.com;61;29540676
Martina;Guzmán;Pueyrredón 7352;9 de Julio;Misiones;martinaguzman@correo.com;56;21386641
Gabriel;Molina;Lavalle 6319;9 de Julio;Salta;gabrielmolina@correo.com;57;32972705
Carlos;Sánchez;Lavalle 5837;Palermo;Neuquén;carlossanchez@correo.com;56;35108987
Gonzalo;Herrera;Sarmiento 1616;9 de Julio;Tucumán;gonzaloherrera@correo.com;71;32600972
Camila;Guzmán;Lavalle 1910;San Miguel;Entre Ríos;camilaguzman@correo.com;36;18855204
Victoria;García;Alvear 2916;San Martin;Misiones;victoriagarcia@correo.com;48;23465390
Paula;González;Urquiza 8713;Gral. Pico;Entre Ríos;paulagonzalez@correo.com;55;28291744
Camila;Ruiz;Lavalle 7203;Inmaculada Concepcion;Entre Ríos;camilaruiz@correo.com;57;44890483
Gabriel;Rodríguez;Belgrano 470;Palermo;Santa Fe;gabrielrodriguez@correo.com;45;24300346
Joaquín;Gómez;Av. de Mayo 9275;La Palta;Córdoba;joaquingomez@correo.com;51;21681654
Lucía;Sosa;Av. de Mayo 4290;Palermo;Neuquén;luciasosa@correo.com;62;29927760
Ezequiel;Castro;Lavalle 4586;San Martin;Neuquén;ezequielcastro@correo.com;26;36144592
Gabriel;Giménez;Av. San Martín 742;25 de Mayo;Santa Fe;gabrielgimenez@correo.com;22;19851682
Paula;Castro;Alvear 1874;Gral. Pico;Chaco;paulacastro@correo.com;60;21195764
Elena;Gómez;Urquiza 2470;La Palta;Córdoba;elenagomez@correo.com;73;34559208
Abril;Silva;Urquiza 7004;Capitan Mendoza;Chaco;abrilsilva@correo.com;33;12009327
Javier;Sosa;Av. San Martín 5705;San Martin;Entre Ríos;javiersosa@correo.com;40;20759989
Abril;Romero;Rivadavia 4721;Rosario de la Cruz;Mendoza;abrilromero@correo.com;21;41049528
Daniela;Aguirre;Belgrano 3262;Inmaculada Concepcion;Salta;danielaaguirre@correo.com;72;38011781
Lucas;Sosa;Belgrano 4195;Palermo;Santa Fe;lucassosa@correo.com;27;16933714
Gabriel;Herrera;Lavalle 978;25 de Mayo;Chaco;gabrielherrera@correo.com;63;20111810
Paula;Álvarez;Rivadavia 9604;Inmaculada Concepcion;Tucumán;paulaalvarez@correo.com;83;42687453
Santiago;Pérez;Av. San Martín 7549;Gral. Pico;Tucumán;santiagoperez@correo.com;41;47216089
Daniela;Peralta;Pueyrredón 5647;Palermo;Neuquén;danielaperalta@correo.com;63;30215633
Elena;Álvarez;Rivadavia 1850;25 de Mayo;Salta;elenaalvarez@correo.com;49;18384540
Valeria;Gómez;Av. de Mayo 3142;Gral. Pico;Entre Ríos;valeriagomez@correo.com;43;37732934
Carlos;Molina;Mitre 8383;25 de Mayo;Mendoza;carlosmolina@correo.com;20;34416307
Martina;Fernández;Pueyrredón 1926;Palermo;Santa Fe;martinafernandez@correo.com;32;37024280
Victoria;Flores;Av. San Martín 5002;Inmaculada Concepcion;Mendoza;victoriaflores@correo.com;81;19908228
Sara;Medina;Av. de Mayo 1090;Gral. Pico;Neuquén;saramedina@correo.com;26;38825918
Ignacio;Medina;Av. San Martín 344;Rosario de la Cruz;Neuquén;ignaciomedina@correo.com;78;38265036
Natalia;Benítez;Av. de Mayo 5148;Inmaculada Concepcion;Tucumán;nataliabenitez@correo.com;76;45953520
Valeria;López;Alvear 1888;9 de Julio;Córdoba;valerialopez@correo.com;53;23926623
Isabella;Sosa;Pueyrredón 2292;25 de Mayo;Mendoza;isabellasosa@correo.com;54;20223133
Mateo;Gómez;Av. de Mayo 1930;Gral. Pico;Mendoza;mateogomez@correo.com;74;26905205
Mateo;Álvarez;Belgrano 5596;San Martin;Misiones;mateoalvarez@correo.com;21;31907011
Gabriel;Díaz;Belgrano 3458;Inmaculada Concepcion;Chaco;gabrieldiaz@correo.com;45;37894277
Santiago;Sánchez;Av. San Martín 7908;Inmaculada Concepcion;Salta;santiagosanchez@correo.com;78;46928203
Elena;Pérez;Av. de Mayo 1351;San Martin;Buenos Aires;elenaperez@correo.com;49;33974257
Santiago;Herrera;Mitre 876;9 de Julio;Entre Ríos;santiagoherrera@correo.com;28;46098963
Ana;Acosta;Urquiza 5480;Gral. Pico;Buenos Aires;anaacosta@correo.com;50;45523803
Camila;Aguirre;Lavalle 759;9 de Julio;Salta;camilaaguirre@correo.com;76;15119947
Javier;Torres;Av. de Mayo 3684;San Miguel;Tucumán;javiertorres@correo.com;38;25794754
Ana;Vidal;Sarmiento 1952;25 de Mayo;Santa Fe;anavidal@correo.com;46;22552144
Martina;Herrera;Mitre 315;San Martin;Buenos Aires;martinaherrera@correo.com;46;38628485
Valeria;Sánchez;Belgrano 8277;San Martin;Misiones;valeriasanchez@correo.com;65;37987356
Tomas;Guzmán;Rivadavia 6710;Palermo;Salta;tomasguzman@correo.com;82;21811796
Ezequiel;Silva;Av. de Mayo 3397;25 de Mayo;Santa Fe;ezequielsilva@correo.com;43;39772561
Camila;Pérez;Belgrano 8817;Capitan Mendoza;Chaco;camilaperez@correo.com;52;46797161
Natalia;Ramírez;Alvear 8316;Gral. Pico;Chaco;nataliaramirez@correo.com;50;22347718
Santiago;Torres;Av. San Martín 6712;Rosario de la Cruz;Buenos Aires;santiagotorres@correo.com;70;27461217
Javier;Ruiz;Belgrano 3953;Capitan Mendoza;Mendoza;javierruiz@correo.com;61;17161262
Lucía;Vidal;Sarmiento 1526;Gral. Pico;Entre Ríos;luciavidal@correo.com;55;32807564
Luis;Vidal;Pueyrredón 7259;Palermo;Chaco;luisvidal@correo.com;50;25627506
Ignacio;Aguirre;Pueyrredón 6724;Gral. Pico;Mendoza;ignacioaguirre@correo.com;58;16470842
Nicolás;Sánchez;Belgrano 2852;San Miguel;Tucumán;nicolassanchez@correo.com;68;14893929
Agustín;Rodríguez;Alvear 933;Gral. Pico;Salta;agustinrodriguez@correo.com;21;12577651
Martina;Fernández;Belgrano 5582;Inmaculada Concepcion;Neuquén;martinafernandez@correo.com;83;38241479
Santiago;Torres;Belgrano 4747;Rosario de la Cruz;Entre Ríos;santiagotorres@correo.com;60;12627129
Santiago;Herrera;Lavalle 2697;Rosario de la Cruz;Chaco;santiagoherrera@correo.com;35;23734165
Sara;Fernández;Urquiza 2448;San Martin;Entre Ríos;sarafernandez@correo.com;77;33974407
Abril;Vidal;Lavalle 8421;Gral. Pico;Chaco;abrilvidal@correo.com;40;30291672
Javier;Molina;Rivadavia 8055;Palermo;Neuquén;javiermolina@correo.com;84;24581046
Paula;Rojas;Av. San Martín 6215;Inmaculada Concepcion;Salta;paularojas@correo.com;64;34283837
Sofía;Torres;Lavalle 462;San Miguel;Mendoza;sofiatorres@correo.com;30;33383345
Ana;Álvarez;Sarmiento 9906;9 de Julio;Santa Fe;anaalvarez@correo.com;21;44587958
Camila;Martínez;Mitre 7998;La Palta;Mendoza;camilamartinez@correo.com;82;25025198
Ezequiel;Romero;Sarmiento 8467;Inmaculada Concepcion;Tucumán;ezequielromero@correo.com;73;23539076
Tomas;Herrera;Pueyrredón 4966;9 de Julio;Santa Fe;tomasherrera@correo.com;68;43516463
Isabella;Rodríguez;Urquiza 7629;La Palta;Santa Fe;isabellarodriguez@correo.com;32;23344630
Ana;González;Av. de Mayo 8642;San Miguel;Neuquén;anagonzalez@correo.com;77;40824412
Isabella;Giménez;Alvear 7877;Palermo;Buenos Aires;isabellagimenez@correo.com;64;40259981
Camila;Fernández;Av. de Mayo 2918;9 de Julio;Entre Ríos;camilafernandez@correo.com;58;43423108
Daniela;Martínez;Urquiza 6806;25 de Mayo;Chaco;danielamartinez@correo.com;54;36482134
Sofía;Rojas;Pueyrredón 7620;25 de Mayo;Misiones;sofiarojas@correo.com;52;40691483
Joaquín;Herrera;Lavalle 4711;25 de Mayo;Tucumán;joaquinherrera@correo.com;46;17907652
Lucas;Ruiz;Sarmiento 2784;Rosario de la Cruz;Córdoba;lucasruiz@correo.com;48;12988747
Mateo;Molina;Pueyrredón 3708;San Miguel;Tucumán;mateomolina@correo.com;30;11775813
Nicolás;González;Alvear 8247;9 de Julio;Tucumán;nicolasgonzalez@correo.com;28;44501321
Natalia;Romero;Sarmiento 6983;9 de Julio;Chaco;nataliaromero@correo.com;25;47413440
Paula;Guzmán;Lavalle 120;San Miguel;Chaco;paulaguzman@correo.com;37;17527424
Daniela;González;Urquiza 2150;Palermo;Mendoza;danielagonzalez@correo.com;64;38947082
Joaquín;Herrera;Rivadavia 4089;9 de Julio;Misiones;joaquinherrera@correo.com;36;45857931
Victoria;Ramírez;Belgrano 1568;La Palta;Misiones;victoriaramirez@correo.com;77;30137483
Camila;Rodríguez;Alvear 4013;Gral. Pico;Neuquén;camilarodriguez@correo.com;46;36821038
Sara;Castro;Rivadavia 4769;Rosario de la Cruz;Mendoza;saracastro@correo.com;31;25162439
Natalia;Peralta;Lavalle 2884;Capitan Mendoza;Neuquén;nataliaperalta@correo.com;38;31310866
Luis;Castro;Alvear 9914;Inmaculada Concepcion;Misiones;luiscastro@correo.com;59;13842550
Lucas;Silva;Urquiza 9772;Rosario de la Cruz;Santa Fe;lucassilva@correo.com;35;35156027
Abril;Molina;Urquiza 7771;Inmaculada Concepcion;Entre Ríos;abrilmolina@correo.com;42;37215474
Paula;Rodríguez;Mitre 204;La Palta;Misiones;paularodriguez@correo.com;31;28403918
Diego;González;Alvear 9307;Inmaculada Concepcion;Misiones;diegogonzalez@correo.com;83;12851920
Ezequiel;Torres;Lavalle 4027;Capitan Mendoza;Misiones;ezequieltorres@correo.com;83;37719085
Natalia;Molina;Alvear 6964;San Martin;Chaco;nataliamolina@correo.com;50;46682159
Martina;Romero;Urquiza 7418;San Martin;Salta;martinaromero@correo.com;80;43745807
Tomas;Romero;Urquiza 3059;Rosario de la Cruz;Buenos Aires;tomasromero@correo.com;31;22824392
Javier;Benítez;Belgrano 2762;Palermo;Santa Fe;javierbenitez@correo.com;53;43742335
Sofía;Castro;Av. de Mayo 4675;Capitan Mendoza;Neuquén;sofiacastro@correo.com;65;43651711
Lucía;Medina;Rivadavia 4103;Rosario de la Cruz;Córdoba;luciamedina@correo.com;61;45414471
Isabella;Medina;Av. de Mayo 1770;San Miguel;Santa Fe;isabellamedina@correo.com;56;34964061
Martina;Peralta;Sarmiento 5640;San Martin;Buenos Aires;martinaperalta@correo.com;28;38357482
Ezequiel;Herrera;Pueyrredón 6483;9 de Julio;Entre Ríos;ezequielherrera@correo.com;43;20530615
Agustín;Vidal;Belgrano 7913;Gral. Pico;Chaco;agustinvidal@correo.com;61;17835915
Sofía;González;Av. San Martín 6513;La Palta;Santa Fe;sofiagonzalez@correo.com;25;20792883
Diego;Sosa;Alvear 1477;San Martin;Tucumán;diegososa@correo.com;32;30462040
Javier;Medina;Mitre 3438;9 de Julio;Tucumán;javiermedina@correo.com;68;26602085
Joaquín;Castro;Av. de Mayo 4542;25 de Mayo;Santa Fe;joaquincastro@correo.com;55;33308223
Martina;Fernández;Urquiza 8821;San Miguel;Misiones;martinafernandez@correo.com;19;31582573
Camila;Guzmán;Urquiza 4046;9 de Julio;Misiones;camilaguzman@correo.com;27;42079248
Lucas;López;Lavalle 8783;Inmaculada Concepcion;Neuquén;lucaslopez@correo.com;30;12414052
Agustín;Aguirre;Urquiza 7837;Gral. Pico;Misiones;agustinaguirre@correo.com;27;40433667
Tomas;Díaz;Pueyrredón 46;25 de Mayo;Misiones;tomasdiaz@correo.com;76;23250397
Lucas;Rojas;Urquiza 18;Rosario de la Cruz;Chaco;lucasrojas@correo.com;49;14171748
Victoria;Ramírez;Alvear 9585;Rosario de la Cruz;Buenos Aires;victoriaramirez@correo.com;51;28509959
Diego;Peralta;Rivadavia 2020;San Martin;Misiones;diegoperalta@correo.com;45;37353737
Daniela;Díaz;Mitre 8677;Inmaculada Concepcion;Salta;danieladiaz@correo.com;59;20768750
María;Guzmán;Alvear 9989;La Palta;Córdoba;mariaguzman@correo.com;62;28476611
Lucas;Flores;Pueyrredón 2346;Capitan Mendoza;Neuquén;lucasflores@correo.com;51;12334809
Carlos;Giménez;Lavalle 7476;Rosario de la Cruz;Santa Fe;carlosgimenez@correo.com;22;24546599
Carlos;Flores;Av. San Martín 4845;Gral. Pico;Santa Fe;carlosflores@correo.com;29;40082165
Diego;Giménez;Av. San Martín 173;Inmaculada Concepcion;Misiones;diegogimenez@correo.com;29;33159316
Luis;Pérez;Belgrano 9130;San Martin;Santa Fe;luisperez@correo.com;48;37058919
Diego;Acosta;Lavalle 7075;Capitan Mendoza;Salta;diegoacosta@correo.com;79;38115895
Gonzalo;Díaz;Belgrano 5951;Gral. Pico;Salta;gonzalodiaz@correo.com;48;11648857
Nicolás;Peralta;Alvear 1586;San Miguel;Mendoza;nicolasperalta@correo.com;61;47748843
Martina;Medina;Rivadavia 3606;25 de Mayo;Mendoza;martinamedina@correo.com;55;46501817
Nicolás;Rojas;Urquiza 5729;9 de Julio;Santa Fe;nicolasrojas@correo.com;41;23721902
Valeria;Rojas;Lavalle 1075;9 de Julio;Chaco;valeriarojas@correo.com;47;15516224
Lucía;López;Av. de Mayo 5334;9 de Julio;Santa Fe;lucialopez@correo.com;45;20400906
Elena;Gómez;Sarmiento 4760;Rosario de la Cruz;Buenos Aires;elenagomez@correo.com;54;41557246
Natalia;Romero;Av. de Mayo 2748;9 de Julio;Entre Ríos;nataliaromero@correo.com;44;24867757
Agustín;Guzmán;Av. San Martín 3052;Rosario de la Cruz;Salta;agustinguzman@correo.com;65;19440617
Joaquín;Torres;Alvear 1745;La Palta;Salta;joaquintorres@correo.com;82;32933913
Natalia;Medina;Urquiza 634;25 de Mayo;Tucumán;nataliamedina@correo.com;82;40960095
Elena;Rodríguez;Sarmiento 8170;San Miguel;Salta;elenarodriguez@correo.com;49;47684685
Mateo;Torres;Alvear 1279;Inmaculada Concepcion;Santa Fe;mateotorres@correo.com;53;45156675
Carlos;Castro;Sarmiento 7274;Rosario de la Cruz;Misiones;carloscastro@correo.com;52;31201464
Joaquín;Sosa;Rivadavia 9762;Inmaculada Concepcion;Buenos Aires;joaquinsosa@correo.com;25;17629816
María;Flores;Alvear 3353;25 de Mayo;Mendoza;mariaflores@correo.com;70;33985021
Isabella;Martínez;Sarmiento 2621;Rosario de la Cruz;Buenos Aires;isabellamartinez@correo.com;28;31467316
Luis;Torres;Rivadavia 6224;San Miguel;Entre Ríos;luistorres@correo.com;26;24636896
Camila;Acosta;Av. San Martín 9345;San Miguel;Salta;camilaacosta@correo.com;35;26220230
Natalia;Rodríguez;Pueyrredón 7830;9 de Julio;Buenos Aires;nataliarodriguez@correo.com;56;40010397
Lucas;Silva;Av. de Mayo 7202;Inmaculada Concepcion;Neuquén;lucassilva@correo.com;83;20679178
Abril;Rodríguez;Pueyrredón 3540;9 de Julio;Misiones;abrilrodriguez@correo.com;40;41907303
Agustín;González;Pueyrredón 9688;Palermo;Santa Fe;agustingonzalez@correo.com;47;34175937
Ezequiel;Ramírez;Pueyrredón 6464;San Miguel;Buenos Aires;ezequielramirez@correo.com;60;28927946
Agustín;Medina;Mitre 6276;Rosario de la Cruz;Tucumán;agustinmedina@correo.com;61;30345267
Paula;Molina;Urquiza 330;Palermo;Neuquén;paulamolina@correo.com;32;22250673
Javier;González;Pueyrredón 4950;Palermo;Entre Ríos;javiergonzalez@correo.com;54;42901745
Javier;Sosa;Belgrano 7726;La Palta;Misiones;javiersosa@correo.com;37;12844855
Ana;Silva;Sarmiento 6504;Inmaculada Concepcion;Salta;anasilva@correo.com;56;45013354
Ezequiel;Pérez;Sarmiento 7834;San Martin;Neuquén;ezequielperez@correo.com;20;44051809
Diego;Guzmán;Belgrano 7501;San Martin;Córdoba;diegoguzman@correo.com;66;31996888
Gonzalo;Álvarez;Urquiza 7304;Rosario de la Cruz;Chaco;gonzaloalvarez@correo.com;29;38081783
Elena;Rodríguez;Urquiza 3991;9 de Julio;Tucumán;elenarodriguez@correo.com;75;18311339
Santiago;Aguirre;Av. de Mayo 5281;25 de Mayo;Neuquén;santiagoaguirre@correo.com;69;33384082
Paula;Pérez;Belgrano 5536;San Miguel;Tucumán;paulaperez@correo.com;35;45127232
Gonzalo;Martínez;Rivadavia 3046;La Palta;Neuquén;gonzalomartinez@correo.com;72;20413046
Agustín;Flores;Alvear 709;Capitan Mendoza;Misiones;agustinflores@correo.com;23;26194712
Victoria;Fernández;Pueyrredón 280;Palermo;Mendoza;victoriafernandez@correo.com;70;47478076
Agustín;García;Av. de Mayo 4486;Inmaculada Concepcion;Salta;agustingarcia@correo.com;78;26691172
Joaquín;Silva;Pueyrredón 2083;Palermo;Santa Fe;joaquinsilva@correo.com;71;16973326
Mateo;González;Av. de Mayo 2979;La Palta;Córdoba;mateogonzalez@correo.com;55;30063787
Sofía;Fernández;Av. de Mayo 383;Inmaculada Concepcion;Chaco;sofiafernandez@correo.com;54;47934483
Agustín;Aguirre;Urquiza 6904;Palermo;Buenos Aires;agustinaguirre@correo.com;24;36128046
Nicolás;López;Pueyrredón 5626;San Martin;Neuquén;nicolaslopez@correo.com;18;31162498
Nicolás;Sosa;Rivadavia 1189;Rosario de la Cruz;Salta;nicolassosa@correo.com;27;16389294
Victoria;Medina;Belgrano 2404;9 de Julio;Mendoza;victoriamedina@correo.com;23;30671388
Ignacio;Pérez;Rivadavia 1942;Inmaculada Concepcion;Misiones;ignacioperez@correo.com;21;26827179
Elena;Gómez;Urquiza 1867;Palermo;Chaco;elenagomez@correo.com;65;14579564
Javier;Gómez;Lavalle 6604;San Miguel;Neuquén;javiergomez@correo.com;73;22849411
Isabella;Rodríguez;Pueyrredón 787;25 de Mayo;Misiones;isabellarodriguez@correo.com;38;20410490
Ana;González;Lavalle 9345;Capitan Mendoza;Mendoza;anagonzalez@correo.com;67;11286687
Javier;Torres;Lavalle 5371;San Martin;Santa Fe;javiertorres@correo.com;80;25653595
Martina;Rodríguez;Av. San Martín 5179;Palermo;Chaco;martinarodriguez@correo.com;50;35303080
Ignacio;Sosa;Pueyrredón 4755;Capitan Mendoza;Salta;ignaciososa@correo.com;46;17965615
Ana;Rodríguez;Lavalle 7359;9 de Julio;Mendoza;anarodriguez@correo.com;54;15728277
Martina;Molina;Rivadavia 9239;Palermo;Santa Fe;martinamolina@correo.com;70;35453672
Ignacio;Silva;Lavalle 8468;La Palta;Salta;ignaciosilva@correo.com;75;13480653
Daniela;Molina;Sarmiento 8869;La Palta;Tucumán;danielamolina@correo.com;61;29345404
Elena;Ramírez;Urquiza 1267;San Miguel;Misiones;elenaramirez@correo.com;80;42062571
Sara;Rojas;Lavalle 3907;Palermo;Salta;sararojas@correo.com;27;25562830
Lucas;Giménez;Mitre 8079;Capitan Mendoza;Mendoza;lucasgimenez@correo.com;61;35293739
Abril;Peralta;Av. de Mayo 4184;Rosario de la Cruz;Tucumán;abrilperalta@correo.com;66;12934710
María;Martínez;Av. San Martín 9663;San Miguel;Buenos Aires;mariamartinez@correo.com;42;47911260
Tomas;Guzmán;Rivadavia 1092;Gral. Pico;Mendoza;tomasguzman@correo.com;28;15870104
Lucía;Gómez;Av. de Mayo 8067;Palermo;Santa Fe;luciagomez@correo.com;81;39290265
María;Acosta;Av. San Martín 8908;25 de Mayo;Chaco;mariaacosta@correo.com;19;24653523
Isabella;Medina;Av. San Martín 4329;Palermo;Entre Ríos;isabellamedina@correo.com;55;18581922
Martina;Rodríguez;Lavalle 8619;La Palta;Tucumán;martinarodriguez@correo.com;33;19427897
Joaquín;Fernández;Av. de Mayo 4186;9 de Julio;Córdoba;joaquinfernandez@correo.com;36;41555465
Santiago;Herrera;Pueyrredón 835;Inmaculada Concepcion;Entre Ríos;santiagoherrera@correo.com;18;23218393
Javier;Gómez;Urquiza 1467;San Martin;Misiones;javiergomez@correo.com;80;25454309
Tomas;Pérez;Belgrano 2299;San Martin;Buenos Aires;tomasperez@correo.com;58;29905035
Elena;Silva;Av. San Martín 8999;Rosario de la Cruz;Córdoba;elenasilva@correo.com;77;33804687
Victoria;Ramírez;Belgrano 1013;9 de Julio;Córdoba;victoriaramirez@correo.com;29;19877783
Tomas;Acosta;Sarmiento 9497;San Miguel;Tucumán;tomasacosta@correo.com;29;28863353
Carlos;Martínez;Alvear 7392;Palermo;Buenos Aires;carlosmartinez@correo.com;63;40148501
Victoria;Giménez;Sarmiento 1188;San Miguel;Tucumán;victoriagimenez@correo.com;42;37363935
Joaquín;Herrera;Pueyrredón 6288;La Palta;Entre Ríos;joaquinherrera@correo.com;32;47748634
Isabella;López;Av. de Mayo 1026;Capitan Mendoza;Entre Ríos;isabellalopez@correo.com;66;30282248
Paula;Aguirre;Mitre 4796;Gral. Pico;Misiones;paulaaguirre@correo.com;76;25464594
Diego;Álvarez;Alvear 6663;La Palta;Entre Ríos;diegoalvarez@correo.com;20;31876650
Martina;Torres;Av. de Mayo 2820;La Palta;Chaco;martinatorres@correo.com;62;11526022
Joaquín;López;Lavalle 1161;Gral. Pico;Tucumán;joaquinlopez@correo.com;34;31365299
Valeria;Martínez;Rivadavia 8409;San Martin;Entre Ríos;valeriamartinez@correo.com;41;37192231
Victoria;Gómez;Rivadavia 2811;9 de Julio;Chaco;victoriagomez@correo.com;80;23989864
Gabriel;García;Av. de Mayo 4156;Gral. Pico;Neuquén;gabrielgarcia@correo.com;27;22433911
Nicolás;Ruiz;Belgrano 599;Palermo;Entre Ríos;nicolasruiz@correo.com;71;18383141
Joaquín;Rodríguez;Urquiza 4982;San Martin;Chaco;joaquinrodriguez@correo.com;55;40639444
Valeria;López;Av. de Mayo 8293;San Miguel;Santa Fe;valerialopez@correo.com;42;32308959
Nicolás;Gómez;Av. de Mayo 1599;9 de Julio;Chaco;nicolasgomez@correo.com;70;12765638
Joaquín;Sosa;Lavalle 4226;Inmaculada Concepcion;Santa Fe;joaquinsosa@correo.com;59;31877715
Camila;Díaz;Pueyrredón 2251;Inmaculada Concepcion;Buenos Aires;camiladiaz@correo.com;30;12340644
Daniela;Giménez;Rivadavia 5274;Inmaculada Concepcion;Buenos Aires;danielagimenez@correo.com;39;12825315
Santiago;Vidal;Rivadavia 5898;9 de Julio;Entre Ríos;santiagovidal@correo.com;70;38251102
Joaquín;Castro;Lavalle 801;San Martin;Tucumán;joaquincastro@correo.com;52;26684563
Lucas;Acosta;Mitre 4607;San Miguel;Buenos Aires;lucasacosta@correo.com;30;11507247
Ana;Flores;Belgrano 9042;9 de Julio;Santa Fe;anaflores@correo.com;65;40974700
Sofía;Herrera;Mitre 6707;Capitan Mendoza;Misiones;sofiaherrera@correo.com;35;35068802
Elena;Peralta;Pueyrredón 5206;9 de Julio;Mendoza;elenaperalta@correo.com;22;22575909
Ignacio;García;Belgrano 2677;Inmaculada Concepcion;Buenos Aires;ignaciogarcia@correo.com;22;45031618
Martina;Aguirre;Rivadavia 8781;Inmaculada Concepcion;Neuquén;martinaaguirre@correo.com;72;25954357
Santiago;Medina;Lavalle 412;San Miguel;Córdoba;santiagomedina@correo.com;81;24174867
Lucas;Giménez;Rivadavia 980;Gral. Pico;Mendoza;lucasgimenez@correo.com;40;29198194
Santiago;Rojas;Lavalle 7392;San Miguel;Salta;santiagorojas@correo.com;32;38427174
Paula;González;Lavalle 6100;Palermo;Salta;paulagonzalez@correo.com;27;15437437
Daniela;Vidal;Belgrano 1561;25 de Mayo;Santa Fe;danielavidal@correo.com;55;17046156
Ana;Benítez;Av. San Martín 8802;Gral. Pico;Santa Fe;anabenitez@correo.com;36;36194894
Abril;Aguirre;Alvear 4473;9 de Julio;Misiones;abrilaguirre@correo.com;53;24858620
María;Silva;Alvear 4264;Rosario de la Cruz;Chaco;mariasilva@correo.com;66;40467717
María;Sosa;Belgrano 6353;Gral. Pico;Mendoza;mariasosa@correo.com;45;26313729
Ignacio;Castro;Av. de Mayo 1153;San Martin;Mendoza;ignaciocastro@correo.com;43;37922068
Sara;Ruiz;Alvear 4004;9 de Julio;Entre Ríos;sararuiz@correo.com;53;27384414
Valeria;Álvarez;Pueyrredón 762;Palermo;Chaco;valeriaalvarez@correo.com;77;46943631
Joaquín;Sánchez;Rivadavia 5940;San Miguel;Santa Fe;joaquinsanchez@correo.com;20;26963164
Tomas;Molina;Av. San Martín 721;Inmaculada Concepcion;Neuquén;tomasmolina@correo.com;63;28014596
Valeria;Díaz;Urquiza 8040;Rosario de la Cruz;Córdoba;valeriadiaz@correo.com;64;44448180
Ana;Flores;Belgrano 7421;Gral. Pico;Mendoza;anaflores@correo.com;59;31259603
Camila;Flores;Sarmiento 4776;Gral. Pico;Salta;camilaflores@correo.com;70;25458841
Natalia;Sánchez;Sarmiento 7347;25 de Mayo;Entre Ríos;nataliasanchez@correo.com;37;26966776
Valeria;González;Urquiza 2226;9 de Julio;Santa Fe;valeriagonzalez@correo.com;76;27536010
Gonzalo;Rojas;Alvear 5739;9 de Julio;Neuquén;gonzalorojas@correo.com;43;13031642
Paula;González;Alvear 6273;Inmaculada Concepcion;Buenos Aires;paulagonzalez@correo.com;84;42467873
Carlos;Acosta;Mitre 616;25 de Mayo;Salta;carlosacosta@correo.com;33;15079493
Joaquín;Torres;Av. de Mayo 3794;25 de Mayo;Tucumán;joaquintorres@correo.com;62;20264811
Sofía;Sánchez;Av. San Martín 2738;Inmaculada Concepcion;Neuquén;sofiasanchez@correo.com;74;45257640
Nicolás;Pérez;Mitre 7937;Gral. Pico;Córdoba;nicolasperez@correo.com;60;29543795
Isabella;Sosa;Pueyrredón 4387;Inmaculada Concepcion;Misiones;isabellasosa@correo.com;33;21937790
Joaquín;Acosta;Alvear 5569;25 de Mayo;Mendoza;joaquinacosta@correo.com;22;28118056
Martina;Vidal;Mitre 1237;San Martin;Buenos Aires;martinavidal@correo.com;32;42834876
Agustín;Guzmán;Pueyrredón 2017;9 de Julio;Córdoba;agustinguzman@correo.com;42;45570477
Ignacio;Gómez;Pueyrredón 6643;Capitan Mendoza;Santa Fe;ignaciogomez@correo.com;60;29217627
Javier;González;Mitre 4553;Palermo;Córdoba;javiergonzalez@correo.com;32;35473628
Mateo;Sánchez;Av. San Martín 6603;Capitan Mendoza;Misiones;mateosanchez@correo.com;21;21110964
Victoria;Ramírez;Urquiza 5041;Rosario de la Cruz;Entre Ríos;victoriaramirez@correo.com;68;11731241
Natalia;Romero;Belgrano 4118;9 de Julio;Córdoba;nataliaromero@correo.com;49;23136435
Carlos;Guzmán;Rivadavia 433;Rosario de la Cruz;Santa Fe;carlosguzman@correo.com;25;20580365
Javier;Díaz;Alvear 1926;Capitan Mendoza;Buenos Aires;javierdiaz@correo.com;77;28684621
Lucía;Medina;Urquiza 3166;Capitan Mendoza;Misiones;luciamedina@correo.com;76;35781681
Lucía;Giménez;Belgrano 8565;La Palta;Tucumán;luciagimenez@correo.com;59;17055206
Elena;Torres;Pueyrredón 7218;Palermo;Salta;elenatorres@correo.com;27;36452197
Mateo;Castro;Pueyrredón 1186;San Martin;Córdoba;mateocastro@correo.com;35;16146402
Tomas;Benítez;Alvear 6021;Gral. Pico;Misiones;tomasbenitez@correo.com;30;16758642
Elena;Peralta;Urquiza 8016;Palermo;Mendoza;elenaperalta@correo.com;39;18875351
Carlos;Martínez;Av. de Mayo 5027;9 de Julio;Entre Ríos;carlosmartinez@correo.com;38;39606490
Elena;Castro;Urquiza 7951;San Miguel;Neuquén;elenacastro@correo.com;29;15666648
Gonzalo;Benítez;Pueyrredón 4099;Palermo;Buenos Aires;gonzalobenitez@correo.com;69;24524891
Gonzalo;Sánchez;Av. San Martín 7462;La Palta;Neuquén;gonzalosanchez@correo.com;70;46997764
Elena;Romero;Alvear 8130;Palermo;Misiones;elenaromero@correo.com;52;20798964
Nicolás;Pérez;Pueyrredón 3154;La Palta;Neuquén;nicolasperez@correo.com;32;47351267
Diego;Aguirre;Av. de Mayo 8002;9 de Julio;Entre Ríos;diegoaguirre@correo.com;39;22392174
Agustín;Castro;Rivadavia 7763;Capitan Mendoza;Salta;agustincastro@correo.com;18;21668598
Gabriel;Ruiz;Mitre 7116;Inmaculada Concepcion;Buenos Aires;gabrielruiz@correo.com;23;18469317
Ana;Ruiz;Belgrano 2125;San Martin;Buenos Aires;anaruiz@correo.com;20;13648449
Nicolás;Martínez;Belgrano 7707;San Martin;Santa Fe;nicolasmartinez@correo.com;47;28629977
Santiago;Peralta;Mitre 3673;Inmaculada Concepcion;Neuquén;santiagoperalta@correo.com;71;36713611
María;Fernández;Av. de Mayo 3004;Rosario de la Cruz;Mendoza;mariafernandez@correo.com;25;39129171
Lucas;Giménez;Av. San Martín 8385;La Palta;Entre Ríos;lucasgimenez@correo.com;54;43413977
Paula;Herrera;Alvear 4559;Palermo;Misiones;paulaherrera@correo.com;73;39278651
Isabella;Silva;Sarmiento 7755;La Palta;Neuquén;isabellasilva@correo.com;54;35923425
Daniela;Rojas;Belgrano 7241;La Palta;Neuquén;danielarojas@correo.com;69;31980170
Javier;Castro;Av. de Mayo 9428;Inmaculada Concepcion;Chaco;javiercastro@correo.com;74;36716884
Ana;Aguirre;Lavalle 6539;San Martin;Mendoza;anaaguirre@correo.com;36;14368452
Gabriel;Herrera;Belgrano 6296;La Palta;Santa Fe;gabrielherrera@correo.com;67;40312058
Diego;Díaz;Belgrano 828;La Palta;Santa Fe;diegodiaz@correo.com;61;17649423
Javier;Romero;Belgrano 9466;9 de Julio;Mendoza;javierromero@correo.com;77;22617888
Carlos;Rojas;Av. San Martín 1617;Inmaculada Concepcion;Tucumán;carlosrojas@correo.com;70;35403701
Santiago;Peralta;Av. San Martín 7593;San Martin;Salta;santiagoperalta@correo.com;78;15923617
Diego;Aguirre;Mitre 8550;25 de Mayo;Misiones;diegoaguirre@correo.com;83;17981162
Natalia;Torres;Sarmiento 7506;Palermo;Córdoba;nataliatorres@correo.com;49;46885715
Ana;Ramírez;Rivadavia 4708;Palermo;Córdoba;anaramirez@correo.com;33;35668346
Lucía;Sosa;Urquiza 2384;25 de Mayo;Misiones;luciasosa@correo.com;40;11381668
Mateo;Aguirre;Pueyrredón 4017;La Palta;Mendoza;mateoaguirre@correo.com;24;47636518
Isabella;González;Lavalle 716;San Miguel;Córdoba;isabellagonzalez@correo.com;78;22727764
Abril;Álvarez;Belgrano 1976;25 de Mayo;Neuquén;abrilalvarez@correo.com;41;33604218
Elena;Sosa;Av. de Mayo 4009;San Miguel;Entre Ríos;elenasosa@correo.com;71;46938117
Carlos;Guzmán;Av. San Martín 5417;25 de Mayo;Santa Fe;carlosguzman@correo.com;34;18065160
Valeria;Aguirre;Alvear 9402;25 de Mayo;Misiones;valeriaaguirre@correo.com;19;14412976
Sofía;Flores;Rivadavia 3121;Rosario de la Cruz;Mendoza;sofiaflores@correo.com;80;12131930
Carlos;Castro;Pueyrredón 6444;Gral. Pico;Salta;carloscastro@correo.com;54;34122564
Joaquín;Torres;Alvear 2699;La Palta;Entre Ríos;joaquintorres@correo.com;75;30453652
Sara;Benítez;Pueyrredón 4593;San Martin;Mendoza;sarabenitez@correo.com;78;34680515
Carlos;García;Sarmiento 5595;Rosario de la Cruz;Córdoba;carlosgarcia@correo.com;67;17086505
Lucía;Vidal;Av. San Martín 2098;La Palta;Misiones;luciavidal@correo.com;61;42548302
Javier;Castro;Belgrano 5732;Gral. Pico;Salta;javiercastro@correo.com;19;22500872
Joaquín;Benítez;Av. de Mayo 10;San Martin;Neuquén;joaquinbenitez@correo.com;65;42752121
Gabriel;Ramírez;Urquiza 5405;Capitan Mendoza;Misiones;gabrielramirez@correo.com;57;33986189
Valeria;Flores;Rivadavia 3306;9 de Julio;Salta;valeriaflores@correo.com;25;13954896
Daniela;Peralta;Belgrano 1980;9 de Julio;Chaco;danielaperalta@correo.com;37;45102589
Carlos;Vidal;Belgrano 4224;San Miguel;Misiones;carlosvidal@correo.com;61;13853671
Lucía;Ruiz;Av. San Martín 4531;Inmaculada Concepcion;Tucumán;luciaruiz@correo.com;27;15411518
Camila;Martínez;Sarmiento 1110;Capitan Mendoza;Salta;camilamartinez@correo.com;37;14204769
Nicolás;Peralta;Sarmiento 1250;25 de Mayo;Buenos Aires;nicolasperalta@correo.com;55;44604169
Victoria;Ruiz;Belgrano 9450;Gral. Pico;Córdoba;victoriaruiz@correo.com;32;34784270
Ana;Silva;Mitre 6733;Gral. Pico;Córdoba;anasilva@correo.com;84;25662052
María;Ruiz;Mitre 3661;Capitan Mendoza;Buenos Aires;mariaruiz@correo.com;74;47863325
Ana;Martínez;Belgrano 3291;Inmaculada Concepcion;Santa Fe;anamartinez@correo.com;75;33229678
Gonzalo;Sosa;Pueyrredón 7159;La Palta;Entre Ríos;gonzalososa@correo.com;39;16908120
Isabella;Martínez;Urquiza 8229;25 de Mayo;Mendoza;isabellamartinez@correo.com;71;31645324
Camila;Silva;Belgrano 1436;9 de Julio;Entre Ríos;camilasilva@correo.com;77;20164299
Victoria;Rodríguez;Sarmiento 6226;Capitan Mendoza;Tucumán;victoriarodriguez@correo.com;73;23285574
Paula;Pérez;Sarmiento 4171;Inmaculada Concepcion;Chaco;paulaperez@correo.com;84;21328308
Valeria;Torres;Belgrano 4404;25 de Mayo;Buenos Aires;valeriatorres@correo.com;60;17259581
Gabriel;Gómez;Av. San Martín 7068;Inmaculada Concepcion;Buenos Aires;gabrielgomez@correo.com;84;29459878
María;Díaz;Alvear 4879;Gral. Pico;Santa Fe;mariadiaz@correo.com;70;35571147
Daniela;Torres;Av. de Mayo 2930;Rosario de la Cruz;Santa Fe;danielatorres@correo.com;27;31256151
Carlos;Torres;Lavalle 2362;25 de Mayo;Salta;carlostorres@correo.com;54;33491691
Gabriel;Rodríguez;Av. San Martín 1329;Inmaculada Concepcion;Tucumán;gabrielrodriguez@correo.com;54;32463314
Nicolás;Aguirre;Av. de Mayo 457;Rosario de la Cruz;Santa Fe;nicolasaguirre@correo.com;40;28212093
Agustín;Vidal;Av. San Martín 9565;San Martin;Salta;agustinvidal@correo.com;57;34020516
Sara;Aguirre;Belgrano 5292;San Miguel;Chaco;saraaguirre@correo.com;35;33472416
Nicolás;Ramírez;Urquiza 2845;Capitan Mendoza;Chaco;nicolasramirez@correo.com;80;11619024
Mateo;Sánchez;Pueyrredón 9788;San Martin;Neuquén;mateosanchez@correo.com;61;17500589
Victoria;Díaz;Rivadavia 5646;Palermo;Mendoza;victoriadiaz@correo.com;84;29643281
Gonzalo;Medina;Av. San Martín 7648;San Martin;Entre Ríos;gonzalomedina@correo.com;71;22636544
Agustín;Rodríguez;Sarmiento 4166;Rosario de la Cruz;Tucumán;agustinrodriguez@correo.com;60;11698061
Ezequiel;Vidal;Av. de Mayo 5055;Rosario de la Cruz;Chaco;ezequielvidal@correo.com;21;42134776
Valeria;Martínez;Mitre 3666;Gral. Pico;Salta;valeriamartinez@correo.com;22;19327086
Lucía;Guzmán;Av. San Martín 6451;Capitan Mendoza;Salta;luciaguzman@correo.com;82;45514860
Paula;Martínez;Mitre 5977;Rosario de la Cruz;Tucumán;paulamartinez@correo.com;46;32487914
Valeria;Vidal;Mitre 7961;Gral. Pico;Entre Ríos;valeriavidal@correo.com;73;47339652
Agustín;Benítez;Sarmiento 1133;San Miguel;Neuquén;agustinbenitez@correo.com;21;31085146
Lucas;Medina;Belgrano 8314;Palermo;Chaco;lucasmedina@correo.com;29;27139734
Diego;Castro;Belgrano 4409;San Miguel;Mendoza;diegocastro@correo.com;24;22279944
Victoria;Martínez;Rivadavia 3721;San Martin;Santa Fe;victoriamartinez@correo.com;39;38135508
Santiago;Vidal;Sarmiento 6839;San Miguel;Buenos Aires;santiagovidal@correo.com;44;19740034
Natalia;Sosa;Rivadavia 6086;La Palta;Chaco;nataliasosa@correo.com;46;20701280
Sara;Pérez;Sarmiento 7839;San Miguel;Entre Ríos;saraperez@correo.com;81;32061178
Abril;Fernández;Av. de Mayo 2375;San Martin;Tucumán;abrilfernandez@correo.com;45;14505276
Tomas;Medina;Lavalle 1427;9 de Julio;Mendoza;tomasmedina@correo.com;70;41130272
Lucas;Acosta;Rivadavia 1832;San Martin;Chaco;lucasacosta@correo.com;63;39820563
Victoria;Silva;Av. de Mayo 4461;Capitan Mendoza;Misiones;victoriasilva@correo.com;27;30791252
Lucía;Sosa;Alvear 7109;Rosario de la Cruz;Neuquén;luciasosa@correo.com;47;39086770
Lucas;Pérez;Mitre 8945;Inmaculada Concepcion;Tucumán;lucasperez@correo.com;18;35387113
Tomas;Pérez;Pueyrredón 1999;Palermo;Neuquén;tomasperez@correo.com;69;39869313
Natalia;Medina;Rivadavia 3813;San Martin;Tucumán;nataliamedina@correo.com;37;13694038
Agustín;Sánchez;Sarmiento 8488;9 de Julio;Misiones;agustinsanchez@correo.com;51;43851829
Abril;Pérez;Pueyrredón 35;San Miguel;Salta;abrilperez@correo.com;43;11908829
Martina;Torres;Rivadavia 3338;9 de Julio;Buenos Aires;martinatorres@correo.com;78;25055655
Nicolás;Guzmán;Lavalle 3231;La Palta;Neuquén;nicolasguzman@correo.com;51;43337258
Mateo;Molina;Av. San Martín 3397;Capitan Mendoza;Entre Ríos;mateomolina@correo.com;79;38782296
Natalia;Peralta;Lavalle 921;San Martin;Salta;nataliaperalta@correo.com;46;33257591
Ezequiel;Aguirre;Urquiza 7140;San Martin;Córdoba;ezequielaguirre@correo.com;74;40536335
Diego;Silva;Mitre 4470;Rosario de la Cruz;Buenos Aires;diegosilva@correo.com;46;20822906
Victoria;Vidal;Urquiza 7838;San Miguel;Neuquén;victoriavidal@correo.com;67;34346252
Camila;Vidal;Urquiza 2546;25 de Mayo;Mendoza;camilavidal@correo.com;33;36943094
Paula;Rodríguez;Belgrano 689;9 de Julio;Neuquén;paularodriguez@correo.com;25;12387583
Joaquín;Martínez;Av. de Mayo 6327;Inmaculada Concepcion;Córdoba;joaquinmartinez@correo.com;60;20762417
Valeria;Rojas;Alvear 4077;25 de Mayo;Mendoza;valeriarojas@correo.com;66;44532121
Santiago;Aguirre;Pueyrredón 5238;Palermo;Salta;santiagoaguirre@correo.com;82;16818653
Paula;Álvarez;Alvear 6563;Inmaculada Concepcion;Chaco;paulaalvarez@correo.com;26;17906901
Ignacio;Fernández;Belgrano 6431;9 de Julio;Entre Ríos;ignaciofernandez@correo.com;51;39139894
Daniela;Flores;Alvear 5767;San Martin;Neuquén;danielaflores@correo.com;69;20597262
Nicolás;Torres;Belgrano 1133;Palermo;Chaco;nicolastorres@correo.com;32;38986604
Victoria;González;Lavalle 6657;Rosario de la Cruz;Tucumán;victoriagonzalez@correo.com;35;31916944
Ignacio;Martínez;Urquiza 7538;San Miguel;Chaco;ignaciomartinez@correo.com;42;20419906
Nicolás;Rodríguez;Pueyrredón 2702;Rosario de la Cruz;Tucumán;nicolasrodriguez@correo.com;50;46655417
Gonzalo;Rodríguez;Alvear 5740;San Miguel;Tucumán;gonzalorodriguez@correo.com;67;41566906
Luis;Flores;Lavalle 1297;San Martin;Entre Ríos;luisflores@correo.com;34;41691296
Camila;Peralta;Pueyrredón 9094;San Miguel;Buenos Aires;camilaperalta@correo.com;67;27416567
Camila;Pérez;Lavalle 8572;Rosario de la Cruz;Neuquén;camilaperez@correo.com;22;20688637
Sofía;García;Urquiza 1598;25 de Mayo;Santa Fe;sofiagarcia@correo.com;71;34861904
María;Ruiz;Lavalle 6709;Rosario de la Cruz;Salta;mariaruiz@correo.com;59;32949580
Ignacio;Sosa;Sarmiento 602;San Martin;Tucumán;ignaciososa@correo.com;62;46250215
Lucía;Molina;Mitre 4534;9 de Julio;Entre Ríos;luciamolina@correo.com;66;14055634
Nicolás;Romero;Urquiza 1759;Inmaculada Concepcion;Santa Fe;nicolasromero@correo.com;71;47882848
Nicolás;Ramírez;Belgrano 6407;Capitan Mendoza;Córdoba;nicolasramirez@correo.com;47;40929257
Gabriel;Ramírez;Belgrano 6236;San Martin;Mendoza;gabrielramirez@correo.com;48;11577109
Paula;Peralta;Rivadavia 9315;Gral. Pico;Córdoba;paulaperalta@correo.com;76;22064422
Ignacio;Benítez;Sarmiento 3233;Inmaculada Concepcion;Misiones;ignaciobenitez@correo.com;53;15290562
María;Romero;Pueyrredón 3958;Inmaculada Concepcion;Misiones;mariaromero@correo.com;64;37700448
Gabriel;Rodríguez;Urquiza 765;9 de Julio;Mendoza;gabrielrodriguez@correo.com;20;28960792
Nicolás;Martínez;Alvear 5666;San Miguel;Tucumán;nicolasmartinez@correo.com;56;18283132
Agustín;González;Av. San Martín 4851;Gral. Pico;Tucumán;agustingonzalez@correo.com;50;30218527
Sofía;Rodríguez;Urquiza 3596;Gral. Pico;Buenos Aires;sofiarodriguez@correo.com;29;37132048
Paula;Rodríguez;Sarmiento 3293;Rosario de la Cruz;Tucumán;paularodriguez@correo.com;49;25686406
Sara;Aguirre;Av. de Mayo 658;Capitan Mendoza;Salta;saraaguirre@correo.com;29;36530220
Isabella;Romero;Av. de Mayo 7290;San Martin;Misiones;isabellaromero@correo.com;74;38745850
Paula;Romero;Av. de Mayo 9752;25 de Mayo;Salta;paularomero@correo.com;77;17773324
Elena;Sosa;Sarmiento 2628;Gral. Pico;Misiones;elenasosa@correo.com;61;31223588
Camila;Herrera;Av. San Martín 2657;Palermo;Buenos Aires;camilaherrera@correo.com;44;38425162
María;Molina;Belgrano 6427;Rosario de la Cruz;Mendoza;mariamolina@correo.com;50;11501640
Gabriel;Sánchez;Mitre 6077;Palermo;Santa Fe;gabrielsanchez@correo.com;37;25236367
Sofía;Benítez;Urquiza 2781;San Miguel;Salta;sofiabenitez@correo.com;83;13878365
Joaquín;Benítez;Sarmiento 3950;Gral. Pico;Córdoba;joaquinbenitez@correo.com;73;11627278
Gonzalo;López;Pueyrredón 4156;Palermo;Neuquén;gonzalolopez@correo.com;61;35396142
Mateo;Vidal;Av. de Mayo 3894;Gral. Pico;Misiones;mateovidal@correo.com;76;24451805
Mateo;Torres;Mitre 282;Inmaculada Concepcion;Santa Fe;mateotorres@correo.com;67;44390217
Agustín;Castro;Pueyrredón 5781;San Miguel;Salta;agustincastro@correo.com;74;27903487
Agustín;Álvarez;Urquiza 6810;Palermo;Tucumán;agustinalvarez@correo.com;22;17925906
Camila;Romero;Urquiza 9464;Capitan Mendoza;Buenos Aires;camilaromero@correo.com;68;20470784
Diego;Acosta;Alvear 9437;9 de Julio;Chaco;diegoacosta@correo.com;32;43063751
Sara;García;Lavalle 1100;San Miguel;Misiones;saragarcia@correo.com;51;20668533
Ana;Rojas;Lavalle 4910;Gral. Pico;Neuquén;anarojas@correo.com;73;31086789
Natalia;Guzmán;Mitre 5040;Gral. Pico;Santa Fe;nataliaguzman@correo.com;59;35222375
Victoria;Álvarez;Lavalle 8699;25 de Mayo;Tucumán;victoriaalvarez@correo.com;48;15025674
Abril;Rojas;Av. San Martín 9558;Rosario de la Cruz;Chaco;abrilrojas@correo.com;36;44494249
Javier;Romero;Belgrano 5433;Palermo;Santa Fe;javierromero@correo.com;56;41557960
Diego;Acosta;Sarmiento 6892;San Martin;Tucumán;diegoacosta@correo.com;30;22790013
Lucas;Benítez;Alvear 1036;San Martin;Misiones;lucasbenitez@correo.com;69;33424560
Sofía;Rodríguez;Av. de Mayo 4766;25 de Mayo;Entre Ríos;sofiarodriguez@correo.com;69;22870655
Carlos;Peralta;Sarmiento 3153;La Palta;Neuquén;carlosperalta@correo.com;69;43021038
Nicolás;Flores;Rivadavia 7717;La Palta;Buenos Aires;nicolasflores@correo.com;33;42273383
Lucas;Martínez;Urquiza 7367;San Miguel;Neuquén;lucasmartinez@correo.com;36;13685027
María;Díaz;Belgrano 9580;La Palta;Córdoba;mariadiaz@correo.com;67;24127987
Sara;Aguirre;Av. de Mayo 5072;San Miguel;Neuquén;saraaguirre@correo.com;72;25371354
Mateo;Rojas;Av. San Martín 3462;La Palta;Misiones;mateorojas@correo.com;27;19390751
Sofía;González;Av. de Mayo 2227;Inmaculada Concepcion;Salta;sofiagonzalez@correo.com;52;18310538
Victoria;Rodríguez;Alvear 540;Capitan Mendoza;Neuquén;victoriarodriguez@correo.com;43;24862211
Lucas;Rojas;Mitre 8699;Capitan Mendoza;Neuquén;lucasrojas@correo.com;82;25214867
María;Ramírez;Sarmiento 1797;Capitan Mendoza;Salta;mariaramirez@correo.com;42;12275842
Tomas;Álvarez;Av. de Mayo 5099;Rosario de la Cruz;Santa Fe;tomasalvarez@correo.com;50;43433893
Gonzalo;Díaz;Av. de Mayo 943;9 de Julio;Chaco;gonzalodiaz@correo.com;49;43786837
Valeria;Castro;Rivadavia 4981;Palermo;Tucumán;valeriacastro@correo.com;47;47361740
Carlos;Sánchez;Belgrano 9335;Rosario de la Cruz;Buenos Aires;carlossanchez@correo.com;59;38050356
Natalia;Silva;Alvear 7335;Rosario de la Cruz;Neuquén;nataliasilva@correo.com;65;25251499
Victoria;Acosta;Mitre 3946;Gral. Pico;Entre Ríos;victoriaacosta@correo.com;55;35035359
Lucía;Guzmán;Rivadavia 7129;Capitan Mendoza;Entre Ríos;luciaguzman@correo.com;42;42851429
Sara;Álvarez;Lavalle 8847;La Palta;Neuquén;saraalvarez@correo.com;63;18753901
Gabriel;Díaz;Rivadavia 1086;Rosario de la Cruz;Salta;gabrieldiaz@correo.com;81;45061870
Luis;Acosta;Pueyrredón 2794;San Martin;Neuquén;luisacosta@correo.com;48;17216350
Natalia;Martínez;Av. San Martín 5776;San Miguel;Salta;nataliamartinez@correo.com;68;24187583
Daniela;Peralta;Urquiza 4243;La Palta;Salta;danielaperalta@correo.com;27;17701674
Abril;Sosa;Sarmiento 2857;La Palta;Salta;abrilsosa@correo.com;41;11333134
Ezequiel;Peralta;Av. San Martín 3749;Gral. Pico;Misiones;ezequielperalta@correo.com;29;17522479
Nicolás;Díaz;Sarmiento 4216;San Martin;Entre Ríos;nicolasdiaz@correo.com;30;17184014
Victoria;Rojas;Av. San Martín 8763;25 de Mayo;Salta;victoriarojas@correo.com;35;32815695
Nicolás;Sosa;Urquiza 7928;Capitan Mendoza;Tucumán;nicolassosa@correo.com;82;29874007
Nicolás;Álvarez;Urquiza 2143;Inmaculada Concepcion;Buenos Aires;nicolasalvarez@correo.com;66;18266350
Valeria;Gómez;Urquiza 745;Palermo;Entre Ríos;valeriagomez@correo.com;18;25425889
Tomas;García;Sarmiento 2866;Gral. Pico;Neuquén;tomasgarcia@correo.com;42;14425641
Natalia;Castro;Sarmiento 8055;San Miguel;Neuquén;nataliacastro@correo.com;65;19612099
Gonzalo;Acosta;Belgrano 1951;San Martin;Córdoba;gonzaloacosta@correo.com;48;36253541
Santiago;Pérez;Lavalle 1265;San Martin;Entre Ríos;santiagoperez@correo.com;72;32289615
Abril;Gómez;Rivadavia 1732;9 de Julio;Misiones;abrilgomez@correo.com;55;32490550
Lucas;Guzmán;Alvear 1676;Rosario de la Cruz;Buenos Aires;lucasguzman@correo.com;65;13803355
Ana;Aguirre;Mitre 4440;Inmaculada Concepcion;Tucumán;anaaguirre@correo.com;33;24791413
Sara;Acosta;Sarmiento 7760;Inmaculada Concepcion;Chaco;saraacosta@correo.com;53;25327774
Tomas;Pérez;Av. de Mayo 8488;Inmaculada Concepcion;Santa Fe;tomasperez@correo.com;68;24542843
Camila;Giménez;Sarmiento 9375;9 de Julio;Salta;camilagimenez@correo.com;28;15178641
Abril;Ramírez;Av. de Mayo 4858;Inmaculada Concepcion;Entre Ríos;abrilramirez@correo.com;81;16815893
Gonzalo;Acosta;Urquiza 9433;25 de Mayo;Córdoba;gonzaloacosta@correo.com;54;27555342
Camila;Benítez;Pueyrredón 562;San Martin;Mendoza;camilabenitez@correo.com;67;38984595
Sofía;Acosta;Av. San Martín 990;Gral. Pico;Mendoza;sofiaacosta@correo.com;22;11288407
Lucas;Peralta;Belgrano 5301;San Miguel;Mendoza;lucasperalta@correo.com;83;14023241
Carlos;Rojas;Av. San Martín 5771;San Miguel;Chaco;carlosrojas@correo.com;22;23726641
Lucía;Fernández;Pueyrredón 2519;La Palta;Chaco;luciafernandez@correo.com;60;37747067
Nicolás;Acosta;Av. de Mayo 1842;San Miguel;Buenos Aires;nicolasacosta@correo.com;56;33186665
María;Fernández;Lavalle 5960;San Miguel;Neuquén;mariafernandez@correo.com;26;12852379
Carlos;Benítez;Urquiza 237;Palermo;Buenos Aires;carlosbenitez@correo.com;52;26448143
Natalia;Castro;Av. de Mayo 3920;Inmaculada Concepcion;Tucumán;nataliacastro@correo.com;70;35360238
Agustín;Silva;Rivadavia 2017;Gral. Pico;Misiones;agustinsilva@correo.com;64;47378417
Diego;Flores;Sarmiento 8705;Inmaculada Concepcion;Tucumán;diegoflores@correo.com;33;35773445
Tomas;Giménez;Av. de Mayo 2407;San Miguel;Misiones;tomasgimenez@correo.com;61;40647923
Diego;Sosa;Pueyrredón 9273;Gral. Pico;Chaco;diegososa@correo.com;30;35986065
Tomas;Molina;Urquiza 4597;San Martin;Buenos Aires;tomasmolina@correo.com;42;40998957
Ana;Torres;Belgrano 4868;Palermo;Neuquén;anatorres@correo.com;32;28435657
Javier;Acosta;Sarmiento 9965;San Miguel;Entre Ríos;javieracosta@correo.com;65;24257549
Diego;Flores;Sarmiento 1221;Capitan Mendoza;Misiones;diegoflores@correo.com;58;44002380
Gonzalo;Molina;Alvear 1424;San Martin;Córdoba;gonzalomolina@correo.com;48;42537208
Carlos;Álvarez;Av. de Mayo 564;San Miguel;Tucumán;carlosalvarez@correo.com;73;31131784
Valeria;Rodríguez;Sarmiento 5999;Palermo;Chaco;valeriarodriguez@correo.com;35;28582862
Lucas;Pérez;Urquiza 677;Palermo;Mendoza;lucasperez@correo.com;51;44311468
Paula;Sánchez;Mitre 8537;Palermo;Córdoba;paulasanchez@correo.com;43;40977179
Natalia;Rojas;Pueyrredón 8722;San Miguel;Chaco;nataliarojas@correo.com;70;32791562
Sara;Pérez;Lavalle 7432;Rosario de la Cruz;Chaco;saraperez@correo.com;75;32283778
Paula;Vidal;Urquiza 1397;Palermo;Misiones;paulavidal@correo.com;58;39218435
Paula;Castro;Rivadavia 8696;25 de Mayo;Misiones;paulacastro@correo.com;43;47164142
Elena;Guzmán;Lavalle 1638;La Palta;Entre Ríos;elenaguzman@correo.com;65;24129918
Ezequiel;Molina;Sarmiento 7472;25 de Mayo;Chaco;ezequielmolina@correo.com;39;26582066
Gonzalo;Ruiz;Av. de Mayo 3755;Palermo;Chaco;gonzaloruiz@correo.com;74;19306092
Camila;Rojas;Alvear 93;Capitan Mendoza;Tucumán;camilarojas@correo.com;20;27163380
Camila;Guzmán;Urquiza 470;La Palta;Santa Fe;camilaguzman@correo.com;56;18361736
Ignacio;Ruiz;Av. de Mayo 9357;25 de Mayo;Mendoza;ignacioruiz@correo.com;73;35401412
Joaquín;Torres;Belgrano 8858;San Martin;Salta;joaquintorres@correo.com;69;27458978
Javier;Ruiz;Alvear 5284;La Palta;Entre Ríos;javierruiz@correo.com;83;31543760
Diego;Álvarez;Alvear 7562;Palermo;Salta;diegoalvarez@correo.com;43;17577605
Luis;Herrera;Alvear 6737;Gral. Pico;Santa Fe;luisherrera@correo.com;84;33579709
Javier;González;Lavalle 2170;La Palta;Santa Fe;javiergonzalez@correo.com;42;44444459
Lucía;Sosa;Urquiza 1158;Palermo;Mendoza;luciasosa@correo.com;53;39870862
Gabriel;Romero;Lavalle 2554;Rosario de la Cruz;Mendoza;gabrielromero@correo.com;72;23348955
Luis;Torres;Av. de Mayo 9707;Gral. Pico;Misiones;luistorres@correo.com;49;12347320
Natalia;Pérez;Sarmiento 7489;Gral. Pico;Misiones;nataliaperez@correo.com;19;45927706
Mateo;Romero;Alvear 9429;9 de Julio;Tucumán;mateoromero@correo.com;74;30632307
Ana;Flores;Sarmiento 4789;Palermo;Tucumán;anaflores@correo.com;27;22997000
María;López;Av. de Mayo 9579;Palermo;Córdoba;marialopez@correo.com;53;19168825
Valeria;Sosa;Belgrano 6769;9 de Julio;Neuquén;valeriasosa@correo.com;73;23980974
Gabriel;Fernández;Alvear 557;Capitan Mendoza;Salta;gabrielfernandez@correo.com;59;38719238
Javier;Rojas;Sarmiento 1868;Rosario de la Cruz;Buenos Aires;javierrojas@correo.com;67;26008103
Valeria;Rojas;Belgrano 4406;Palermo;Mendoza;valeriarojas@correo.com;21;25647273
Gonzalo;Álvarez;Sarmiento 813;Gral. Pico;Chaco;gonzaloalvarez@correo.com;44;31646700
Agustín;Fernández;Rivadavia 9810;La Palta;Buenos Aires;agustinfernandez@correo.com;61;43183796
Elena;Vidal;Av. San Martín 2870;La Palta;Entre Ríos;elenavidal@correo.com;69;34429827
Ana;López;Rivadavia 991;San Miguel;Entre Ríos;analopez@correo.com;25;17645424
Santiago;Pérez;Lavalle 6281;9 de Julio;Salta;santiagoperez@correo.com;27;41013773
Sara;Acosta;Alvear 2954;Inmaculada Concepcion;Buenos Aires;saraacosta@correo.com;19;19757044
María;Torres;Av. San Martín 30;San Martin;Misiones;mariatorres@correo.com;81;35309982
Daniela;Álvarez;Av. San Martín 5823;Palermo;Córdoba;danielaalvarez@correo.com;20;35115497
Javier;Peralta;Alvear 904;25 de Mayo;Córdoba;javierperalta@correo.com;61;41770049
Elena;Guzmán;Urquiza 1882;Palermo;Córdoba;elenaguzman@correo.com;24;46518936
Javier;Rojas;Lavalle 5377;San Martin;Neuquén;javierrojas@correo.com;80;24282643
Martina;Rodríguez;Sarmiento 7346;Gral. Pico;Santa Fe;martinarodriguez@correo.com;68;44175828
Camila;Molina;Urquiza 9894;Gral. Pico;Buenos Aires;camilamolina@correo.com;38;19471528
Gabriel;Flores;Pueyrredón 2276;Inmaculada Concepcion;Chaco;gabrielflores@correo.com;83;17749345
Tomas;Sosa;Urquiza 7111;San Miguel;Mendoza;tomassosa@correo.com;38;16057352
Isabella;Flores;Lavalle 4315;Rosario de la Cruz;Neuquén;isabellaflores@correo.com;61;26917071
Ezequiel;Romero;Lavalle 197;San Martin;Entre Ríos;ezequielromero@correo.com;22;32289927
Camila;Pérez;Av. San Martín 6085;Gral. Pico;Córdoba;camilaperez@correo.com;73;38444818
Tomas;Ramírez;Urquiza 5999;San Miguel;Tucumán;tomasramirez@correo.com;46;26803175
Lucía;Peralta;Av. de Mayo 6219;Gral. Pico;Santa Fe;luciaperalta@correo.com;76;29100758
Carlos;Rodríguez;Av. San Martín 6713;Inmaculada Concepcion;Misiones;carlosrodriguez@correo.com;74;29706003
Camila;Díaz;Belgrano 8150;Gral. Pico;Tucumán;camiladiaz@correo.com;22;27964168
Sofía;Herrera;Lavalle 1033;Gral. Pico;Buenos Aires;sofiaherrera@correo.com;56;23493675
Ezequiel;Medina;Rivadavia 9779;Rosario de la Cruz;Chaco;ezequielmedina@correo.com;81;13789268
Sara;Torres;Rivadavia 2567;9 de Julio;Buenos Aires;saratorres@correo.com;83;12073798
Diego;Benítez;Urquiza 9594;San Martin;Salta;diegobenitez@correo.com;35;13601441
Isabella;Torres;Sarmiento 4708;Capitan Mendoza;Santa Fe;isabellatorres@correo.com;34;23365019
Sofía;Rodríguez;Urquiza 1732;25 de Mayo;Córdoba;sofiarodriguez@correo.com;51;32754172
Valeria;Romero;Alvear 1082;Rosario de la Cruz;Mendoza;valeriaromero@correo.com;38;44759900
Camila;Ruiz;Av. de Mayo 4827;Palermo;Mendoza;camilaruiz@correo.com;48;27576331
Ignacio;Romero;Alvear 6811;San Martin;Santa Fe;ignacioromero@correo.com;28;39357049
Joaquín;González;Rivadavia 43;Palermo;Misiones;joaquingonzalez@correo.com;70;29856542
Gabriel;Aguirre;Lavalle 4036;San Martin;Buenos Aires;gabrielaguirre@correo.com;19;21640045
Diego;Medina;Urquiza 5079;Gral. Pico;Tucumán;diegomedina@correo.com;26;40702163
María;Peralta;Rivadavia 8290;San Miguel;Buenos Aires;mariaperalta@correo.com;65;15516995
Elena;Giménez;Rivadavia 7680;San Miguel;Salta;elenagimenez@correo.com;47;47805713
Lucas;Díaz;Av. San Martín 5349;Gral. Pico;Buenos Aires;lucasdiaz@correo.com;59;36722557
Sofía;Herrera;Av. San Martín 7002;Inmaculada Concepcion;Buenos Aires;sofiaherrera@correo.com;70;31912178
Natalia;Fernández;Urquiza 8512;Palermo;Entre Ríos;nataliafernandez@correo.com;82;20667808
Gabriel;Flores;Urquiza 3576;San Martin;Mendoza;gabrielflores@correo.com;66;29913752
María;Pérez;Lavalle 428;25 de Mayo;Santa Fe;mariaperez@correo.com;27;37328615
Nicolás;Torres;Av. San Martín 8859;9 de Julio;Salta;nicolastorres@correo.com;23;16320319
Abril;Ramírez;Alvear 7947;Inmaculada Concepcion;Misiones;abrilramirez@correo.com;62;31720485
Ignacio;Castro;Lavalle 7326;Capitan Mendoza;Santa Fe;ignaciocastro@correo.com;68;28455459
Sofía;Guzmán;Belgrano 7918;Capitan Mendoza;Santa Fe;sofiaguzman@correo.com;75;25022353
Ezequiel;Ruiz;Lavalle 305;25 de Mayo;Tucumán;ezequielruiz@correo.com;64;44482786
María;Giménez;Pueyrredón 221;La Palta;Neuquén;mariagimenez@correo.com;48;47589307
Paula;Romero;Alvear 8647;Gral. Pico;Salta;paularomero@correo.com;58;46522550
Ezequiel;Torres;Rivadavia 3579;Rosario de la Cruz;Tucumán;ezequieltorres@correo.com;18;38028068
Santiago;Sánchez;Urquiza 3379;San Martin;Tucumán;santiagosanchez@correo.com;75;43567884
Agustín;Molina;Rivadavia 1294;Inmaculada Concepcion;Tucumán;agustinmolina@correo.com;72;35972145
Carlos;Romero;Alvear 3145;Capitan Mendoza;Mendoza;carlosromero@correo.com;18;18179688
Paula;Díaz;Urquiza 7739;San Miguel;Neuquén;pauladiaz@correo.com;55;25618317
Nicolás;Martínez;Belgrano 1930;San Miguel;Chaco;nicolasmartinez@correo.com;57;44777560
Lucas;Benítez;Pueyrredón 5065;25 de Mayo;Salta;lucasbenitez@correo.com;25;11653652
Ezequiel;Ruiz;Sarmiento 579;9 de Julio;Buenos Aires;ezequielruiz@correo.com;36;34685187
Victoria;Medina;Alvear 8852;9 de Julio;Misiones;victoriamedina@correo.com;18;27794944
Valeria;Ramírez;Belgrano 5081;Palermo;Tucumán;valeriaramirez@correo.com;67;25191472
Mateo;Herrera;Mitre 4110;Capitan Mendoza;Mendoza;mateoherrera@correo.com;70;12404843
Santiago;González;Av. San Martín 6611;25 de Mayo;Chaco;santiagogonzalez@correo.com;76;20838112
Martina;Giménez;Urquiza 5421;Rosario de la Cruz;Santa Fe;martinagimenez@correo.com;48;16212896
Ignacio;Giménez;Alvear 8292;San Miguel;Buenos Aires;ignaciogimenez@correo.com;28;23604791
Paula;Torres;Sarmiento 2911;Gral. Pico;Mendoza;paulatorres@correo.com;60;13781258
María;Vidal;Alvear 6258;San Miguel;Misiones;mariavidal@correo.com;28;30739237
Luis;Molina;Av. San Martín 1848;Palermo;Entre Ríos;luismolina@correo.com;37;22334087
Abril;Ramírez;Belgrano 4351;25 de Mayo;Misiones;abrilramirez@correo.com;39;15499410
María;Medina;Belgrano 9887;San Miguel;Salta;mariamedina@correo.com;31;18933051
Martina;Ruiz;Av. San Martín 7088;Gral. Pico;Entre Ríos;martinaruiz@correo.com;77;25973178
Agustín;Álvarez;Av. de Mayo 5733;9 de Julio;Chaco;agustinalvarez@correo.com;47;46382671
Javier;Flores;Pueyrredón 2108;San Miguel;Buenos Aires;javierflores@correo.com;76;21055541
Ezequiel;Medina;Alvear 5343;Inmaculada Concepcion;Mendoza;ezequielmedina@correo.com;19;35591601
Gonzalo;López;Av. San Martín 3201;25 de Mayo;Chaco;gonzalolopez@correo.com;66;38602881
Elena;Silva;Av. San Martín 2167;Rosario de la Cruz;Tucumán;elenasilva@correo.com;50;28312946
Paula;Castro;Av. San Martín 7314;San Martin;Santa Fe;paulacastro@correo.com;84;12820003
Ana;Castro;Rivadavia 2635;San Miguel;Entre Ríos;anacastro@correo.com;63;35288411
Ezequiel;Romero;Rivadavia 4491;San Martin;Córdoba;ezequielromero@correo.com;83;18400344
Diego;Pérez;Lavalle 6687;9 de Julio;Mendoza;diegoperez@correo.com;45;27264860
Martina;Rodríguez;Av. de Mayo 3998;9 de Julio;Santa Fe;martinarodriguez@correo.com;64;12806721
Nicolás;Flores;Av. de Mayo 873;Gral. Pico;Salta;nicolasflores@correo.com;44;21415512
Isabella;Acosta;Mitre 3408;Gral. Pico;Chaco;isabellaacosta@correo.com;80;45662217
Ignacio;Peralta;Pueyrredón 8210;San Martin;Salta;ignacioperalta@correo.com;50;22054271
Natalia;Rodríguez;Belgrano 2341;25 de Mayo;Santa Fe;nataliarodriguez@correo.com;45;47846559
Elena;González;Pueyrredón 4715;9 de Julio;Córdoba;elenagonzalez@correo.com;58;20463830
Lucas;Gómez;Alvear 1320;La Palta;Córdoba;lucasgomez@correo.com;23;25345194
Natalia;Herrera;Sarmiento 4022;Inmaculada Concepcion;Chaco;nataliaherrera@correo.com;20;24951990
Luis;Díaz;Mitre 2362;Inmaculada Concepcion;Santa Fe;luisdiaz@correo.com;79;47746815
Sofía;Pérez;Belgrano 3410;25 de Mayo;Buenos Aires;sofiaperez@correo.com;31;26279148
Diego;Fernández;Lavalle 6759;Rosario de la Cruz;Salta;diegofernandez@correo.com;22;31399423
Diego;Torres;Lavalle 3391;Rosario de la Cruz;Neuquén;diegotorres@correo.com;72;22567117
Santiago;Medina;Pueyrredón 3620;Inmaculada Concepcion;Chaco;santiagomedina@correo.com;48;13047243
Luis;Silva;Rivadavia 5063;Rosario de la Cruz;Buenos Aires;luissilva@correo.com;36;32408837
Luis;Rodríguez;Sarmiento 4138;Rosario de la Cruz;Santa Fe;luisrodriguez@correo.com;63;34773182
Agustín;Castro;Belgrano 8642;25 de Mayo;Mendoza;agustincastro@correo.com;30;32445873
Nicolás;Sosa;Alvear 3333;Inmaculada Concepcion;Mendoza;nicolassosa@correo.com;23;16871792
Diego;Herrera;Rivadavia 9750;Inmaculada Concepcion;Tucumán;diegoherrera@correo.com;58;28488607
Paula;Rojas;Lavalle 8837;9 de Julio;Neuquén;paularojas@correo.com;76;29989880
Ezequiel;Vidal;Rivadavia 9464;Inmaculada Concepcion;Salta;ezequielvidal@correo.com;73;43005788
Lucas;Romero;Urquiza 1115;25 de Mayo;Córdoba;lucasromero@correo.com;64;33210600
María;Ruiz;Belgrano 2911;9 de Julio;Entre Ríos;mariaruiz@correo.com;73;14222939
Martina;Molina;Pueyrredón 4459;Gral. Pico;Chaco;martinamolina@correo.com;25;47294349
Camila;López;Rivadavia 2007;Inmaculada Concepcion;Santa Fe;camilalopez@correo.com;46;44886522
Tomas;Giménez;Urquiza 9975;Inmaculada Concepcion;Buenos Aires;tomasgimenez@correo.com;74;42735496
Joaquín;López;Rivadavia 8019;Inmaculada Concepcion;Mendoza;joaquinlopez@correo.com;19;25930353
Elena;Martínez;Mitre 3241;San Martin;Tucumán;elenamartinez@correo.com;82;17013072
Joaquín;Benítez;Pueyrredón 9989;25 de Mayo;Buenos Aires;joaquinbenitez@correo.com;22;21784962
Ezequiel;Giménez;Pueyrredón 1319;Gral. Pico;Salta;ezequielgimenez@correo.com;46;38924827
Sofía;Acosta;Rivadavia 516;Rosario de la Cruz;Mendoza;sofiaacosta@correo.com;31;29246355
Tomas;Peralta;Alvear 5288;San Miguel;Entre Ríos;tomasperalta@correo.com;41;46990424
Lucía;Torres;Av. San Martín 1679;La Palta;Buenos Aires;luciatorres@correo.com;46;35854580
Ezequiel;Fernández;Mitre 6404;Gral. Pico;Mendoza;ezequielfernandez@correo.com;61;40649085
Martina;Martínez;Av. San Martín 5976;San Martin;Buenos Aires;martinamartinez@correo.com;63;15215412
Santiago;Medina;Belgrano 7762;San Miguel;Neuquén;santiagomedina@correo.com;70;45153126
Gabriel;Rodríguez;Pueyrredón 4134;La Palta;Tucumán;gabrielrodriguez@correo.com;73;15210275
Ana;López;Mitre 6849;Palermo;Chaco;analopez@correo.com;45;14390241
Tomas;Castro;Pueyrredón 7802;Gral. Pico;Neuquén;tomascastro@correo.com;63;24925927
Tomas;Sánchez;Av. de Mayo 1371;La Palta;Mendoza;tomassanchez@correo.com;78;42915238
Gonzalo;García;Mitre 9405;Inmaculada Concepcion;Salta;gonzalogarcia@correo.com;32;23572204
Gonzalo;Romero;Lavalle 8585;Rosario de la Cruz;Neuquén;gonzaloromero@correo.com;60;47112652
Sara;Romero;Belgrano 6613;Palermo;Neuquén;sararomero@correo.com;40;13071840
Ezequiel;Rodríguez;Av. San Martín 922;25 de Mayo;Entre Ríos;ezequielrodriguez@correo.com;60;27839889
Ignacio;López;Belgrano 5808;San Miguel;Entre Ríos;ignaciolopez@correo.com;40;12972686
Lucas;Pérez;Alvear 2782;San Martin;Entre Ríos;lucasperez@correo.com;82;46880498
Gonzalo;Rodríguez;Av. San Martín 1007;San Martin;Tucumán;gonzalorodriguez@correo.com;27;30431248
Diego;Ramírez;Belgrano 1311;La Palta;Tucumán;diegoramirez@correo.com;48;26598836
Ignacio;López;Sarmiento 5303;La Palta;Entre Ríos;ignaciolopez@correo.com;53;47708039
Luis;Rojas;Pueyrredón 4233;Gral. Pico;Santa Fe;luisrojas@correo.com;37;21640017
Lucas;Ramírez;Sarmiento 5798;La Palta;Neuquén;lucasramirez@correo.com;63;27566251
Javier;Ramírez;Rivadavia 8189;Palermo;Buenos Aires;javierramirez@correo.com;74;33694846
Daniela;Fernández;Lavalle 6252;Palermo;Neuquén;danielafernandez@correo.com;20;38590477
Santiago;Vidal;Rivadavia 1728;Inmaculada Concepcion;Chaco;santiagovidal@correo.com;53;46195995
Isabella;Benítez;Mitre 7747;San Martin;Chaco;isabellabenitez@correo.com;53;38545312
Diego;Álvarez;Lavalle 9427;Rosario de la Cruz;Mendoza;diegoalvarez@correo.com;45;43700725
Valeria;Rodríguez;Pueyrredón 1728;Gral. Pico;Tucumán;valeriarodriguez@correo.com;53;46753413
Carlos;Álvarez;Urquiza 1038;San Miguel;Neuquén;carlosalvarez@correo.com;22;37199087
Isabella;Peralta;Pueyrredón 2112;25 de Mayo;Misiones;isabellaperalta@correo.com;30;31696077
Tomas;Silva;Belgrano 6329;Gral. Pico;Mendoza;tomassilva@correo.com;21;39586148
Victoria;Torres;Rivadavia 9602;Inmaculada Concepcion;Salta;victoriatorres@correo.com;22;26703478
Lucía;Rojas;Alvear 9951;La Palta;Neuquén;luciarojas@correo.com;24;41818483
Sara;Acosta;Av. de Mayo 8236;Inmaculada Concepcion;Chaco;saraacosta@correo.com;31;11064282
Valeria;Sosa;Urquiza 3812;Capitan Mendoza;Neuquén;valeriasosa@correo.com;68;14502218
Ezequiel;López;Av. San Martín 7927;Palermo;Tucumán;ezequiellopez@correo.com;80;17404107
Diego;Guzmán;Lavalle 429;9 de Julio;Tucumán;diegoguzman@correo.com;43;18894913
Lucas;Vidal;Sarmiento 9936;Inmaculada Concepcion;Córdoba;lucasvidal@correo.com;48;36515418
Joaquín;Sosa;Av. San Martín 4932;Rosario de la Cruz;Santa Fe;joaquinsosa@correo.com;53;15417424
Abril;Fernández;Lavalle 9519;Inmaculada Concepcion;Tucumán;abrilfernandez@correo.com;53;30304821
Nicolás;Álvarez;Av. San Martín 8248;San Miguel;Chaco;nicolasalvarez@correo.com;54;41680526
Ignacio;Díaz;Urquiza 5727;San Miguel;Mendoza;ignaciodiaz@correo.com;78;42816523
Gonzalo;Rojas;Av. de Mayo 1539;Gral. Pico;Mendoza;gonzalorojas@correo.com;39;21048939
Abril;Sánchez;Sarmiento 9089;Palermo;Tucumán;abrilsanchez@correo.com;81;36922756
Diego;Sosa;Lavalle 7268;Capitan Mendoza;Buenos Aires;diegososa@correo.com;65;43860829
Diego;Martínez;Lavalle 6661;Inmaculada Concepcion;Córdoba;diegomartinez@correo.com;49;12022205
Natalia;Ruiz;Av. de Mayo 1104;25 de Mayo;Neuquén;nataliaruiz@correo.com;64;29067752
Valeria;Flores;Av. de Mayo 6336;Palermo;Santa Fe;valeriaflores@correo.com;21;18571937
Victoria;Vidal;Alvear 3033;Capitan Mendoza;Buenos Aires;victoriavidal@correo.com;51;19993670
Paula;Sánchez;Urquiza 9478;Palermo;Entre Ríos;paulasanchez@correo.com;70;17832625
Mateo;Ramírez;Lavalle 6518;25 de Mayo;Neuquén;mateoramirez@correo.com;67;34434983
Isabella;García;Sarmiento 573;9 de Julio;Entre Ríos;isabellagarcia@correo.com;50;19600093
Gonzalo;Guzmán;Pueyrredón 3224;Inmaculada Concepcion;Entre Ríos;gonzaloguzman@correo.com;41;27810568
Ignacio;Castro;Alvear 6207;Capitan Mendoza;Tucumán;ignaciocastro@correo.com;80;28294714
Gabriel;García;Alvear 3007;Palermo;Buenos Aires;gabrielgarcia@correo.com;66;25703181
Valeria;Acosta;Urquiza 4844;Gral. Pico;Córdoba;valeriaacosta@correo.com;27;18827648
Isabella;Giménez;Av. de Mayo 3127;Gral. Pico;Neuquén;isabellagimenez@correo.com;30;25295580
Gabriel;Vidal;Av. San Martín 1929;25 de Mayo;Neuquén;gabrielvidal@correo.com;75;46481468
Joaquín;Gómez;Belgrano 4315;9 de Julio;Tucumán;joaquingomez@correo.com;57;33710312
Natalia;Benítez;Av. de Mayo 6846;La Palta;Santa Fe;nataliabenitez@correo.com;63;20782317
Natalia;Castro;Sarmiento 3628;Capitan Mendoza;Neuquén;nataliacastro@correo.com;22;16357934
Sara;Martínez;Av. de Mayo 9301;9 de Julio;Misiones;saramartinez@correo.com;42;42247402
Mateo;Álvarez;Av. de Mayo 5019;Gral. Pico;Entre Ríos;mateoalvarez@correo.com;80;11528206
Mateo;Martínez;Av. de Mayo 1069;9 de Julio;Tucumán;mateomartinez@correo.com;31;36356362
Elena;Álvarez;Av. de Mayo 4118;Capitan Mendoza;Mendoza;elenaalvarez@correo.com;28;28047705
María;Benítez;Av. San Martín 6341;La Palta;Mendoza;mariabenitez@correo.com;27;18072016
Victoria;Romero;Av. de Mayo 7198;San Martin;Neuquén;victoriaromero@correo.com;35;38203836
Mateo;Sánchez;Sarmiento 6587;25 de Mayo;Córdoba;mateosanchez@correo.com;57;41641404
Natalia;Acosta;Lavalle 188;San Martin;Entre Ríos;nataliaacosta@correo.com;44;44789727
Tomas;Guzmán;Urquiza 7901;Gral. Pico;Salta;tomasguzman@correo.com;19;32098687
María;Silva;Rivadavia 7038;Inmaculada Concepcion;Chaco;mariasilva@correo.com;58;33962379
Paula;Silva;Lavalle 2424;9 de Julio;Santa Fe;paulasilva@correo.com;36;11875581
Santiago;Vidal;Belgrano 4976;La Palta;Entre Ríos;santiagovidal@correo.com;22;26289213
Joaquín;Benítez;Sarmiento 3600;9 de Julio;Misiones;joaquinbenitez@correo.com;73;40379122
Ignacio;Sosa;Rivadavia 7694;La Palta;Salta;ignaciososa@correo.com;69;41282016
Gonzalo;Molina;Lavalle 5199;La Palta;Neuquén;gonzalomolina@correo.com;46;24809218
María;Ramírez;Belgrano 1964;Rosario de la Cruz;Mendoza;mariaramirez@correo.com;68;16772258
Tomas;Giménez;Alvear 7428;Capitan Mendoza;Córdoba;tomasgimenez@correo.com;58;25670484
Joaquín;Benítez;Alvear 6030;25 de Mayo;Misiones;joaquinbenitez@correo.com;25;27312842
Luis;Guzmán;Rivadavia 7496;La Palta;Misiones;luisguzman@correo.com;35;45882892
María;Pérez;Rivadavia 8457;Gral. Pico;Santa Fe;mariaperez@correo.com;53;29594584
María;Romero;Sarmiento 259;Gral. Pico;Misiones;mariaromero@correo.com;44;20749515
Luis;Castro;Alvear 6588;Gral. Pico;Córdoba;luiscastro@correo.com;54;18307973
Paula;Peralta;Av. San Martín 6336;La Palta;Mendoza;paulaperalta@correo.com;53;27972786
Paula;Giménez;Urquiza 4153;San Martin;Entre Ríos;paulagimenez@correo.com;37;39559261
Sara;Rojas;Belgrano 5747;Gral. Pico;Entre Ríos;sararojas@correo.com;29;31378585
Lucía;Flores;Urquiza 3484;San Martin;Córdoba;luciaflores@correo.com;45;37566407
Gonzalo;Pérez;Belgrano 9722;Capitan Mendoza;Chaco;gonzaloperez@correo.com;50;33394527
Carlos;Silva;Av. San Martín 2735;25 de Mayo;Salta;carlossilva@correo.com;55;12915278
Ana;Ramírez;Belgrano 8194;Inmaculada Concepcion;Córdoba;anaramirez@correo.com;41;18935893
Lucas;García;Pueyrredón 5333;Palermo;Buenos Aires;lucasgarcia@correo.com;51;18487504
Joaquín;Álvarez;Sarmiento 5934;Gral. Pico;Entre Ríos;joaquinalvarez@correo.com;25;42207227
Lucía;Fernández;Urquiza 9702;San Martin;Chaco;luciafernandez@correo.com;33;35493406
Natalia;Rodríguez;Av. de Mayo 5487;25 de Mayo;Neuquén;nataliarodriguez@correo.com;56;38604145
Nicolás;Benítez;Rivadavia 484;Inmaculada Concepcion;Santa Fe;nicolasbenitez@correo.com;61;15178773
Nicolás;Castro;Sarmiento 8757;Gral. Pico;Tucumán;nicolascastro@correo.com;70;46670050
Isabella;Castro;Pueyrredón 3073;Capitan Mendoza;Entre Ríos;isabellacastro@correo.com;21;38119887
Diego;Silva;Lavalle 7757;Palermo;Salta;diegosilva@correo.com;47;32036570
Abril;Flores;Sarmiento 9854;Capitan Mendoza;Misiones;abrilflores@correo.com;63;19918755
Santiago;Acosta;Av. San Martín 2218;9 de Julio;Mendoza;santiagoacosta@correo.com;38;22105278
María;Sosa;Belgrano 6339;Rosario de la Cruz;Mendoza;mariasosa@correo.com;24;28777753
Paula;Torres;Lavalle 2278;25 de Mayo;Córdoba;paulatorres@correo.com;33;14025128
Lucas;Álvarez;Lavalle 6535;Gral. Pico;Misiones;lucasalvarez@correo.com;65;12850293
Gabriel;Sánchez;Pueyrredón 5331;25 de Mayo;Entre Ríos;gabrielsanchez@correo.com;44;11305517
Javier;Benítez;Rivadavia 8285;Rosario de la Cruz;Misiones;javierbenitez@correo.com;62;30916601
Ana;González;Alvear 4119;Inmaculada Concepcion;Chaco;anagonzalez@correo.com;59;25374038
Nicolás;Acosta;Belgrano 8172;Gral. Pico;Tucumán;nicolasacosta@correo.com;28;21350876
Abril;Rodríguez;Av. San Martín 2628;Rosario de la Cruz;Tucumán;abrilrodriguez@correo.com;78;38948826
Martina;Silva;Urquiza 7197;San Martin;Santa Fe;martinasilva@correo.com;19;15648028
Lucas;López;Av. San Martín 6372;San Martin;Tucumán;lucaslopez@correo.com;64;30590112
Elena;González;Belgrano 8474;Capitan Mendoza;Tucumán;elenagonzalez@correo.com;66;39295661
Ezequiel;Martínez;Rivadavia 6413;La Palta;Entre Ríos;ezequielmartinez@correo.com;69;15722628
Natalia;Medina;Urquiza 9975;Inmaculada Concepcion;Entre Ríos;nataliamedina@correo.com;31;32891198
Natalia;Torres;Rivadavia 2772;Rosario de la Cruz;Tucumán;nataliatorres@correo.com;52;43513546
Gabriel;Acosta;Pueyrredón 4477;San Miguel;Tucumán;gabrielacosta@correo.com;61;15492736
Abril;Silva;Mitre 7884;San Miguel;Mendoza;abrilsilva@correo.com;50;37947969
Lucas;Gómez;Av. de Mayo 9726;San Miguel;Mendoza;lucasgomez@correo.com;49;36618852
Tomas;Giménez;Mitre 6237;25 de Mayo;Misiones;tomasgimenez@correo.com;40;39218990
Ezequiel;Guzmán;Alvear 4417;25 de Mayo;Mendoza;ezequielguzman@correo.com;29;16854308
Agustín;Herrera;Mitre 824;25 de Mayo;Mendoza;agustinherrera@correo.com;53;28152141
Valeria;González;Av. de Mayo 3437;9 de Julio;Tucumán;valeriagonzalez@correo.com;75;44495002
Daniela;López;Urquiza 7410;25 de Mayo;Salta;danielalopez@correo.com;63;45882670
Abril;González;Lavalle 8151;San Martin;Santa Fe;abrilgonzalez@correo.com;29;38474138
Gabriel;Guzmán;Rivadavia 7126;La Palta;Santa Fe;gabrielguzman@correo.com;54;22747741
Elena;Peralta;Sarmiento 2505;San Martin;Santa Fe;elenaperalta@correo.com;50;21857459
Victoria;Gómez;Belgrano 9520;Palermo;Buenos Aires;victoriagomez@correo.com;59;47910043
Abril;Romero;Lavalle 3190;Rosario de la Cruz;Chaco;abrilromero@correo.com;48;42138450
Natalia;Molina;Mitre 448;Inmaculada Concepcion;Mendoza;nataliamolina@correo.com;54;47821424
Valeria;Romero;Pueyrredón 1492;La Palta;Buenos Aires;valeriaromero@correo.com;76;42259072
Sofía;Castro;Av. San Martín 695;San Miguel;Tucumán;sofiacastro@correo.com;19;13020981
Luis;Rojas;Av. San Martín 1372;Gral. Pico;Misiones;luisrojas@correo.com;44;25656964
Victoria;López;Rivadavia 440;Palermo;Misiones;victorialopez@correo.com;23;22203560
Gabriel;Rojas;Av. de Mayo 9764;Gral. Pico;Chaco;gabrielrojas@correo.com;75;11077188
Daniela;Rojas;Urquiza 4873;Capitan Mendoza;Chaco;danielarojas@correo.com;57;12604908
Sara;Giménez;Urquiza 4448;San Miguel;Córdoba;saragimenez@correo.com;41;23093285
Sofía;Pérez;Belgrano 3062;25 de Mayo;Córdoba;sofiaperez@correo.com;55;31772450
Sofía;Benítez;Sarmiento 8124;9 de Julio;Córdoba;sofiabenitez@correo.com;78;16162251
Carlos;Acosta;Av. San Martín 5308;San Martin;Santa Fe;carlosacosta@correo.com;57;38287214
Agustín;Molina;Sarmiento 1296;San Miguel;Neuquén;agustinmolina@correo.com;55;36326552
Santiago;García;Mitre 7424;25 de Mayo;Mendoza;santiagogarcia@correo.com;44;23091600
Luis;Medina;Belgrano 7482;9 de Julio;Mendoza;luismedina@correo.com;40;15994888
Carlos;Castro;Belgrano 5040;San Miguel;Mendoza;carloscastro@correo.com;74;35017529
Javier;Ruiz;Alvear 7935;San Martin;Santa Fe;javierruiz@correo.com;68;42624189
Diego;Fernández;Av. San Martín 3027;Gral. Pico;Misiones;diegofernandez@correo.com;75;14706258
Lucas;Fernández;Av. San Martín 3274;San Miguel;Chaco;lucasfernandez@correo.com;39;23291278
Gonzalo;Molina;Sarmiento 4504;Rosario de la Cruz;Chaco;gonzalomolina@correo.com;54;25349659
Gonzalo;González;Lavalle 9512;Rosario de la Cruz;Tucumán;gonzalogonzalez@correo.com;69;38349470
Valeria;Sosa;Av. de Mayo 7259;La Palta;Tucumán;valeriasosa@correo.com;79;12393870
Natalia;Ruiz;Mitre 5562;San Martin;Tucumán;nataliaruiz@correo.com;25;15083337
Luis;Rojas;Rivadavia 5694;San Miguel;Tucumán;luisrojas@correo.com;72;28597008
Mateo;Álvarez;Belgrano 6160;Inmaculada Concepcion;Mendoza;mateoalvarez@correo.com;38;18199251
Isabella;Sánchez;Rivadavia 4693;Rosario de la Cruz;Córdoba;isabellasanchez@correo.com;38;14082950
Lucas;Romero;Mitre 3345;La Palta;Neuquén;lucasromero@correo.com;82;34879893
Gabriel;Torres;Rivadavia 6060;25 de Mayo;Córdoba;gabrieltorres@correo.com;44;30692404
Lucas;Pérez;Sarmiento 9689;Gral. Pico;Buenos Aires;lucasperez@correo.com;37;12850008
Isabella;Medina;Sarmiento 9017;Capitan Mendoza;Santa Fe;isabellamedina@correo.com;27;33919206
Isabella;Díaz;Pueyrredón 7594;25 de Mayo;Santa Fe;isabelladiaz@correo.com;24;38972759
Diego;Sánchez;Mitre 8838;Inmaculada Concepcion;Entre Ríos;diegosanchez@correo.com;18;14748142
Luis;Ramírez;Lavalle 9923;Capitan Mendoza;Neuquén;luisramirez@correo.com;60;22841414
Mateo;Sosa;Sarmiento 2067;Inmaculada Concepcion;Buenos Aires;mateososa@correo.com;42;44600389
Ana;Martínez;Alvear 5364;Capitan Mendoza;Tucumán;anamartinez@correo.com;73;27637525
Abril;Torres;Lavalle 8076;La Palta;Santa Fe;abriltorres@correo.com;18;21959804
Daniela;Giménez;Alvear 7629;Palermo;Córdoba;danielagimenez@correo.com;45;22391893
Carlos;Sosa;Lavalle 3015;San Miguel;Mendoza;carlossosa@correo.com;77;22551409
Ezequiel;Benítez;Lavalle 2884;Palermo;Chaco;ezequielbenitez@correo.com;64;32289654
Abril;Flores;Alvear 7180;Capitan Mendoza;Córdoba;abrilflores@correo.com;59;34748034
Paula;López;Mitre 2296;Rosario de la Cruz;Santa Fe;paulalopez@correo.com;60;17759727
Mateo;Flores;Av. de Mayo 2675;Capitan Mendoza;Entre Ríos;mateoflores@correo.com;26;33552612
Javier;Ramírez;Belgrano 1277;25 de Mayo;Misiones;javierramirez@correo.com;47;46413642
Joaquín;Sosa;Urquiza 6948;Inmaculada Concepcion;Misiones;joaquinsosa@correo.com;59;29546305
Lucas;García;Sarmiento 4210;San Martin;Salta;lucasgarcia@correo.com;84;36221543
Sofía;Peralta;Av. San Martín 8390;25 de Mayo;Mendoza;sofiaperalta@correo.com;62;11419039
Ezequiel;Gómez;Mitre 828;La Palta;Santa Fe;ezequielgomez@correo.com;31;16216636
Martina;Benítez;Lavalle 2971;Palermo;Córdoba;martinabenitez@correo.com;25;46612520
Mateo;Silva;Rivadavia 7772;9 de Julio;Misiones;mateosilva@correo.com;24;44053670
Camila;Martínez;Lavalle 4201;25 de Mayo;Tucumán;camilamartinez@correo.com;25;24469262
Abril;González;Alvear 8930;Inmaculada Concepcion;Santa Fe;abrilgonzalez@correo.com;29;25040755
Carlos;Romero;Av. San Martín 7782;San Martin;Salta;carlosromero@correo.com;43;31990252
Isabella;López;Alvear 2615;9 de Julio;Misiones;isabellalopez@correo.com;66;27848270
Sofía;Gómez;Alvear 6927;25 de Mayo;Tucumán;sofiagomez@correo.com;52;23087293
Valeria;Molina;Mitre 5503;San Miguel;Entre Ríos;valeriamolina@correo.com;76;36079901
Lucas;Herrera;Mitre 7072;La Palta;Chaco;lucasherrera@correo.com;55;23682570
Ignacio;López;Belgrano 9958;San Martin;Tucumán;ignaciolopez@correo.com;31;11198875
Luis;López;Alvear 4777;9 de Julio;Entre Ríos;luislopez@correo.com;52;27982421
Victoria;Gómez;Urquiza 4026;9 de Julio;Santa Fe;victoriagomez@correo.com;65;32633040
Camila;García;Pueyrredón 7984;9 de Julio;Neuquén;camilagarcia@correo.com;25;11408320
Nicolás;Sánchez;Mitre 7779;25 de Mayo;Tucumán;nicolassanchez@correo.com;77;25776388
Nicolás;Gómez;Belgrano 4558;25 de Mayo;Neuquén;nicolasgomez@correo.com;23;22048363
Ana;Fernández;Av. de Mayo 8088;Capitan Mendoza;Mendoza;anafernandez@correo.com;55;19101399
Luis;Benítez;Urquiza 9678;Capitan Mendoza;Mendoza;luisbenitez@correo.com;19;15021302
María;Benítez;Rivadavia 7517;San Martin;Neuquén;mariabenitez@correo.com;44;36101283
Tomas;Aguirre;Rivadavia 576;Palermo;Córdoba;tomasaguirre@correo.com;77;43184541
Paula;Torres;Rivadavia 3321;Capitan Mendoza;Santa Fe;paulatorres@correo.com;80;41740202
Natalia;Martínez;Alvear 1118;San Martin;Córdoba;nataliamartinez@correo.com;44;41486145
Ezequiel;Gómez;Av. San Martín 5851;Palermo;Neuquén;ezequielgomez@correo.com;82;19866881
Joaquín;Sánchez;Rivadavia 5848;Capitan Mendoza;Entre Ríos;joaquinsanchez@correo.com;20;29250940
Agustín;Pérez;Av. San Martín 8027;Capitan Mendoza;Buenos Aires;agustinperez@correo.com;43;23540700
Luis;Aguirre;Av. de Mayo 1903;Palermo;Entre Ríos;luisaguirre@correo.com;77;30662602
Isabella;Peralta;Pueyrredón 4729;Gral. Pico;Chaco;isabellaperalta@correo.com;47;35240542
Ignacio;Romero;Alvear 2839;Inmaculada Concepcion;Mendoza;ignacioromero@correo.com;77;33795642
Martina;Ruiz;Sarmiento 1080;Rosario de la Cruz;Córdoba;martinaruiz@correo.com;70;11569939
Paula;Acosta;Mitre 424;25 de Mayo;Neuquén;paulaacosta@correo.com;53;37728858
Camila;Martínez;Sarmiento 5975;La Palta;Salta;camilamartinez@correo.com;39;23112661
Ezequiel;Rodríguez;Urquiza 5872;Palermo;Chaco;ezequielrodriguez@correo.com;83;45616670
Nicolás;Peralta;Lavalle 6484;25 de Mayo;Salta;nicolasperalta@correo.com;34;28080219
Lucas;Benítez;Mitre 1177;Capitan Mendoza;Buenos Aires;lucasbenitez@correo.com;77;35973943
Martina;Rodríguez;Mitre 9279;25 de Mayo;Entre Ríos;martinarodriguez@correo.com;52;29442149
Natalia;Díaz;Lavalle 8629;San Miguel;Santa Fe;nataliadiaz@correo.com;78;46740979
Tomas;Guzmán;Av. San Martín 9713;San Miguel;Tucumán;tomasguzman@correo.com;38;36108281
Paula;González;Sarmiento 7850;Inmaculada Concepcion;Misiones;paulagonzalez@correo.com;29;45524069
Lucas;Medina;Alvear 3730;Gral. Pico;Salta;lucasmedina@correo.com;65;26842397
Luis;García;Av. de Mayo 426;Capitan Mendoza;Misiones;luisgarcia@correo.com;24;40309097
Agustín;Martínez;Belgrano 5992;Gral. Pico;Entre Ríos;agustinmartinez@correo.com;73;46889562
Gonzalo;Acosta;Lavalle 2125;La Palta;Córdoba;gonzaloacosta@correo.com;20;40891792
Diego;Rodríguez;Alvear 5728;Rosario de la Cruz;Santa Fe;diegorodriguez@correo.com;30;26904093
Lucía;Benítez;Urquiza 3800;Capitan Mendoza;Santa Fe;luciabenitez@correo.com;39;21143567
Valeria;López;Av. San Martín 1371;Inmaculada Concepcion;Tucumán;valerialopez@correo.com;60;32526437
Carlos;Benítez;Lavalle 7849;Palermo;Misiones;carlosbenitez@correo.com;78;28454288
Ana;Molina;Pueyrredón 5775;Capitan Mendoza;Santa Fe;anamolina@correo.com;80;33560004
Carlos;Sánchez;Rivadavia 1258;San Martin;Tucumán;carlossanchez@correo.com;23;47045870
Abril;Fernández;Alvear 3861;La Palta;Tucumán;abrilfernandez@correo.com;41;17751963
Gonzalo;Vidal;Av. de Mayo 2448;9 de Julio;Neuquén;gonzalovidal@correo.com;45;32666247
Nicolás;Castro;Av. de Mayo 8206;25 de Mayo;Tucumán;nicolascastro@correo.com;39;44093940
María;Gómez;Lavalle 1322;9 de Julio;Neuquén;mariagomez@correo.com;42;25330392
Diego;Silva;Belgrano 9167;La Palta;Entre Ríos;diegosilva@correo.com;40;29492623
Sofía;Herrera;Urquiza 7928;San Miguel;Chaco;sofiaherrera@correo.com;51;46276543
Joaquín;González;Lavalle 1398;San Miguel;Neuquén;joaquingonzalez@correo.com;22;25725259
Valeria;Pérez;Av. San Martín 8290;Gral. Pico;Buenos Aires;valeriaperez@correo.com;66;42613926
Lucía;Rodríguez;Alvear 537;9 de Julio;Salta;luciarodriguez@correo.com;51;43412935
Gonzalo;Martínez;Alvear 8879;Rosario de la Cruz;Entre Ríos;gonzalomartinez@correo.com;73;18327694
Joaquín;Gómez;Sarmiento 345;Capitan Mendoza;Chaco;joaquingomez@correo.com;25;29980176
Carlos;Gómez;Alvear 2003;Rosario de la Cruz;Salta;carlosgomez@correo.com;56;14573614
Sofía;Aguirre;Av. San Martín 6495;25 de Mayo;Misiones;sofiaaguirre@correo.com;58;46086856
Nicolás;Silva;Mitre 5234;San Martin;Tucumán;nicolassilva@correo.com;46;44686233
María;Castro;Av. de Mayo 479;Palermo;Buenos Aires;mariacastro@correo.com;40;34627420
Abril;Ruiz;Pueyrredón 1909;Gral. Pico;Entre Ríos;abrilruiz@correo.com;39;29222114
Isabella;Flores;Mitre 3848;Inmaculada Concepcion;Salta;isabellaflores@correo.com;66;28923108
Isabella;Álvarez;Alvear 3412;Inmaculada Concepcion;Neuquén;isabellaalvarez@correo.com;27;38796942
Daniela;Ruiz;Sarmiento 6095;Rosario de la Cruz;Tucumán;danielaruiz@correo.com;55;25269606
Lucía;Herrera;Av. de Mayo 5762;Inmaculada Concepcion;Buenos Aires;luciaherrera@correo.com;74;20825956
Santiago;Sosa;Alvear 7301;Inmaculada Concepcion;Neuquén;santiagososa@correo.com;84;22989734
Joaquín;Molina;Lavalle 235;25 de Mayo;Santa Fe;joaquinmolina@correo.com;49;36694703
Lucía;Gómez;Alvear 4168;Gral. Pico;Entre Ríos;luciagomez@correo.com;27;29645382
Diego;Castro;Av. San Martín 4330;Capitan Mendoza;Córdoba;diegocastro@correo.com;46;40947483
Luis;Ruiz;Av. San Martín 276;9 de Julio;Chaco;luisruiz@correo.com;43;28395269
Daniela;Guzmán;Lavalle 8112;Capitan Mendoza;Neuquén;danielaguzman@correo.com;76;11485610
Gonzalo;Sánchez;Belgrano 8633;Rosario de la Cruz;Neuquén;gonzalosanchez@correo.com;42;19051664
Paula;Sosa;Pueyrredón 9466;25 de Mayo;Tucumán;paulasosa@correo.com;46;14869766
Sara;Torres;Av. San Martín 5270;Inmaculada Concepcion;Salta;saratorres@correo.com;72;26214540
Gabriel;Romero;Belgrano 2436;Palermo;Santa Fe;gabrielromero@correo.com;81;45937164
Luis;Peralta;Alvear 4072;San Miguel;Mendoza;luisperalta@correo.com;31;25944987
Sofía;Ruiz;Urquiza 6572;Capitan Mendoza;Neuquén;sofiaruiz@correo.com;66;33867699
Isabella;López;Lavalle 5389;25 de Mayo;Córdoba;isabellalopez@correo.com;73;13180944
Javier;Silva;Av. San Martín 4134;San Martin;Santa Fe;javiersilva@correo.com;49;43005906
Abril;Flores;Urquiza 7776;9 de Julio;Entre Ríos;abrilflores@correo.com;41;11417944
Javier;Sánchez;Lavalle 4463;25 de Mayo;Salta;javiersanchez@correo.com;37;29404783
Camila;López;Av. de Mayo 2619;La Palta;Chaco;camilalopez@correo.com;32;33398849
Nicolás;Fernández;Sarmiento 1787;Palermo;Chaco;nicolasfernandez@correo.com;69;27720949
Camila;Flores;Av. San Martín 8038;San Miguel;Salta;camilaflores@correo.com;24;43911654
Javier;Aguirre;Lavalle 9705;Inmaculada Concepcion;Buenos Aires;javieraguirre@correo.com;75;33904600
Camila;Benítez;Mitre 9529;Rosario de la Cruz;Chaco;camilabenitez@correo.com;84;30490599
Tomas;González;Mitre 8159;25 de Mayo;Neuquén;tomasgonzalez@correo.com;58;12890066
Mateo;Molina;Mitre 9845;25 de Mayo;Salta;mateomolina@correo.com;62;30166436
Diego;García;Mitre 3617;La Palta;Entre Ríos;diegogarcia@correo.com;19;18220232
Lucas;Romero;Mitre 2404;San Miguel;Santa Fe;lucasromero@correo.com;82;29291445
Santiago;Gómez;Pueyrredón 503;Palermo;Neuquén;santiagogomez@correo.com;58;11618531
Ignacio;Molina;Alvear 5456;Palermo;Misiones;ignaciomolina@correo.com;51;45821592
Joaquín;González;Urquiza 2797;Inmaculada Concepcion;Buenos Aires;joaquingonzalez@correo.com;34;18243170
Martina;Guzmán;Rivadavia 5324;Rosario de la Cruz;Neuquén;martinaguzman@correo.com;60;28962963
Agustín;López;Sarmiento 1985;Palermo;Neuquén;agustinlopez@correo.com;58;31820827
Ignacio;Medina;Belgrano 1441;La Palta;Salta;ignaciomedina@correo.com;29;22527535
Lucas;Vidal;Lavalle 6648;9 de Julio;Tucumán;lucasvidal@correo.com;69;39674340
Lucas;González;Rivadavia 665;Rosario de la Cruz;Chaco;lucasgonzalez@correo.com;37;17784307
Diego;Castro;Urquiza 9399;Capitan Mendoza;Neuquén;diegocastro@correo.com;53;40758885
Lucía;Fernández;Av. de Mayo 8246;Inmaculada Concepcion;Entre Ríos;luciafernandez@correo.com;48;37658957
Nicolás;Castro;Lavalle 1234;La Palta;Mendoza;nicolascastro@correo.com;45;37600856
Joaquín;Flores;Alvear 7951;San Martin;Buenos Aires;joaquinflores@correo.com;35;21726943
Natalia;Sánchez;Pueyrredón 4104;San Martin;Santa Fe;nataliasanchez@correo.com;29;31414513
Paula;Torres;Urquiza 5742;San Martin;Mendoza;paulatorres@correo.com;79;28232736
Mateo;Silva;Alvear 606;9 de Julio;Entre Ríos;mateosilva@correo.com;64;29156996
Abril;González;Mitre 3457;Rosario de la Cruz;Córdoba;abrilgonzalez@correo.com;54;44925988
Natalia;Ramírez;Mitre 3565;Palermo;Chaco;nataliaramirez@correo.com;23;24219307
Sara;González;Lavalle 2050;Capitan Mendoza;Entre Ríos;saragonzalez@correo.com;65;18743522
Ignacio;Giménez;Belgrano 7657;Inmaculada Concepcion;Neuquén;ignaciogimenez@correo.com;43;27358128
Nicolás;Ramírez;Sarmiento 4011;25 de Mayo;Mendoza;nicolasramirez@correo.com;41;30266739
Valeria;Torres;Sarmiento 7872;25 de Mayo;Mendoza;valeriatorres@correo.com;68;40195901
María;Herrera;Belgrano 7767;Palermo;Santa Fe;mariaherrera@correo.com;70;25865049
Victoria;Giménez;Av. San Martín 9091;9 de Julio;Misiones;victoriagimenez@correo.com;18;45667014
María;Castro;Mitre 7278;Rosario de la Cruz;Neuquén;mariacastro@correo.com;75;29423103
Tomas;Torres;Alvear 5288;Gral. Pico;Buenos Aires;tomastorres@correo.com;71;19426548
Lucía;Fernández;Urquiza 9342;Rosario de la Cruz;Tucumán;luciafernandez@correo.com;75;32848132
Natalia;Rodríguez;Alvear 4024;9 de Julio;Misiones;nataliarodriguez@correo.com;84;33243123
Natalia;López;Alvear 6236;Capitan Mendoza;Chaco;natalialopez@correo.com;59;47515898
Sofía;Acosta;Lavalle 4214;Palermo;Chaco;sofiaacosta@correo.com;81;30351074
Sofía;Silva;Rivadavia 9176;Capitan Mendoza;Chaco;sofiasilva@correo.com;24;41008118
Carlos;Ruiz;Lavalle 5227;La Palta;Misiones;carlosruiz@correo.com;21;16054650
Santiago;Benítez;Av. de Mayo 3099;La Palta;Santa Fe;santiagobenitez@correo.com;25;13239357
Carlos;Sosa;Alvear 2199;9 de Julio;Mendoza;carlossosa@correo.com;33;28308148
Tomas;Pérez;Lavalle 2674;Palermo;Neuquén;tomasperez@correo.com;73;19902350
Lucas;Aguirre;Rivadavia 1310;25 de Mayo;Misiones;lucasaguirre@correo.com;79;38476534
Victoria;Martínez;Belgrano 4064;Inmaculada Concepcion;Tucumán;victoriamartinez@correo.com;31;39685200
Diego;Sánchez;Av. San Martín 7570;25 de Mayo;Neuquén;diegosanchez@correo.com;29;19057059
Martina;Giménez;Alvear 9354;La Palta;Mendoza;martinagimenez@correo.com;49;14073564
Natalia;Sosa;Pueyrredón 1981;Palermo;Tucumán;nataliasosa@correo.com;39;34885312
Diego;Rojas;Pueyrredón 7338;Inmaculada Concepcion;Santa Fe;diegorojas@correo.com;38;34518746
Paula;Medina;Rivadavia 9243;Rosario de la Cruz;Chaco;paulamedina@correo.com;32;38084288
Ignacio;Peralta;Sarmiento 1498;San Miguel;Tucumán;ignacioperalta@correo.com;72;19406821
María;Medina;Mitre 5201;25 de Mayo;Mendoza;mariamedina@correo.com;71;21320182
Carlos;Díaz;Alvear 5029;Capitan Mendoza;Misiones;carlosdiaz@correo.com;18;33311368
Sara;García;Sarmiento 1570;Rosario de la Cruz;Mendoza;saragarcia@correo.com;60;42188345
Ignacio;Sosa;Sarmiento 5741;San Martin;Chaco;ignaciososa@correo.com;54;47684892
María;Vidal;Urquiza 5200;Palermo;Mendoza;mariavidal@correo.com;58;21209621
Lucas;Herrera;Pueyrredón 4311;Rosario de la Cruz;Tucumán;lucasherrera@correo.com;63;23576419
Lucía;Peralta;Alvear 5093;San Martin;Salta;luciaperalta@correo.com;53;12250165
Santiago;García;Sarmiento 3977;Gral. Pico;Mendoza;santiagogarcia@correo.com;62;41242191
Paula;Vidal;Lavalle 8965;25 de Mayo;Entre Ríos;paulavidal@correo.com;83;45057467
Tomas;García;Mitre 9607;San Martin;Buenos Aires;tomasgarcia@correo.com;60;32592503
Victoria;Romero;Pueyrredón 4935;Rosario de la Cruz;Tucumán;victoriaromero@correo.com;76;35881711
Ignacio;Torres;Belgrano 15;Capitan Mendoza;Buenos Aires;ignaciotorres@correo.com;33;39692400
Ignacio;Vidal;Lavalle 5465;Palermo;Chaco;ignaciovidal@correo.com;41;21877414
Ana;González;Lavalle 2449;San Miguel;Buenos Aires;anagonzalez@correo.com;39;25902422
Mateo;Ruiz;Urquiza 5759;25 de Mayo;Santa Fe;mateoruiz@correo.com;67;33972924
Gonzalo;Vidal;Belgrano 2388;La Palta;Neuquén;gonzalovidal@correo.com;43;36952816
María;Flores;Urquiza 4925;Rosario de la Cruz;Tucumán;mariaflores@correo.com;42;12372004
Agustín;Benítez;Lavalle 6913;9 de Julio;Tucumán;agustinbenitez@correo.com;74;41412131
Agustín;Flores;Alvear 3263;Capitan Mendoza;Tucumán;agustinflores@correo.com;37;21638713
Gonzalo;Pérez;Lavalle 6591;25 de Mayo;Chaco;gonzaloperez@correo.com;18;14995649
Santiago;Álvarez;Sarmiento 7067;Capitan Mendoza;Tucumán;santiagoalvarez@correo.com;30;11761381
Carlos;Peralta;Av. San Martín 118;San Miguel;Misiones;carlosperalta@correo.com;37;44640412
Tomas;Silva;Belgrano 9444;San Martin;Salta;tomassilva@correo.com;74;43004611
Camila;Díaz;Mitre 1910;Capitan Mendoza;Neuquén;camiladiaz@correo.com;21;37175858
Valeria;Silva;Sarmiento 3603;Palermo;Salta;valeriasilva@correo.com;31;22197701
Carlos;Sánchez;Alvear 1381;Rosario de la Cruz;Santa Fe;carlossanchez@correo.com;20;39382109
Luis;Torres;Sarmiento 2496;Palermo;Tucumán;luistorres@correo.com;39;36955982
Tomas;Peralta;Urquiza 875;9 de Julio;Tucumán;tomasperalta@correo.com;66;47624232
Martina;Díaz;Av. San Martín 9090;Rosario de la Cruz;Córdoba;martinadiaz@correo.com;52;19441240
Ana;Vidal;Sarmiento 1140;Rosario de la Cruz;Chaco;anavidal@correo.com;31;40417488
Sara;Acosta;Lavalle 7499;La Palta;Tucumán;saraacosta@correo.com;73;45494571
Ezequiel;Silva;Mitre 8538;25 de Mayo;Santa Fe;ezequielsilva@correo.com;67;12135047
Martina;García;Rivadavia 8075;La Palta;Neuquén;martinagarcia@correo.com;35;26407297
Mateo;Gómez;Pueyrredón 8846;Capitan Mendoza;Santa Fe;mateogomez@correo.com;69;36075263
Sofía;García;Alvear 5089;San Miguel;Mendoza;sofiagarcia@correo.com;41;33632746
Sara;Pérez;Lavalle 9914;25 de Mayo;Tucumán;saraperez@correo.com;35;12828181
Ana;García;Rivadavia 5349;Gral. Pico;Santa Fe;anagarcia@correo.com;67;30413213
Luis;Romero;Belgrano 8026;Inmaculada Concepcion;Buenos Aires;luisromero@correo.com;75;36735987
Ana;Flores;Lavalle 1813;Gral. Pico;Salta;anaflores@correo.com;19;43543638
Nicolás;Díaz;Av. de Mayo 9543;25 de Mayo;Misiones;nicolasdiaz@correo.com;22;43070965
Diego;Giménez;Urquiza 256;La Palta;Entre Ríos;diegogimenez@correo.com;41;27974102
Elena;Herrera;Rivadavia 4370;San Miguel;Buenos Aires;elenaherrera@correo.com;76;41521508
Daniela;Flores;Av. de Mayo 7398;San Martin;Misiones;danielaflores@correo.com;58;13227254
Martina;González;Mitre 9210;25 de Mayo;Tucumán;martinagonzalez@correo.com;77;29611251
Elena;Sánchez;Av. de Mayo 4452;San Martin;Córdoba;elenasanchez@correo.com;71;21259324
Luis;Silva;Belgrano 2137;Rosario de la Cruz;Misiones;luissilva@correo.com;26;36200101
Agustín;Álvarez;Av. San Martín 8062;Capitan Mendoza;Mendoza;agustinalvarez@correo.com;38;20028256
Gonzalo;Gómez;Lavalle 9076;25 de Mayo;Salta;gonzalogomez@correo.com;79;43668292
Camila;Fernández;Belgrano 6654;9 de Julio;Santa Fe;camilafernandez@correo.com;32;17837061
Martina;Sosa;Urquiza 6716;9 de Julio;Entre Ríos;martinasosa@correo.com;39;15732565
María;Sosa;Lavalle 1381;Rosario de la Cruz;Tucumán;mariasosa@correo.com;43;23054148
Isabella;González;Av. de Mayo 4832;San Miguel;Santa Fe;isabellagonzalez@correo.com;33;27849412
Paula;Sánchez;Av. de Mayo 1702;San Martin;Mendoza;paulasanchez@correo.com;82;18297767
Gonzalo;García;Urquiza 3848;Rosario de la Cruz;Santa Fe;gonzalogarcia@correo.com;37;37404480
Luis;Martínez;Urquiza 3618;San Martin;Chaco;luismartinez@correo.com;23;31014448
Lucía;Ruiz;Rivadavia 7951;Gral. Pico;Neuquén;luciaruiz@correo.com;53;41379745
Mateo;Castro;Urquiza 4180;San Miguel;Neuquén;mateocastro@correo.com;83;37966028
Elena;Medina;Rivadavia 9978;25 de Mayo;Mendoza;elenamedina@correo.com;52;23344458
Daniela;González;Urquiza 1862;San Miguel;Tucumán;danielagonzalez@correo.com;22;34437745
Isabella;Giménez;Mitre 6851;San Miguel;Santa Fe;isabellagimenez@correo.com;65;21344739
Gonzalo;Martínez;Belgrano 5740;Gral. Pico;Santa Fe;gonzalomartinez@correo.com;65;43188517
Lucía;Castro;Rivadavia 7444;San Martin;Neuquén;luciacastro@correo.com;28;45186321
Lucía;Flores;Av. de Mayo 727;Capitan Mendoza;Salta;luciaflores@correo.com;35;37114500
Tomas;Molina;Belgrano 177;Inmaculada Concepcion;Buenos Aires;tomasmolina@correo.com;82;29852791
Agustín;Sánchez;Alvear 9337;San Miguel;Buenos Aires;agustinsanchez@correo.com;63;32532857
Ignacio;Álvarez;Sarmiento 303;Capitan Mendoza;Córdoba;ignacioalvarez@correo.com;20;30091780
Elena;González;Av. de Mayo 8568;Capitan Mendoza;Misiones;elenagonzalez@correo.com;25;13422910
Agustín;Díaz;Alvear 2146;San Miguel;Chaco;agustindiaz@correo.com;28;27235883
Luis;Fernández;Lavalle 2207;Rosario de la Cruz;Misiones;luisfernandez@correo.com;75;24133552
Luis;Silva;Belgrano 204;San Miguel;Córdoba;luissilva@correo.com;24;15875440
Tomas;Molina;Pueyrredón 6421;Gral. Pico;Mendoza;tomasmolina@correo.com;81;25006800
Ezequiel;Romero;Lavalle 6623;San Martin;Córdoba;ezequielromero@correo.com;84;18541737
Agustín;Martínez;Rivadavia 3649;25 de Mayo;Salta;agustinmartinez@correo.com;76;17498273
Joaquín;Romero;Mitre 4792;San Miguel;Tucumán;joaquinromero@correo.com;41;39534997
Gabriel;Torres;Pueyrredón 3324;Palermo;Santa Fe;gabrieltorres@correo.com;19;37135620
Sara;Giménez;Urquiza 6350;San Miguel;Santa Fe;saragimenez@correo.com;21;29173279
Gabriel;Romero;Mitre 5223;25 de Mayo;Mendoza;gabrielromero@correo.com;60;35960205
Martina;González;Lavalle 2765;San Miguel;Córdoba;martinagonzalez@correo.com;38;24014307
Nicolás;Ruiz;Av. San Martín 1414;Gral. Pico;Córdoba;nicolasruiz@correo.com;74;36805698
Luis;Rodríguez;Belgrano 7500;La Palta;Córdoba;luisrodriguez@correo.com;62;45402432
Gabriel;Pérez;Belgrano 2488;San Martin;Neuquén;gabrielperez@correo.com;18;23756251
Martina;Acosta;Alvear 2628;25 de Mayo;Chaco;martinaacosta@correo.com;84;20819481
Lucas;Sosa;Lavalle 2434;Rosario de la Cruz;Neuquén;lucassosa@correo.com;75;46480663
Victoria;Ramírez;Mitre 7961;San Miguel;Neuquén;victoriaramirez@correo.com;22;35580650
Natalia;Martínez;Sarmiento 587;Gral. Pico;Mendoza;nataliamartinez@correo.com;41;29974161
Nicolás;Díaz;Lavalle 7216;9 de Julio;Córdoba;nicolasdiaz@correo.com;57;14295458
Elena;Torres;Alvear 316;San Martin;Santa Fe;elenatorres@correo.com;79;20190451
Sofía;Medina;Sarmiento 3406;Capitan Mendoza;Buenos Aires;sofiamedina@correo.com;47;24893047
Lucía;Ruiz;Pueyrredón 7210;San Martin;Córdoba;luciaruiz@correo.com;66;19127308
Joaquín;Benítez;Mitre 9649;Capitan Mendoza;Tucumán;joaquinbenitez@correo.com;20;15350950
Mateo;Vidal;Av. San Martín 8521;Palermo;Chaco;mateovidal@correo.com;25;33843027
Sofía;Peralta;Lavalle 8358;San Martin;Misiones;sofiaperalta@correo.com;23;17207225
Paula;Álvarez;Lavalle 8193;San Martin;Salta;paulaalvarez@correo.com;46;40703014
Sara;Sánchez;Alvear 3533;Inmaculada Concepcion;Buenos Aires;sarasanchez@correo.com;84;17306950
Ana;Flores;Av. San Martín 9323;Rosario de la Cruz;Neuquén;anaflores@correo.com;60;34638904
Abril;Aguirre;Av. San Martín 1476;La Palta;Córdoba;abrilaguirre@correo.com;30;25480718
Tomas;Castro;Av. San Martín 9465;La Palta;Salta;tomascastro@correo.com;18;27660461
Ana;González;Belgrano 7123;9 de Julio;Neuquén;anagonzalez@correo.com;74;11785798
Santiago;Ramírez;Pueyrredón 5784;9 de Julio;Misiones;santiagoramirez@correo.com;45;19786714
María;Flores;Mitre 7252;San Martin;Neuquén;mariaflores@correo.com;53;39733455
Ana;Gómez;Lavalle 7601;9 de Julio;Neuquén;anagomez@correo.com;77;15739613
Tomas;Acosta;Mitre 31;La Palta;Tucumán;tomasacosta@correo.com;35;21113933
Mateo;Benítez;Alvear 9495;La Palta;Tucumán;mateobenitez@correo.com;67;47308641
Javier;Flores;Av. de Mayo 234;Gral. Pico;Neuquén;javierflores@correo.com;68;22575214
Luis;Molina;Av. de Mayo 9425;Gral. Pico;Córdoba;luismolina@correo.com;69;27790612
Santiago;Rodríguez;Urquiza 4075;9 de Julio;Tucumán;santiagorodriguez@correo.com;39;29129442
Sara;Ramírez;Lavalle 7675;Inmaculada Concepcion;Entre Ríos;sararamirez@correo.com;80;43328490
Elena;Pérez;Rivadavia 9658;La Palta;Misiones;elenaperez@correo.com;81;39675741
Sara;Pérez;Lavalle 5276;San Martin;Misiones;saraperez@correo.com;41;21033864
Diego;López;Mitre 7475;25 de Mayo;Buenos Aires;diegolopez@correo.com;79;16580073
Paula;Giménez;Belgrano 7429;Capitan Mendoza;Misiones;paulagimenez@correo.com;21;14397145
Valeria;Torres;Av. San Martín 6187;San Miguel;Salta;valeriatorres@correo.com;28;44026238
Gonzalo;López;Av. San Martín 9809;Palermo;Tucumán;gonzalolopez@correo.com;54;35227901
Valeria;Giménez;Urquiza 1077;25 de Mayo;Santa Fe;valeriagimenez@correo.com;57;21124594
María;Vidal;Sarmiento 5324;25 de Mayo;Mendoza;mariavidal@correo.com;72;17324855
Elena;García;Lavalle 3645;Gral. Pico;Salta;elenagarcia@correo.com;18;33641287
Elena;Ramírez;Mitre 4875;Rosario de la Cruz;Santa Fe;elenaramirez@correo.com;54;46365869
Gonzalo;Ramírez;Sarmiento 7215;Gral. Pico;Misiones;gonzaloramirez@correo.com;73;17287497
Nicolás;Sosa;Rivadavia 5124;Inmaculada Concepcion;Neuquén;nicolassosa@correo.com;55;18436587
Abril;Martínez;Sarmiento 3451;Inmaculada Concepcion;Mendoza;abrilmartinez@correo.com;53;43165876
Luis;Sánchez;Pueyrredón 2481;Rosario de la Cruz;Entre Ríos;luissanchez@correo.com;57;24747248
Mateo;Silva;Alvear 387;La Palta;Buenos Aires;mateosilva@correo.com;57;33813490
Ana;Molina;Rivadavia 4134;Palermo;Entre Ríos;anamolina@correo.com;53;23563562
Joaquín;Gómez;Urquiza 979;Capitan Mendoza;Córdoba;joaquingomez@correo.com;41;13066126
Isabella;Ruiz;Av. de Mayo 535;Rosario de la Cruz;Mendoza;isabellaruiz@correo.com;37;24665595
Valeria;Peralta;Rivadavia 2981;San Miguel;Buenos Aires;valeriaperalta@correo.com;47;38607182
Daniela;Molina;Mitre 4860;Rosario de la Cruz;Córdoba;danielamolina@correo.com;27;34077636
Elena;Aguirre;Mitre 5633;25 de Mayo;Santa Fe;elenaaguirre@correo.com;19;32736977
Daniela;Flores;Alvear 5857;Palermo;Entre Ríos;danielaflores@correo.com;83;42299732
Abril;Rodríguez;Rivadavia 8219;Inmaculada Concepcion;Entre Ríos;abrilrodriguez@correo.com;58;20401882
Joaquín;Pérez;Av. San Martín 2485;Inmaculada Concepcion;Buenos Aires;joaquinperez@correo.com;68;18526985
Javier;Flores;Pueyrredón 983;Palermo;Buenos Aires;javierflores@correo.com;45;40955032
Sara;Guzmán;Rivadavia 1165;25 de Mayo;Santa Fe;saraguzman@correo.com;76;33771662
Santiago;Herrera;Belgrano 461;Rosario de la Cruz;Chaco;santiagoherrera@correo.com;78;47075698
Daniela;Ruiz;Lavalle 6727;25 de Mayo;Tucumán;danielaruiz@correo.com;76;39774084
Natalia;García;Urquiza 1084;La Palta;Santa Fe;nataliagarcia@correo.com;43;40946092
Valeria;Torres;Av. San Martín 6880;Inmaculada Concepcion;Entre Ríos;valeriatorres@correo.com;62;21788907
Valeria;Fernández;Belgrano 4222;San Martin;Mendoza;valeriafernandez@correo.com;50;45028941
Nicolás;López;Alvear 3870;Palermo;Neuquén;nicolaslopez@correo.com;67;23401229
Agustín;Gómez;Urquiza 2927;Palermo;Buenos Aires;agustingomez@correo.com;56;26133975
Martina;Sánchez;Av. San Martín 1346;Palermo;Neuquén;martinasanchez@correo.com;27;23760849
Martina;Pérez;Pueyrredón 5854;25 de Mayo;Mendoza;martinaperez@correo.com;62;32562385
Agustín;Sánchez;Mitre 5811;La Palta;Neuquén;agustinsanchez@correo.com;71;18307997
Nicolás;Medina;Pueyrredón 3698;Inmaculada Concepcion;Tucumán;nicolasmedina@correo.com;83;35111038
Mateo;Flores;Urquiza 2651;Palermo;Buenos Aires;mateoflores@correo.com;80;16625618
Agustín;Peralta;Av. de Mayo 4540;San Martin;Misiones;agustinperalta@correo.com;25;46578083
Diego;Sosa;Mitre 6452;Inmaculada Concepcion;Tucumán;diegososa@correo.com;61;37790006
Lucía;Ruiz;Av. San Martín 5760;La Palta;Entre Ríos;luciaruiz@correo.com;35;36491814
Ezequiel;Pérez;Alvear 4426;Rosario de la Cruz;Entre Ríos;ezequielperez@correo.com;32;33893076
Victoria;Rojas;Av. de Mayo 4047;Rosario de la Cruz;Salta;victoriarojas@correo.com;66;16983561
Elena;Acosta;Av. de Mayo 874;Inmaculada Concepcion;Tucumán;elenaacosta@correo.com;30;45374249
Nicolás;Guzmán;Rivadavia 3450;Palermo;Buenos Aires;nicolasguzman@correo.com;58;12000825
Nicolás;Álvarez;Belgrano 4125;San Martin;Misiones;nicolasalvarez@correo.com;76;22690773
Victoria;Castro;Urquiza 8348;La Palta;Misiones;victoriacastro@correo.com;56;15380281
Camila;Guzmán;Av. de Mayo 8411;San Martin;Buenos Aires;camilaguzman@correo.com;49;37434000
Luis;Benítez;Urquiza 7454;San Miguel;Misiones;luisbenitez@correo.com;69;43991968
Carlos;López;Av. de Mayo 3448;Rosario de la Cruz;Buenos Aires;carloslopez@correo.com;27;13363861
Joaquín;Martínez;Sarmiento 3914;25 de Mayo;Buenos Aires;joaquinmartinez@correo.com;75;18077068
Sofía;Martínez;Alvear 1700;Capitan Mendoza;Santa Fe;sofiamartinez@correo.com;35;33291526
Daniela;Acosta;Sarmiento 5233;9 de Julio;Buenos Aires;danielaacosta@correo.com;66;26078422
Natalia;Rojas;Pueyrredón 4655;9 de Julio;Córdoba;nataliarojas@correo.com;54;26920209
Daniela;López;Lavalle 3960;Inmaculada Concepcion;Neuquén;danielalopez@correo.com;36;12209928
Gabriel;Romero;Pueyrredón 431;San Miguel;Neuquén;gabrielromero@correo.com;79;30297529
Lucas;Aguirre;Mitre 8024;25 de Mayo;Neuquén;lucasaguirre@correo.com;68;42916710
Ezequiel;Díaz;Av. de Mayo 3489;Capitan Mendoza;Chaco;ezequieldiaz@correo.com;38;42597158
Ignacio;Aguirre;Urquiza 4075;La Palta;Córdoba;ignacioaguirre@correo.com;68;11791563
Carlos;Sosa;Urquiza 6371;Capitan Mendoza;Tucumán;carlossosa@correo.com;44;44472462
Tomas;Guzmán;Mitre 6558;Inmaculada Concepcion;Córdoba;tomasguzman@correo.com;42;32863368
Elena;Guzmán;Av. San Martín 5892;Inmaculada Concepcion;Tucumán;elenaguzman@correo.com;23;24434699
Nicolás;López;Belgrano 3710;Gral. Pico;Neuquén;nicolaslopez@correo.com;74;36638196
Santiago;Sánchez;Urquiza 962;Inmaculada Concepcion;Neuquén;santiagosanchez@correo.com;38;22008718
Lucas;Sosa;Urquiza 4125;San Martin;Mendoza;lucassosa@correo.com;62;17053018
Lucía;Castro;Rivadavia 3941;9 de Julio;Santa Fe;luciacastro@correo.com;25;35743521
Luis;Benítez;Sarmiento 8512;Inmaculada Concepcion;Mendoza;luisbenitez@correo.com;36;18211217
Victoria;Vidal;Alvear 7584;San Miguel;Neuquén;victoriavidal@correo.com;25;17972578
Mateo;González;Alvear 1484;Gral. Pico;Mendoza;mateogonzalez@correo.com;52;14256402
Mateo;Sánchez;Lavalle 711;San Martin;Misiones;mateosanchez@correo.com;35;36413032
Camila;Castro;Sarmiento 5077;Palermo;Salta;camilacastro@correo.com;43;15892217
Isabella;Herrera;Rivadavia 4474;San Miguel;Neuquén;isabellaherrera@correo.com;42;22698113
Luis;Pérez;Urquiza 2063;La Palta;Santa Fe;luisperez@correo.com;69;39696550
Martina;Álvarez;Belgrano 108;Capitan Mendoza;Misiones;martinaalvarez@correo.com;73;18571201
Ignacio;Torres;Mitre 2191;9 de Julio;Misiones;ignaciotorres@correo.com;75;17013817
Daniela;Pérez;Urquiza 7311;Palermo;Córdoba;danielaperez@correo.com;36;15297979
Lucas;Benítez;Belgrano 5057;25 de Mayo;Salta;lucasbenitez@correo.com;57;21880186
Elena;Molina;Rivadavia 8396;25 de Mayo;Entre Ríos;elenamolina@correo.com;50;24304012
Lucía;Molina;Sarmiento 7324;Inmaculada Concepcion;Entre Ríos;luciamolina@correo.com;69;31933522
Sofía;Martínez;Mitre 1389;Gral. Pico;Misiones;sofiamartinez@correo.com;26;42809072
Victoria;Álvarez;Rivadavia 6256;Rosario de la Cruz;Entre Ríos;victoriaalvarez@correo.com;43;18894663
Gonzalo;Rodríguez;Mitre 6522;San Miguel;Neuquén;gonzalorodriguez@correo.com;40;31842641
Mateo;López;Belgrano 7564;9 de Julio;Misiones;mateolopez@correo.com;63;36945852
Lucas;Ruiz;Pueyrredón 5383;Palermo;Córdoba;lucasruiz@correo.com;37;21472668
Sara;Peralta;Pueyrredón 5028;San Miguel;Entre Ríos;saraperalta@correo.com;61;18423930
Victoria;Gómez;Rivadavia 9286;Palermo;Tucumán;victoriagomez@correo.com;39;44367236
Abril;Sánchez;Sarmiento 1469;San Martin;Mendoza;abrilsanchez@correo.com;81;37570849
Agustín;García;Mitre 3033;25 de Mayo;Santa Fe;agustingarcia@correo.com;50;32183322
Gonzalo;Medina;Pueyrredón 7087;San Martin;Misiones;gonzalomedina@correo.com;54;35114298
Gabriel;Díaz;Sarmiento 8725;San Martin;Entre Ríos;gabrieldiaz@correo.com;28;39601806
Abril;García;Lavalle 3331;San Miguel;Santa Fe;abrilgarcia@correo.com;40;36819647
Ezequiel;Peralta;Mitre 5850;La Palta;Chaco;ezequielperalta@correo.com;27;32632967
Luis;Acosta;Rivadavia 5709;Inmaculada Concepcion;Neuquén;luisacosta@correo.com;47;33395390
Agustín;Benítez;Av. de Mayo 9407;Rosario de la Cruz;Salta;agustinbenitez@correo.com;19;34510565
Luis;Díaz;Alvear 2924;Rosario de la Cruz;Santa Fe;luisdiaz@correo.com;82;37107413
Luis;Castro;Sarmiento 8736;Rosario de la Cruz;Misiones;luiscastro@correo.com;43;13370534
Lucas;Pérez;Sarmiento 9205;San Martin;Salta;lucasperez@correo.com;64;31661695
Ana;Rodríguez;Av. San Martín 4292;San Martin;Córdoba;anarodriguez@correo.com;36;11447675
Sofía;Castro;Lavalle 6394;25 de Mayo;Salta;sofiacastro@correo.com;45;34450444
Martina;Ramírez;Urquiza 9260;Capitan Mendoza;Buenos Aires;martinaramirez@correo.com;61;14627046
Natalia;Herrera;Rivadavia 337;Rosario de la Cruz;Chaco;nataliaherrera@correo.com;68;14964423
Gabriel;Castro;Av. de Mayo 9104;San Miguel;Neuquén;gabrielcastro@correo.com;32;17097442
Lucas;Giménez;Lavalle 5059;San Miguel;Tucumán;lucasgimenez@correo.com;38;37605921
Elena;Rodríguez;Pueyrredón 684;San Martin;Salta;elenarodriguez@correo.com;65;17481197
Abril;Rodríguez;Av. de Mayo 955;San Martin;Buenos Aires;abrilrodriguez@correo.com;27;25336091
Nicolás;Herrera;Lavalle 1157;San Miguel;Entre Ríos;nicolasherrera@correo.com;42;13579069
Lucas;Rojas;Sarmiento 7708;San Miguel;Mendoza;lucasrojas@correo.com;44;29766445
Carlos;García;Av. de Mayo 5520;9 de Julio;Misiones;carlosgarcia@correo.com;49;43364107
Abril;Fernández;Urquiza 4852;Palermo;Tucumán;abrilfernandez@correo.com;52;34051365
Gonzalo;Rojas;Urquiza 2585;Gral. Pico;Santa Fe;gonzalorojas@correo.com;23;16213071
Santiago;Flores;Rivadavia 8407;Rosario de la Cruz;Córdoba;santiagoflores@correo.com;59;27290098
Isabella;Medina;Pueyrredón 9683;San Miguel;Misiones;isabellamedina@correo.com;42;25852541
Nicolás;Benítez;Belgrano 5925;Palermo;Misiones;nicolasbenitez@correo.com;54;31604284
Javier;Peralta;Alvear 673;25 de Mayo;Neuquén;javierperalta@correo.com;75;45204259
Abril;Castro;Urquiza 7933;Gral. Pico;Misiones;abrilcastro@correo.com;68;25101960
Paula;Ramírez;Urquiza 4667;Palermo;Misiones;paularamirez@correo.com;59;22185024
Valeria;García;Pueyrredón 7431;Inmaculada Concepcion;Entre Ríos;valeriagarcia@correo.com;40;15783420
Isabella;Rojas;Mitre 5873;25 de Mayo;Buenos Aires;isabellarojas@correo.com;80;15812589
Agustín;Ramírez;Av. San Martín 1820;9 de Julio;Chaco;agustinramirez@correo.com;78;47454583
Nicolás;Vidal;Mitre 5659;Capitan Mendoza;Tucumán;nicolasvidal@correo.com;61;29199553
Ezequiel;Benítez;Mitre 6646;San Miguel;Santa Fe;ezequielbenitez@correo.com;67;22198996
Ezequiel;Flores;Rivadavia 2187;Inmaculada Concepcion;Misiones;ezequielflores@correo.com;56;12042188
Diego;Fernández;Pueyrredón 2002;San Martin;Chaco;diegofernandez@correo.com;39;26737748
Victoria;Gómez;Av. San Martín 7937;Gral. Pico;Misiones;victoriagomez@correo.com;57;27081739
Camila;Rodríguez;Sarmiento 3420;Rosario de la Cruz;Mendoza;camilarodriguez@correo.com;37;13686316
Victoria;Acosta;Pueyrredón 3876;9 de Julio;Mendoza;victoriaacosta@correo.com;48;35730847
Martina;Herrera;Belgrano 9708;San Miguel;Tucumán;martinaherrera@correo.com;34;14175337
Paula;Vidal;Urquiza 5107;Gral. Pico;Chaco;paulavidal@correo.com;49;39276361
Sara;Ramírez;Urquiza 99;25 de Mayo;Neuquén;sararamirez@correo.com;40;43499799
Luis;Flores;Lavalle 2772;Inmaculada Concepcion;Neuquén;luisflores@correo.com;72;23087741
Valeria;Castro;Pueyrredón 1051;Inmaculada Concepcion;Mendoza;valeriacastro@correo.com;75;15769385
Tomas;López;Pueyrredón 4280;Gral. Pico;Neuquén;tomaslopez@correo.com;32;19570890
Martina;Díaz;Mitre 4987;Inmaculada Concepcion;Tucumán;martinadiaz@correo.com;79;33829542
Valeria;Medina;Lavalle 4662;9 de Julio;Entre Ríos;valeriamedina@correo.com;26;13829916
María;Romero;Lavalle 9883;Palermo;Salta;mariaromero@correo.com;47;39787247
Isabella;Benítez;Rivadavia 7203;La Palta;Buenos Aires;isabellabenitez@correo.com;40;18010756
Gonzalo;Medina;Pueyrredón 1394;Capitan Mendoza;Tucumán;gonzalomedina@correo.com;59;17036062
Ana;Rojas;Belgrano 4348;Palermo;Neuquén;anarojas@correo.com;21;38308300
Carlos;Benítez;Pueyrredón 8912;San Miguel;Salta;carlosbenitez@correo.com;70;31929406
María;Guzmán;Belgrano 3302;La Palta;Córdoba;mariaguzman@correo.com;36;31443091
Ezequiel;Aguirre;Alvear 6282;Inmaculada Concepcion;Buenos Aires;ezequielaguirre@correo.com;40;24554731
Paula;García;Belgrano 7335;San Miguel;Santa Fe;paulagarcia@correo.com;82;34114625
Gonzalo;Benítez;Av. de Mayo 1448;Gral. Pico;Neuquén;gonzalobenitez@correo.com;30;31196520
Gabriel;Sánchez;Lavalle 1185;San Miguel;Buenos Aires;gabrielsanchez@correo.com;74;32128153
Diego;Flores;Belgrano 725;La Palta;Mendoza;diegoflores@correo.com;43;11236075
Nicolás;Sosa;Pueyrredón 721;9 de Julio;Córdoba;nicolassosa@correo.com;19;30455695
Sofía;Rodríguez;Alvear 4743;Capitan Mendoza;Buenos Aires;sofiarodriguez@correo.com;42;35782822
Ezequiel;Flores;Urquiza 1427;Capitan Mendoza;Neuquén;ezequielflores@correo.com;50;29018795
Isabella;Pérez;Lavalle 5284;9 de Julio;Salta;isabellaperez@correo.com;56;18490876
Nicolás;Rodríguez;Sarmiento 4785;San Miguel;Neuquén;nicolasrodriguez@correo.com;76;41318952
Elena;Silva;Alvear 6369;Palermo;Buenos Aires;elenasilva@correo.com;47;47740336
Ezequiel;Silva;Urquiza 9121;Palermo;Misiones;ezequielsilva@correo.com;76;21672265
María;Guzmán;Mitre 9408;La Palta;Tucumán;mariaguzman@correo.com;29;25039396
Daniela;Rodríguez;Lavalle 3446;Capitan Mendoza;Córdoba;danielarodriguez@correo.com;23;21298077
Daniela;Sosa;Av. San Martín 3684;Capitan Mendoza;Santa Fe;danielasosa@correo.com;64;19012659
Natalia;Rodríguez;Alvear 9388;Gral. Pico;Santa Fe;nataliarodriguez@correo.com;52;30316932
María;Pérez;Rivadavia 4876;Palermo;Neuquén;mariaperez@correo.com;56;25823084
Ana;Álvarez;Av. de Mayo 5488;San Martin;Buenos Aires;anaalvarez@correo.com;48;17871189
Luis;Castro;Rivadavia 4788;Capitan Mendoza;Santa Fe;luiscastro@correo.com;39;21548560
Javier;García;Urquiza 9953;Gral. Pico;Salta;javiergarcia@correo.com;69;41113197
Lucía;Díaz;Urquiza 4564;Inmaculada Concepcion;Mendoza;luciadiaz@correo.com;37;35105031
Martina;Peralta;Rivadavia 1455;9 de Julio;Mendoza;martinaperalta@correo.com;29;35778491
Natalia;Ruiz;Sarmiento 8609;San Miguel;Entre Ríos;nataliaruiz@correo.com;26;27246358
Ezequiel;Acosta;Mitre 1432;La Palta;Neuquén;ezequielacosta@correo.com;40;30196461
Tomas;Giménez;Pueyrredón 6332;La Palta;Mendoza;tomasgimenez@correo.com;76;15910353
Joaquín;Fernández;Rivadavia 1882;Rosario de la Cruz;Chaco;joaquinfernandez@correo.com;53;26649445
Gabriel;Castro;Lavalle 5608;San Martin;Salta;gabrielcastro@correo.com;76;44382122
Victoria;Álvarez;Av. de Mayo 3860;San Miguel;Tucumán;victoriaalvarez@correo.com;31;24446623
Lucía;Torres;Av. San Martín 364;9 de Julio;Salta;luciatorres@correo.com;56;23246384
Agustín;Vidal;Av. de Mayo 6342;9 de Julio;Córdoba;agustinvidal@correo.com;23;21247853
Paula;Flores;Mitre 3883;Palermo;Santa Fe;paulaflores@correo.com;21;40836722
Elena;Ramírez;Av. de Mayo 5189;La Palta;Santa Fe;elenaramirez@correo.com;42;34227802
Elena;Guzmán;Av. San Martín 3306;Rosario de la Cruz;Entre Ríos;elenaguzman@correo.com;28;39476754
Ignacio;Martínez;Pueyrredón 3071;9 de Julio;Entre Ríos;ignaciomartinez@correo.com;32;27363962
Abril;González;Belgrano 6947;Rosario de la Cruz;Entre Ríos;abrilgonzalez@correo.com;29;36684403
Daniela;Guzmán;Pueyrredón 4928;La Palta;Mendoza;danielaguzman@correo.com;83;46664616
María;Gómez;Belgrano 3842;25 de Mayo;Tucumán;mariagomez@correo.com;24;12371510
Paula;Ramírez;Lavalle 1339;9 de Julio;Entre Ríos;paularamirez@correo.com;25;11802843
María;Rojas;Mitre 9435;Palermo;Mendoza;mariarojas@correo.com;59;36570393
Ana;Romero;Rivadavia 3022;Rosario de la Cruz;Chaco;anaromero@correo.com;44;19311261
Santiago;Vidal;Pueyrredón 2342;Inmaculada Concepcion;Santa Fe;santiagovidal@correo.com;40;34570638
Camila;Ramírez;Rivadavia 9515;La Palta;Santa Fe;camilaramirez@correo.com;61;39231151
Agustín;Romero;Lavalle 1164;25 de Mayo;Neuquén;agustinromero@correo.com;80;25595034
Natalia;Castro;Lavalle 6272;San Miguel;Neuquén;nataliacastro@correo.com;66;35530497
Agustín;Castro;Mitre 7730;San Martin;Salta;agustincastro@correo.com;49;42419941
Nicolás;Díaz;Av. San Martín 4535;Rosario de la Cruz;Salta;nicolasdiaz@correo.com;71;29496764
Martina;Silva;Rivadavia 7921;San Miguel;Santa Fe;martinasilva@correo.com;75;35903527
Diego;Álvarez;Av. de Mayo 7491;Gral. Pico;Neuquén;diegoalvarez@correo.com;28;44631436
Isabella;Rodríguez;Urquiza 2636;Inmaculada Concepcion;Santa Fe;isabellarodriguez@correo.com;43;27384298
Sofía;Castro;Lavalle 9383;San Miguel;Santa Fe;sofiacastro@correo.com;73;22548284
María;Torres;Mitre 8832;Gral. Pico;Mendoza;mariatorres@correo.com;51;22022217
Mateo;Herrera;Lavalle 4696;25 de Mayo;Salta;mateoherrera@correo.com;48;21699501
Valeria;Gómez;Belgrano 903;La Palta;Mendoza;valeriagomez@correo.com;59;41206982
Martina;Molina;Urquiza 1894;Gral. Pico;Neuquén;martinamolina@correo.com;22;28861353
Carlos;Silva;Sarmiento 4428;La Palta;Entre Ríos;carlossilva@correo.com;79;43067645
Natalia;Rodríguez;Alvear 9875;25 de Mayo;Chaco;nataliarodriguez@correo.com;62;35483104
Ignacio;Torres;Av. de Mayo 8078;Rosario de la Cruz;Chaco;ignaciotorres@correo.com;69;43989311
Daniela;Rodríguez;Sarmiento 6172;25 de Mayo;Chaco;danielarodriguez@correo.com;54;47758023
Lucía;Gómez;Alvear 9636;Rosario de la Cruz;Santa Fe;luciagomez@correo.com;68;38859018
Lucas;Herrera;Alvear 2493;San Miguel;Mendoza;lucasherrera@correo.com;20;17355601
Daniela;Romero;Urquiza 7814;San Martin;Salta;danielaromero@correo.com;61;11462694
Ana;Molina;Alvear 800;Gral. Pico;Santa Fe;anamolina@correo.com;38;15095198
Paula;Pérez;Av. de Mayo 7408;Capitan Mendoza;Chaco;paulaperez@correo.com;26;25565922
Ana;Romero;Belgrano 6609;Inmaculada Concepcion;Entre Ríos;anaromero@correo.com;20;45000000
Nicolás;Ramírez;Lavalle 9925;San Martin;Tucumán;nicolasramirez@correo.com;72;31249962
Daniela;Sosa;Sarmiento 2115;25 de Mayo;Tucumán;danielasosa@correo.com;66;44621951
Nicolás;Herrera;Alvear 4037;La Palta;Salta;nicolasherrera@correo.com;51;46259980
Santiago;Flores;Urquiza 7367;La Palta;Salta;santiagoflores@correo.com;46;29638322
Lucas;Álvarez;Mitre 3642;Rosario de la Cruz;Entre Ríos;lucasalvarez@correo.com;67;35738601
Natalia;Silva;Av. de Mayo 24;9 de Julio;Mendoza;nataliasilva@correo.com;73;45705593
Gonzalo;Rodríguez;Pueyrredón 5290;25 de Mayo;Chaco;gonzalorodriguez@correo.com;64;43856612
Valeria;Acosta;Urquiza 8952;San Miguel;Entre Ríos;valeriaacosta@correo.com;45;45925415
Mateo;Gómez;Mitre 6308;9 de Julio;Chaco;mateogomez@correo.com;54;29804549
Diego;Sosa;Lavalle 2563;La Palta;Neuquén;diegososa@correo.com;58;17812188
Natalia;Rodríguez;Pueyrredón 4443;9 de Julio;Misiones;nataliarodriguez@correo.com;34;24293126
Javier;García;Av. San Martín 3958;Capitan Mendoza;Neuquén;javiergarcia@correo.com;34;29743027
Ezequiel;Ruiz;Urquiza 2924;25 de Mayo;Tucumán;ezequielruiz@correo.com;33;40316646
Abril;Rodríguez;Pueyrredón 5353;9 de Julio;Salta;abrilrodriguez@correo.com;34;13735866
Natalia;García;Av. San Martín 2613;San Martin;Tucumán;nataliagarcia@correo.com;24;12396419
Joaquín;González;Urquiza 2663;Rosario de la Cruz;Santa Fe;joaquingonzalez@correo.com;18;30380287
Tomas;Rodríguez;Alvear 6478;25 de Mayo;Chaco;tomasrodriguez@correo.com;79;18341628
Agustín;Álvarez;Pueyrredón 3214;Gral. Pico;Santa Fe;agustinalvarez@correo.com;25;16278519
Carlos;Álvarez;Alvear 5981;Capitan Mendoza;Santa Fe;carlosalvarez@correo.com;81;13251086
Lucas;Gómez;Rivadavia 5543;San Martin;Córdoba;lucasgomez@correo.com;76;43660982
Valeria;Castro;Alvear 5470;Rosario de la Cruz;Buenos Aires;valeriacastro@correo.com;48;15626115
Valeria;Pérez;Pueyrredón 1657;Capitan Mendoza;Buenos Aires;valeriaperez@correo.com;82;35223783
Sofía;Acosta;Av. San Martín 5533;Rosario de la Cruz;Salta;sofiaacosta@correo.com;42;11718659
Lucas;Acosta;Sarmiento 5475;Capitan Mendoza;Entre Ríos;lucasacosta@correo.com;25;44797421
Ana;Vidal;Lavalle 8097;San Miguel;Buenos Aires;anavidal@correo.com;81;40877007
María;Sosa;Urquiza 3259;Inmaculada Concepcion;Santa Fe;mariasosa@correo.com;29;25478084
Sara;González;Mitre 3545;San Miguel;Santa Fe;saragonzalez@correo.com;35;31385670
Gonzalo;Giménez;Av. San Martín 6493;Inmaculada Concepcion;Chaco;gonzalogimenez@correo.com;53;40073235
Lucas;Ramírez;Urquiza 5458;Gral. Pico;Salta;lucasramirez@correo.com;53;40892607
Valeria;Martínez;Av. San Martín 8511;Rosario de la Cruz;Buenos Aires;valeriamartinez@correo.com;33;15705731
Valeria;Medina;Av. San Martín 6185;Palermo;Córdoba;valeriamedina@correo.com;42;45089414
Lucía;Acosta;Belgrano 4230;San Miguel;Córdoba;luciaacosta@correo.com;68;19710375
Javier;Molina;Rivadavia 9818;Inmaculada Concepcion;Misiones;javiermolina@correo.com;32;35905882
Sofía;Medina;Sarmiento 9286;Rosario de la Cruz;Buenos Aires;sofiamedina@correo.com;73;14338362
Daniela;Romero;Alvear 5934;Inmaculada Concepcion;Córdoba;danielaromero@correo.com;50;23772822
María;Guzmán;Av. San Martín 2630;San Miguel;Mendoza;mariaguzman@correo.com;30;20800890
Tomas;Díaz;Sarmiento 4526;San Martin;Chaco;tomasdiaz@correo.com;22;44872230
Daniela;Herrera;Urquiza 6388;San Martin;Santa Fe;danielaherrera@correo.com;65;23032444
Javier;Aguirre;Lavalle 9313;Capitan Mendoza;Chaco;javieraguirre@correo.com;80;36702471
Ignacio;García;Lavalle 9396;San Miguel;Mendoza;ignaciogarcia@correo.com;59;47086999
Lucía;Vidal;Av. de Mayo 6185;25 de Mayo;Santa Fe;luciavidal@correo.com;63;20768578
Gabriel;Gómez;Av. de Mayo 7873;La Palta;Mendoza;gabrielgomez@correo.com;82;12222274
Gonzalo;Sosa;Av. San Martín 1924;San Martin;Santa Fe;gonzalososa@correo.com;30;45289993
Gabriel;García;Pueyrredón 12;San Martin;Misiones;gabrielgarcia@correo.com;28;17976622
Natalia;Castro;Sarmiento 5706;9 de Julio;Salta;nataliacastro@correo.com;56;42983289
Martina;Benítez;Belgrano 7654;Palermo;Entre Ríos;martinabenitez@correo.com;78;22076369
Luis;Torres;Mitre 1383;La Palta;Chaco;luistorres@correo.com;24;29161197
Valeria;Álvarez;Mitre 3523;Inmaculada Concepcion;Santa Fe;valeriaalvarez@correo.com;21;34825683
Ezequiel;López;Belgrano 1860;San Miguel;Chaco;ezequiellopez@correo.com;25;44023502
Nicolás;Peralta;Sarmiento 9655;25 de Mayo;Neuquén;nicolasperalta@correo.com;22;19281220
Lucas;Ruiz;Pueyrredón 402;Rosario de la Cruz;Córdoba;lucasruiz@correo.com;26;31721425
Ezequiel;Vidal;Urquiza 1446;La Palta;Neuquén;ezequielvidal@correo.com;27;30726962
Abril;Fernández;Pueyrredón 9243;La Palta;Salta;abrilfernandez@correo.com;74;13110147
Sara;Silva;Belgrano 6065;Capitan Mendoza;Chaco;sarasilva@correo.com;77;16648539
Victoria;Herrera;Av. de Mayo 3751;Palermo;Buenos Aires;victoriaherrera@correo.com;27;35849759
María;Benítez;Urquiza 4610;San Miguel;Santa Fe;mariabenitez@correo.com;49;43491398
Gabriel;Castro;Urquiza 2311;San Miguel;Chaco;gabrielcastro@correo.com;51;43222228
Valeria;Pérez;Sarmiento 9046;Gral. Pico;Neuquén;valeriaperez@correo.com;75;35039050
Ignacio;Rodríguez;Belgrano 1228;Capitan Mendoza;Buenos Aires;ignaciorodriguez@correo.com;58;37078574
Tomas;Álvarez;Alvear 2191;25 de Mayo;Córdoba;tomasalvarez@correo.com;22;32487393
Daniela;Benítez;Av. de Mayo 8179;La Palta;Salta;danielabenitez@correo.com;69;16964741
Lucas;Rodríguez;Sarmiento 2230;9 de Julio;Tucumán;lucasrodriguez@correo.com;73;34685725
Elena;Gómez;Av. de Mayo 8090;Inmaculada Concepcion;Misiones;elenagomez@correo.com;55;45292156
Ignacio;Vidal;Alvear 8202;San Miguel;Mendoza;ignaciovidal@correo.com;34;16455235
Luis;Guzmán;Pueyrredón 8240;Gral. Pico;Salta;luisguzman@correo.com;49;45054879
Abril;Guzmán;Mitre 39;San Martin;Entre Ríos;abrilguzman@correo.com;77;33693670
Tomas;Martínez;Belgrano 2396;San Miguel;Neuquén;tomasmartinez@correo.com;51;43596990
Abril;Molina;Pueyrredón 7493;9 de Julio;Buenos Aires;abrilmolina@correo.com;56;47539340
Paula;Gómez;Av. San Martín 2277;25 de Mayo;Mendoza;paulagomez@correo.com;26;35326879
Sara;Díaz;Lavalle 8734;Gral. Pico;Misiones;saradiaz@correo.com;77;39563325
Ezequiel;Ramírez;Av. de Mayo 3449;Rosario de la Cruz;Buenos Aires;ezequielramirez@correo.com;48;30569541
Carlos;Vidal;Sarmiento 801;Capitan Mendoza;Tucumán;carlosvidal@correo.com;51;13332303
Ana;Guzmán;Av. de Mayo 1516;9 de Julio;Tucumán;anaguzman@correo.com;82;11942708
Agustín;Rojas;Lavalle 372;Palermo;Buenos Aires;agustinrojas@correo.com;25;25134154
Daniela;Molina;Alvear 6054;Capitan Mendoza;Entre Ríos;danielamolina@correo.com;25;26753574
Isabella;Ruiz;Sarmiento 9188;Rosario de la Cruz;Mendoza;isabellaruiz@correo.com;45;17410080
Martina;Flores;Belgrano 1562;Inmaculada Concepcion;Tucumán;martinaflores@correo.com;39;47572148
Luis;Benítez;Urquiza 566;San Miguel;Neuquén;luisbenitez@correo.com;29;34285111
Mateo;Flores;Av. San Martín 8953;San Miguel;Mendoza;mateoflores@correo.com;70;11952563
Valeria;Martínez;Av. San Martín 8081;Capitan Mendoza;Salta;valeriamartinez@correo.com;33;35439177
Javier;García;Belgrano 7157;Gral. Pico;Misiones;javiergarcia@correo.com;47;34094382
Sara;Rojas;Belgrano 613;25 de Mayo;Neuquén;sararojas@correo.com;68;39019291
Natalia;Álvarez;Av. de Mayo 6933;Inmaculada Concepcion;Chaco;nataliaalvarez@correo.com;67;38124010
Gabriel;González;Mitre 5562;Palermo;Buenos Aires;gabrielgonzalez@correo.com;26;16486229
Valeria;Giménez;Pueyrredón 9879;25 de Mayo;Misiones;valeriagimenez@correo.com;46;33021965
Diego;Peralta;Av. de Mayo 7248;San Martin;Salta;diegoperalta@correo.com;59;30409742
Nicolás;Ruiz;Pueyrredón 1472;Capitan Mendoza;Mendoza;nicolasruiz@correo.com;65;44183368
Javier;Giménez;Rivadavia 1729;25 de Mayo;Córdoba;javiergimenez@correo.com;58;39167311
Mateo;López;Rivadavia 2921;San Martin;Mendoza;mateolopez@correo.com;62;20779415
Ana;Silva;Av. San Martín 5029;San Martin;Chaco;anasilva@correo.com;36;40648923
Javier;Fernández;Lavalle 6663;9 de Julio;Córdoba;javierfernandez@correo.com;31;17091544
Sofía;Aguirre;Av. San Martín 4710;San Martin;Chaco;sofiaaguirre@correo.com;29;13399553
Luis;Ruiz;Rivadavia 7664;Capitan Mendoza;Misiones;luisruiz@correo.com;76;41691147
Agustín;García;Av. de Mayo 9454;9 de Julio;Entre Ríos;agustingarcia@correo.com;55;21275627
Martina;Flores;Lavalle 4887;La Palta;Tucumán;martinaflores@correo.com;60;11805225
Agustín;Silva;Pueyrredón 6272;Inmaculada Concepcion;Tucumán;agustinsilva@correo.com;55;33739825
Luis;Sosa;Av. San Martín 7288;25 de Mayo;Chaco;luissosa@correo.com;73;17057726
Ana;Herrera;Av. de Mayo 4787;Rosario de la Cruz;Misiones;anaherrera@correo.com;84;45023707
Victoria;Romero;Urquiza 7354;San Martin;Córdoba;victoriaromero@correo.com;62;40478247
Elena;Díaz;Lavalle 3797;La Palta;Chaco;elenadiaz@correo.com;39;41498250
Paula;Acosta;Pueyrredón 4586;Palermo;Chaco;paulaacosta@correo.com;38;26924925
Carlos;Martínez;Urquiza 3828;San Martin;Mendoza;carlosmartinez@correo.com;73;16030034
Isabella;Martínez;Mitre 2572;Rosario de la Cruz;Tucumán;isabellamartinez@correo.com;46;25451913
Isabella;Castro;Sarmiento 2743;Inmaculada Concepcion;Tucumán;isabellacastro@correo.com;27;46809208
Ana;Rodríguez;Av. San Martín 2435;25 de Mayo;Misiones;anarodriguez@correo.com;82;44342541
Nicolás;Flores;Belgrano 8369;San Miguel;Córdoba;nicolasflores@correo.com;31;19234273
Javier;Pérez;Pueyrredón 8174;Gral. Pico;Mendoza;javierperez@correo.com;49;18044669
Tomas;Peralta;Mitre 599;9 de Julio;Córdoba;tomasperalta@correo.com;48;28119493
Abril;Díaz;Sarmiento 6674;Capitan Mendoza;Santa Fe;abrildiaz@correo.com;61;42840582
Isabella;Castro;Sarmiento 2451;25 de Mayo;Tucumán;isabellacastro@correo.com;22;37174172
Ignacio;Pérez;Av. de Mayo 9813;Palermo;Chaco;ignacioperez@correo.com;42;34315517
Daniela;Peralta;Sarmiento 3660;9 de Julio;Buenos Aires;danielaperalta@correo.com;50;12112279
Nicolás;Vidal;Mitre 4630;Inmaculada Concepcion;Neuquén;nicolasvidal@correo.com;73;23962707
Ana;López;Alvear 2425;Rosario de la Cruz;Córdoba;analopez@correo.com;61;29915621
Isabella;Ramírez;Lavalle 4735;Rosario de la Cruz;Entre Ríos;isabellaramirez@correo.com;61;36318634
Lucía;Peralta;Pueyrredón 2950;Capitan Mendoza;Entre Ríos;luciaperalta@correo.com;38;40003679
Agustín;Acosta;Pueyrredón 9974;Gral. Pico;Córdoba;agustinacosta@correo.com;23;24617871
Javier;Benítez;Av. San Martín 751;Palermo;Misiones;javierbenitez@correo.com;40;11797095
Daniela;Aguirre;Sarmiento 946;San Miguel;Entre Ríos;danielaaguirre@correo.com;55;15586083
Camila;Vidal;Sarmiento 9767;Palermo;Mendoza;camilavidal@correo.com;42;35141218
Luis;Rodríguez;Urquiza 4031;San Miguel;Entre Ríos;luisrodriguez@correo.com;58;26758641
Diego;Silva;Lavalle 5612;San Miguel;Chaco;diegosilva@correo.com;81;20560292
Paula;Acosta;Lavalle 8287;Rosario de la Cruz;Mendoza;paulaacosta@correo.com;61;35700636
Diego;Rodríguez;Sarmiento 2602;San Martin;Santa Fe;diegorodriguez@correo.com;25;40723998
Paula;Rodríguez;Belgrano 2199;San Miguel;Neuquén;paularodriguez@correo.com;58;11005862
Joaquín;Castro;Urquiza 2476;25 de Mayo;Tucumán;joaquincastro@correo.com;33;19395976
Martina;Sosa;Belgrano 8497;Palermo;Buenos Aires;martinasosa@correo.com;35;47544991
Joaquín;Romero;Mitre 3766;Gral. Pico;Misiones;joaquinromero@correo.com;66;46972068
Agustín;Torres;Pueyrredón 9813;Rosario de la Cruz;Mendoza;agustintorres@correo.com;66;31897552
Lucas;Peralta;Av. San Martín 7995;Inmaculada Concepcion;Mendoza;lucasperalta@correo.com;58;11247396
Elena;Vidal;Belgrano 4317;Gral. Pico;Buenos Aires;elenavidal@correo.com;69;22717804
Gabriel;Pérez;Rivadavia 4209;Gral. Pico;Córdoba;gabrielperez@correo.com;36;39374815
Sara;López;Urquiza 5245;Palermo;Córdoba;saralopez@correo.com;38;13842422
Sara;Martínez;Av. San Martín 3954;San Miguel;Córdoba;saramartinez@correo.com;56;40453269
Gonzalo;Rojas;Mitre 9432;La Palta;Córdoba;gonzalorojas@correo.com;78;38944158
Tomas;Sánchez;Av. San Martín 322;Palermo;Entre Ríos;tomassanchez@correo.com;56;12181412
Gabriel;López;Urquiza 1965;Palermo;Chaco;gabriellopez@correo.com;64;12745560
Joaquín;Benítez;Av. de Mayo 7175;San Miguel;Mendoza;joaquinbenitez@correo.com;57;39538263
Ezequiel;López;Lavalle 6439;San Martin;Chaco;ezequiellopez@correo.com;83;30408026
Paula;Flores;Sarmiento 6644;25 de Mayo;Buenos Aires;paulaflores@correo.com;38;38356679
Ana;Acosta;Belgrano 1344;San Miguel;Salta;anaacosta@correo.com;22;15233647
Martina;Ramírez;Belgrano 478;San Martin;Buenos Aires;martinaramirez@correo.com;66;25304290
Santiago;Fernández;Mitre 12;Inmaculada Concepcion;Tucumán;santiagofernandez@correo.com;43;35359038
Nicolás;Ruiz;Rivadavia 2296;9 de Julio;Salta;nicolasruiz@correo.com;39;42415231
Natalia;Aguirre;Av. San Martín 3805;Rosario de la Cruz;Neuquén;nataliaaguirre@correo.com;37;19553507
Elena;Díaz;Sarmiento 5581;Palermo;Entre Ríos;elenadiaz@correo.com;55;21054751
Sofía;Díaz;Av. de Mayo 885;25 de Mayo;Santa Fe;sofiadiaz@correo.com;65;39238158
Natalia;Pérez;Belgrano 9199;Palermo;Entre Ríos;nataliaperez@correo.com;40;23741677
Camila;López;Av. San Martín 6400;San Miguel;Neuquén;camilalopez@correo.com;22;17774074
Luis;Ramírez;Lavalle 5873;Rosario de la Cruz;Chaco;luisramirez@correo.com;26;24206843
María;Rodríguez;Belgrano 8648;La Palta;Entre Ríos;mariarodriguez@correo.com;74;47844434
Camila;Fernández;Av. San Martín 4519;La Palta;Chaco;camilafernandez@correo.com;53;41908544
Carlos;Álvarez;Lavalle 1373;San Miguel;Córdoba;carlosalvarez@correo.com;68;46923400
Diego;Martínez;Urquiza 7314;La Palta;Chaco;diegomartinez@correo.com;21;44559987
Gabriel;Rodríguez;Urquiza 3044;Gral. Pico;Salta;gabrielrodriguez@correo.com;58;35359070
Gonzalo;Fernández;Urquiza 870;Palermo;Misiones;gonzalofernandez@correo.com;77;43410297
Isabella;Giménez;Urquiza 8993;25 de Mayo;Tucumán;isabellagimenez@correo.com;54;16737223
Carlos;Acosta;Av. de Mayo 8163;Capitan Mendoza;Mendoza;carlosacosta@correo.com;72;22087383
Ignacio;Fernández;Mitre 5359;Rosario de la Cruz;Salta;ignaciofernandez@correo.com;70;33147886
Isabella;García;Urquiza 9548;25 de Mayo;Neuquén;isabellagarcia@correo.com;60;36576969
María;Díaz;Mitre 1289;Inmaculada Concepcion;Mendoza;mariadiaz@correo.com;22;38926054
Lucía;Medina;Alvear 1964;Palermo;Tucumán;luciamedina@correo.com;36;20749682
Gabriel;Flores;Av. de Mayo 583;La Palta;Mendoza;gabrielflores@correo.com;38;12948794
María;Gómez;Urquiza 380;Inmaculada Concepcion;Neuquén;mariagomez@correo.com;82;44613742
Nicolás;Benítez;Lavalle 3192;Rosario de la Cruz;Entre Ríos;nicolasbenitez@correo.com;55;32152514
María;Herrera;Av. San Martín 2026;Rosario de la Cruz;Neuquén;mariaherrera@correo.com;44;38092038
Gonzalo;Fernández;Alvear 7085;Capitan Mendoza;Santa Fe;gonzalofernandez@correo.com;30;14272308
Lucía;Medina;Av. San Martín 7367;Rosario de la Cruz;Misiones;luciamedina@correo.com;56;41003767
Paula;Díaz;Lavalle 7901;La Palta;Córdoba;pauladiaz@correo.com;20;14963223
María;Flores;Mitre 6211;Palermo;Tucumán;mariaflores@correo.com;38;19028233
Carlos;Ruiz;Urquiza 6085;Gral. Pico;Entre Ríos;carlosruiz@correo.com;30;37762212
Diego;Benítez;Sarmiento 5357;San Martin;Entre Ríos;diegobenitez@correo.com;56;44201590
Paula;Medina;Urquiza 3137;Palermo;Misiones;paulamedina@correo.com;83;40038126
Diego;Acosta;Av. de Mayo 826;9 de Julio;Entre Ríos;diegoacosta@correo.com;29;45513208
Paula;Benítez;Urquiza 5935;Palermo;Misiones;paulabenitez@correo.com;58;16318768
Lucía;Herrera;Alvear 3186;La Palta;Córdoba;luciaherrera@correo.com;81;35705953
Mateo;Rojas;Alvear 7645;San Miguel;Entre Ríos;mateorojas@correo.com;70;32735514
Lucía;González;Sarmiento 7272;Inmaculada Concepcion;Tucumán;luciagonzalez@correo.com;48;28926141
Agustín;Molina;Alvear 6030;Capitan Mendoza;Córdoba;agustinmolina@correo.com;70;34422212
Camila;Aguirre;Alvear 6835;La Palta;Mendoza;camilaaguirre@correo.com;27;24693635
Santiago;Giménez;Rivadavia 2699;San Miguel;Salta;santiagogimenez@correo.com;52;18046203
Nicolás;Guzmán;Av. San Martín 1244;Capitan Mendoza;Salta;nicolasguzman@correo.com;19;43751051
Mateo;Guzmán;Rivadavia 8551;9 de Julio;Salta;mateoguzman@correo.com;26;30185750
Isabella;Díaz;Alvear 4375;Palermo;Neuquén;isabelladiaz@correo.com;69;19805142
Joaquín;Vidal;Urquiza 5202;San Martin;Entre Ríos;joaquinvidal@correo.com;64;30366608
Martina;Giménez;Alvear 7890;San Miguel;Neuquén;martinagimenez@correo.com;22;40996810
Ezequiel;Peralta;Belgrano 469;San Martin;Santa Fe;ezequielperalta@correo.com;68;46481818
Valeria;Vidal;Pueyrredón 3970;Gral. Pico;Neuquén;valeriavidal@correo.com;76;39119707
Agustín;Fernández;Av. de Mayo 6116;San Martin;Neuquén;agustinfernandez@correo.com;77;20409608
Agustín;Peralta;Lavalle 2713;San Martin;Tucumán;agustinperalta@correo.com;52;26555223
Mateo;Castro;Mitre 8725;San Miguel;Entre Ríos;mateocastro@correo.com;79;47270407
Luis;Martínez;Pueyrredón 925;Palermo;Entre Ríos;luismartinez@correo.com;29;17300613
Gabriel;Acosta;Urquiza 9408;San Martin;Neuquén;gabrielacosta@correo.com;77;11104299
Ignacio;Ruiz;Av. de Mayo 1003;Gral. Pico;Buenos Aires;ignacioruiz@correo.com;28;26627704
Gonzalo;Torres;Sarmiento 5591;Palermo;Santa Fe;gonzalotorres@correo.com;64;12090684
Camila;Acosta;Pueyrredón 7470;25 de Mayo;Santa Fe;camilaacosta@correo.com;56;36233163
Sara;Peralta;Mitre 9357;Gral. Pico;Misiones;saraperalta@correo.com;19;18063038
Ezequiel;Ramírez;Belgrano 1274;Palermo;Mendoza;ezequielramirez@correo.com;78;13170804
Tomas;Torres;Belgrano 6988;Capitan Mendoza;Chaco;tomastorres@correo.com;32;37420511
Tomas;Sánchez;Av. de Mayo 6473;Rosario de la Cruz;Neuquén;tomassanchez@correo.com;79;45113359
Natalia;García;Av. San Martín 4962;9 de Julio;Tucumán;nataliagarcia@correo.com;76;42293555
Ezequiel;Molina;Rivadavia 5429;La Palta;Entre Ríos;ezequielmolina@correo.com;73;20935951
Lucas;Ramírez;Urquiza 8186;Rosario de la Cruz;Chaco;lucasramirez@correo.com;28;31353498
Gonzalo;Sosa;Sarmiento 9508;Rosario de la Cruz;Mendoza;gonzalososa@correo.com;26;26386365
Nicolás;Guzmán;Rivadavia 4074;San Miguel;Salta;nicolasguzman@correo.com;58;35289781
Camila;Pérez;Lavalle 8787;Gral. Pico;Buenos Aires;camilaperez@correo.com;22;29883983
Valeria;Martínez;Mitre 8416;9 de Julio;Tucumán;valeriamartinez@correo.com;66;25969464
Carlos;González;Av. de Mayo 2718;Capitan Mendoza;Córdoba;carlosgonzalez@correo.com;21;24101856
Valeria;Silva;Alvear 4770;Gral. Pico;Buenos Aires;valeriasilva@correo.com;45;14013063
Lucía;Rojas;Alvear 4524;Gral. Pico;Santa Fe;luciarojas@correo.com;56;23396771
Camila;Sosa;Lavalle 9802;San Miguel;Córdoba;camilasosa@correo.com;51;35029714
Ezequiel;Díaz;Lavalle 4307;San Martin;Santa Fe;ezequieldiaz@correo.com;24;35132358
Paula;Flores;Av. de Mayo 7826;La Palta;Entre Ríos;paulaflores@correo.com;29;34316439
Gabriel;Ruiz;Mitre 9264;Gral. Pico;Chaco;gabrielruiz@correo.com;79;40746671
Sofía;Medina;Urquiza 807;Palermo;Misiones;sofiamedina@correo.com;50;31592199
Valeria;Medina;Pueyrredón 2664;San Miguel;Mendoza;valeriamedina@correo.com;73;35586512
Ezequiel;Torres;Belgrano 4664;Capitan Mendoza;Mendoza;ezequieltorres@correo.com;60;33825594
Natalia;Sosa;Urquiza 8355;9 de Julio;Neuquén;nataliasosa@correo.com;74;44860050
Ana;López;Urquiza 1959;9 de Julio;Santa Fe;analopez@correo.com;26;27548147
Elena;Martínez;Lavalle 7236;Inmaculada Concepcion;Córdoba;elenamartinez@correo.com;55;18863492
Ignacio;García;Av. de Mayo 6646;San Miguel;Chaco;ignaciogarcia@correo.com;63;17324957
Luis;Aguirre;Urquiza 9845;Capitan Mendoza;Mendoza;luisaguirre@correo.com;42;19375381
Gonzalo;Álvarez;Belgrano 6396;Palermo;Neuquén;gonzaloalvarez@correo.com;18;28097922
Joaquín;Fernández;Rivadavia 2335;Palermo;Córdoba;joaquinfernandez@correo.com;53;47057024
Isabella;González;Alvear 3310;Gral. Pico;Tucumán;isabellagonzalez@correo.com;71;36350008
Camila;Torres;Mitre 7046;San Miguel;Mendoza;camilatorres@correo.com;29;13482767
Gabriel;Pérez;Rivadavia 2678;Palermo;Salta;gabrielperez@correo.com;67;41913192
Valeria;Gómez;Pueyrredón 2179;Inmaculada Concepcion;Neuquén;valeriagomez@correo.com;49;38427045
Nicolás;Gómez;Pueyrredón 3399;San Miguel;Salta;nicolasgomez@correo.com;55;28857857
Luis;Pérez;Rivadavia 5760;Palermo;Neuquén;luisperez@correo.com;83;36741604
Paula;Aguirre;Belgrano 2346;25 de Mayo;Entre Ríos;paulaaguirre@correo.com;55;45470421
Mateo;López;Av. San Martín 7121;San Miguel;Salta;mateolopez@correo.com;35;44620430
Mateo;López;Lavalle 5029;La Palta;Buenos Aires;mateolopez@correo.com;58;20539617
María;Guzmán;Alvear 4929;Gral. Pico;Córdoba;mariaguzman@correo.com;59;47131476
Diego;Torres;Alvear 1336;Capitan Mendoza;Córdoba;diegotorres@correo.com;54;44047120
Carlos;Martínez;Rivadavia 3671;San Martin;Misiones;carlosmartinez@correo.com;42;12339650
Santiago;Vidal;Pueyrredón 9364;25 de Mayo;Entre Ríos;santiagovidal@correo.com;23;47439616
Daniela;Molina;Av. de Mayo 6721;Capitan Mendoza;Salta;danielamolina@correo.com;78;16277045
Lucía;Peralta;Av. San Martín 8604;Capitan Mendoza;Chaco;luciaperalta@correo.com;67;21487269
Valeria;Giménez;Alvear 4956;La Palta;Mendoza;valeriagimenez@correo.com;43;43406432
Gabriel;Vidal;Av. San Martín 4343;25 de Mayo;Salta;gabrielvidal@correo.com;29;13510374
Ana;Martínez;Sarmiento 9418;San Miguel;Santa Fe;anamartinez@correo.com;68;30605130
Gonzalo;Gómez;Av. de Mayo 1706;Gral. Pico;Buenos Aires;gonzalogomez@correo.com;62;14544475
Luis;Álvarez;Pueyrredón 2565;Capitan Mendoza;Chaco;luisalvarez@correo.com;37;13646415
Ignacio;Pérez;Pueyrredón 3873;La Palta;Salta;ignacioperez@correo.com;50;26545933
María;Silva;Av. de Mayo 8170;San Martin;Entre Ríos;mariasilva@correo.com;80;25877419
Valeria;Castro;Lavalle 4103;San Miguel;Misiones;valeriacastro@correo.com;79;27247594
Santiago;Rodríguez;Pueyrredón 5281;Capitan Mendoza;Salta;santiagorodriguez@correo.com;37;31039906
Victoria;Ramírez;Lavalle 2235;Palermo;Chaco;victoriaramirez@correo.com;64;26967362
Natalia;Gómez;Rivadavia 6825;9 de Julio;Buenos Aires;nataliagomez@correo.com;50;37948452
Lucía;Martínez;Alvear 6754;Capitan Mendoza;Tucumán;luciamartinez@correo.com;64;44976167
Agustín;Herrera;Rivadavia 8270;La Palta;Neuquén;agustinherrera@correo.com;53;44239981
Daniela;Giménez;Belgrano 3810;Inmaculada Concepcion;Buenos Aires;danielagimenez@correo.com;47;13315577
Paula;Acosta;Av. de Mayo 4846;Gral. Pico;Buenos Aires;paulaacosta@correo.com;31;36938065
Javier;Guzmán;Av. de Mayo 9663;Capitan Mendoza;Tucumán;javierguzman@correo.com;78;37065877
Abril;Flores;Mitre 384;25 de Mayo;Entre Ríos;abrilflores@correo.com;76;23184951
Victoria;Martínez;Av. de Mayo 6702;Palermo;Santa Fe;victoriamartinez@correo.com;73;18500031
Ana;Flores;Mitre 9045;9 de Julio;Salta;anaflores@correo.com;18;33661655
Paula;Álvarez;Lavalle 7709;San Martin;Tucumán;paulaalvarez@correo.com;19;18097935
María;González;Pueyrredón 1093;San Miguel;Santa Fe;mariagonzalez@correo.com;79;14849423
Luis;Gómez;Belgrano 4928;Palermo;Córdoba;luisgomez@correo.com;20;32178585
Martina;Rojas;Lavalle 1048;Capitan Mendoza;Misiones;martinarojas@correo.com;74;34726451
Abril;Molina;Mitre 4501;Palermo;Mendoza;abrilmolina@correo.com;78;45526050
Isabella;Rodríguez;Av. de Mayo 4507;La Palta;Mendoza;isabellarodriguez@correo.com;45;22962618
María;Peralta;Urquiza 7909;Capitan Mendoza;Misiones;mariaperalta@correo.com;26;13327946
Ezequiel;Vidal;Sarmiento 7480;25 de Mayo;Entre Ríos;ezequielvidal@correo.com;77;46307797
Lucía;Herrera;Alvear 9010;25 de Mayo;Santa Fe;luciaherrera@correo.com;69;31811709
Sara;Flores;Mitre 7150;Palermo;Tucumán;saraflores@correo.com;21;31320324
Joaquín;Aguirre;Alvear 6431;Rosario de la Cruz;Buenos Aires;joaquinaguirre@correo.com;38;43799763
Luis;Acosta;Urquiza 4423;Inmaculada Concepcion;Salta;luisacosta@correo.com;49;12273468
Abril;Vidal;Sarmiento 823;Palermo;Córdoba;abrilvidal@correo.com;21;31509619
María;Herrera;Belgrano 9476;San Martin;Santa Fe;mariaherrera@correo.com;80;44253993
Agustín;Peralta;Alvear 6616;25 de Mayo;Buenos Aires;agustinperalta@correo.com;47;24300333
Isabella;Aguirre;Belgrano 3297;Inmaculada Concepcion;Misiones;isabellaaguirre@correo.com;21;24641075
Ignacio;Rojas;Alvear 1237;La Palta;Salta;ignaciorojas@correo.com;39;15437905
Daniela;Sánchez;Urquiza 3633;San Martin;Córdoba;danielasanchez@correo.com;69;12025059
María;Pérez;Pueyrredón 650;Rosario de la Cruz;Chaco;mariaperez@correo.com;83;15952020
María;Ramírez;Sarmiento 4844;25 de Mayo;Entre Ríos;mariaramirez@correo.com;21;13325324
Tomas;Rojas;Av. San Martín 6880;Gral. Pico;Mendoza;tomasrojas@correo.com;61;16614581
Ezequiel;García;Lavalle 2496;San Miguel;Santa Fe;ezequielgarcia@correo.com;31;43908890
Paula;Díaz;Pueyrredón 5752;Inmaculada Concepcion;Misiones;pauladiaz@correo.com;66;19392621
Ignacio;Flores;Sarmiento 8876;25 de Mayo;Neuquén;ignacioflores@correo.com;19;26604900
Abril;Rodríguez;Sarmiento 7562;Gral. Pico;Misiones;abrilrodriguez@correo.com;37;42349561
Gabriel;Gómez;Av. de Mayo 4863;San Martin;Mendoza;gabrielgomez@correo.com;20;16589976
Isabella;Molina;Mitre 3027;San Martin;Tucumán;isabellamolina@correo.com;65;27431400
Sara;González;Belgrano 9483;San Martin;Entre Ríos;saragonzalez@correo.com;84;24289914
Camila;García;Av. San Martín 2568;San Martin;Tucumán;camilagarcia@correo.com;22;19338225
Mateo;Benítez;Lavalle 2192;25 de Mayo;Mendoza;mateobenitez@correo.com;61;33094301
Tomas;Castro;Belgrano 3426;Palermo;Misiones;tomascastro@correo.com;84;26287808
Nicolás;Gómez;Urquiza 4956;25 de Mayo;Mendoza;nicolasgomez@correo.com;60;30526364
Santiago;Álvarez;Mitre 7832;Rosario de la Cruz;Entre Ríos;santiagoalvarez@correo.com;43;35463392
Paula;Fernández;Urquiza 3533;La Palta;Chaco;paulafernandez@correo.com;50;39999079
Paula;Herrera;Sarmiento 2866;Capitan Mendoza;Santa Fe;paulaherrera@correo.com;33;33512256
Joaquín;Díaz;Urquiza 9588;Inmaculada Concepcion;Entre Ríos;joaquindiaz@correo.com;18;36211752
Carlos;Ramírez;Alvear 3214;San Miguel;Buenos Aires;carlosramirez@correo.com;33;45012252
Valeria;Gómez;Av. de Mayo 704;9 de Julio;Entre Ríos;valeriagomez@correo.com;19;37035871
Diego;Díaz;Alvear 5466;San Martin;Santa Fe;diegodiaz@correo.com;80;17196335
Isabella;Medina;Alvear 8099;25 de Mayo;Buenos Aires;isabellamedina@correo.com;57;45336155
Ignacio;Herrera;Urquiza 8703;Capitan Mendoza;Córdoba;ignacioherrera@correo.com;19;31096691
Agustín;Martínez;Av. de Mayo 5529;San Martin;Santa Fe;agustinmartinez@correo.com;50;14158476
Gabriel;Fernández;Urquiza 9997;25 de Mayo;Buenos Aires;gabrielfernandez@correo.com;42;26963954
Ignacio;Vidal;Alvear 4316;Rosario de la Cruz;Santa Fe;ignaciovidal@correo.com;83;24789990
Ignacio;Rojas;Sarmiento 5431;Inmaculada Concepcion;Santa Fe;ignaciorojas@correo.com;80;34452181
Valeria;Rojas;Urquiza 2570;9 de Julio;Salta;valeriarojas@correo.com;33;18791269
Sara;Guzmán;Belgrano 3387;Rosario de la Cruz;Mendoza;saraguzman@correo.com;70;11657408
Carlos;Flores;Urquiza 1438;San Miguel;Entre Ríos;carlosflores@correo.com;33;16736416
Agustín;González;Sarmiento 6499;San Miguel;Neuquén;agustingonzalez@correo.com;60;13024579
Ezequiel;Benítez;Lavalle 5251;Palermo;Buenos Aires;ezequielbenitez@correo.com;72;37345737
María;Aguirre;Mitre 9154;Inmaculada Concepcion;Mendoza;mariaaguirre@correo.com;45;44713900
Luis;Peralta;Pueyrredón 7471;Palermo;Salta;luisperalta@correo.com;45;26397930
Sofía;González;Lavalle 4704;9 de Julio;Santa Fe;sofiagonzalez@correo.com;52;43956937
Victoria;Martínez;Alvear 7505;Gral. Pico;Neuquén;victoriamartinez@correo.com;63;20900328
Natalia;Silva;Sarmiento 7374;Gral. Pico;Buenos Aires;nataliasilva@correo.com;63;38034417
Ana;Aguirre;Av. de Mayo 9930;Capitan Mendoza;Misiones;anaaguirre@correo.com;51;23298048
Valeria;Pérez;Av. de Mayo 9149;25 de Mayo;Salta;valeriaperez@correo.com;32;43520249
Martina;Torres;Av. de Mayo 944;San Martin;Misiones;martinatorres@correo.com;59;31987507
Paula;Ramírez;Mitre 8712;San Martin;Santa Fe;paularamirez@correo.com;49;16077025
Lucía;Peralta;Lavalle 9435;San Miguel;Entre Ríos;luciaperalta@correo.com;84;13493911
Martina;López;Rivadavia 9836;9 de Julio;Santa Fe;martinalopez@correo.com;27;11616018
Santiago;Pérez;Alvear 210;San Martin;Mendoza;santiagoperez@correo.com;21;24298413
Sara;Rojas;Rivadavia 2461;25 de Mayo;Buenos Aires;sararojas@correo.com;69;24982183
Valeria;Flores;Mitre 4301;Rosario de la Cruz;Buenos Aires;valeriaflores@correo.com;58;20262338
Isabella;Ramírez;Belgrano 8314;Inmaculada Concepcion;Chaco;isabellaramirez@correo.com;37;31840994
Elena;González;Lavalle 4255;Capitan Mendoza;Tucumán;elenagonzalez@correo.com;55;43159095
Daniela;Silva;Sarmiento 278;9 de Julio;Misiones;danielasilva@correo.com;68;47964826
Santiago;Aguirre;Sarmiento 1072;Inmaculada Concepcion;Neuquén;santiagoaguirre@correo.com;37;40321339
Natalia;Peralta;Rivadavia 9206;San Miguel;Mendoza;nataliaperalta@correo.com;58;38488150
Javier;Peralta;Pueyrredón 1808;Inmaculada Concepcion;Mendoza;javierperalta@correo.com;24;43575050
Ignacio;Molina;Belgrano 8957;Capitan Mendoza;Chaco;ignaciomolina@correo.com;60;45251242
Sara;Peralta;Mitre 3338;La Palta;Entre Ríos;saraperalta@correo.com;71;17032112
Gonzalo;Giménez;Alvear 8817;Inmaculada Concepcion;Entre Ríos;gonzalogimenez@correo.com;24;40594124
Carlos;Sosa;Urquiza 2057;San Miguel;Chaco;carlossosa@correo.com;74;28496981
Agustín;Rojas;Alvear 8772;Inmaculada Concepcion;Mendoza;agustinrojas@correo.com;65;35909186
Elena;Martínez;Rivadavia 9249;La Palta;Salta;elenamartinez@correo.com;73;44367547
Gabriel;Peralta;Av. San Martín 2381;Inmaculada Concepcion;Chaco;gabrielperalta@correo.com;18;22959806
Santiago;Ruiz;Alvear 7381;25 de Mayo;Córdoba;santiagoruiz@correo.com;26;46487790
Luis;Rojas;Urquiza 9138;San Miguel;Chaco;luisrojas@correo.com;77;42392057
Valeria;Molina;Belgrano 203;La Palta;Tucumán;valeriamolina@correo.com;18;40774936
Nicolás;Peralta;Belgrano 873;La Palta;Santa Fe;nicolasperalta@correo.com;79;36318110
Diego;Ramírez;Lavalle 3757;La Palta;Entre Ríos;diegoramirez@correo.com;80;44547287
Paula;Peralta;Lavalle 6670;San Martin;Córdoba;paulaperalta@correo.com;50;19587590
Lucas;Romero;Av. San Martín 7499;Rosario de la Cruz;Santa Fe;lucasromero@correo.com;82;21993646
Luis;Romero;Urquiza 4820;San Martin;Tucumán;luisromero@correo.com;65;29700966
Diego;Ruiz;Rivadavia 6332;La Palta;Neuquén;diegoruiz@correo.com;82;14659524
Carlos;Martínez;Sarmiento 2230;Capitan Mendoza;Tucumán;carlosmartinez@correo.com;45;20335111
Gabriel;Guzmán;Mitre 8708;Capitan Mendoza;Chaco;gabrielguzman@correo.com;31;42627110
Gabriel;García;Sarmiento 6077;9 de Julio;Tucumán;gabrielgarcia@correo.com;25;45250349
Natalia;Flores;Alvear 1168;Inmaculada Concepcion;Buenos Aires;nataliaflores@correo.com;70;39525339
Nicolás;Herrera;Lavalle 7117;Rosario de la Cruz;Mendoza;nicolasherrera@correo.com;70;35148364
Valeria;Molina;Rivadavia 4058;La Palta;Neuquén;valeriamolina@correo.com;18;23372762
Carlos;Acosta;Sarmiento 3363;La Palta;Neuquén;carlosacosta@correo.com;76;14995290
Javier;Pérez;Sarmiento 6870;Palermo;Mendoza;javierperez@correo.com;65;18306586
Nicolás;Benítez;Av. San Martín 8675;Gral. Pico;Salta;nicolasbenitez@correo.com;21;34223105
Mateo;Torres;Alvear 8171;La Palta;Neuquén;mateotorres@correo.com;68;25833348
Sofía;Fernández;Mitre 9614;La Palta;Entre Ríos;sofiafernandez@correo.com;19;13532961
Abril;Torres;Pueyrredón 3488;25 de Mayo;Santa Fe;abriltorres@correo.com;78;33466870
Santiago;Medina;Urquiza 2588;Palermo;Mendoza;santiagomedina@correo.com;81;11594224
Diego;Vidal;Belgrano 6770;San Martin;Misiones;diegovidal@correo.com;75;47339988
Paula;Torres;Mitre 5411;Gral. Pico;Córdoba;paulatorres@correo.com;41;23592159
Isabella;Benítez;Alvear 1312;Inmaculada Concepcion;Buenos Aires;isabellabenitez@correo.com;57;35195709
Tomas;Díaz;Mitre 6143;San Miguel;Entre Ríos;tomasdiaz@correo.com;28;31427732
Paula;Castro;Urquiza 1464;La Palta;Misiones;paulacastro@correo.com;64;45373634
Santiago;Vidal;Pueyrredón 5448;Gral. Pico;Buenos Aires;santiagovidal@correo.com;18;44334311
Luis;Molina;Mitre 3314;Palermo;Buenos Aires;luismolina@correo.com;47;41192556
Martina;Fernández;Belgrano 6513;Capitan Mendoza;Misiones;martinafernandez@correo.com;82;30949657
Gabriel;Díaz;Lavalle 7535;25 de Mayo;Salta;gabrieldiaz@correo.com;53;39777816
Joaquín;Guzmán;Pueyrredón 3546;Rosario de la Cruz;Tucumán;joaquinguzman@correo.com;34;11646678
Paula;Díaz;Sarmiento 976;25 de Mayo;Salta;pauladiaz@correo.com;54;23943116
Mateo;Guzmán;Sarmiento 5742;25 de Mayo;Mendoza;mateoguzman@correo.com;67;23825644
Lucía;Medina;Rivadavia 9792;San Martin;Chaco;luciamedina@correo.com;56;41780322
Luis;Peralta;Pueyrredón 5726;San Miguel;Mendoza;luisperalta@correo.com;60;19738924
Ignacio;Fernández;Sarmiento 8917;Capitan Mendoza;Santa Fe;ignaciofernandez@correo.com;57;16882567
Gabriel;Molina;Belgrano 2330;Capitan Mendoza;Salta;gabrielmolina@correo.com;67;27637489
Luis;Flores;Belgrano 142;Palermo;Tucumán;luisflores@correo.com;65;15465033
Paula;Romero;Sarmiento 6313;Palermo;Chaco;paularomero@correo.com;41;26017905
Mateo;García;Urquiza 3403;Rosario de la Cruz;Santa Fe;mateogarcia@correo.com;46;14820816
Gabriel;Flores;Pueyrredón 9138;Gral. Pico;Buenos Aires;gabrielflores@correo.com;81;14665966
Ana;Pérez;Av. San Martín 3843;La Palta;Córdoba;anaperez@correo.com;51;34282380
Ezequiel;Castro;Av. de Mayo 7029;25 de Mayo;Buenos Aires;ezequielcastro@correo.com;59;13173227
Nicolás;Sánchez;Sarmiento 8417;La Palta;Buenos Aires;nicolassanchez@correo.com;37;24404844
Daniela;Rojas;Av. de Mayo 871;Palermo;Salta;danielarojas@correo.com;56;15416699
Valeria;Rojas;Sarmiento 2475;San Martin;Tucumán;valeriarojas@correo.com;72;34489887
Gabriel;Pérez;Urquiza 7617;San Miguel;Buenos Aires;gabrielperez@correo.com;28;26387195
Mateo;Ruiz;Sarmiento 2085;Gral. Pico;Córdoba;mateoruiz@correo.com;63;32825821
Javier;García;Belgrano 9696;9 de Julio;Chaco;javiergarcia@correo.com;24;25119775
Natalia;Fernández;Belgrano 5952;Inmaculada Concepcion;Chaco;nataliafernandez@correo.com;79;20587353
Abril;Silva;Mitre 5287;La Palta;Neuquén;abrilsilva@correo.com;26;17444117
Ignacio;González;Pueyrredón 4904;Inmaculada Concepcion;Santa Fe;ignaciogonzalez@correo.com;65;47367051
Diego;Ramírez;Pueyrredón 8856;Rosario de la Cruz;Neuquén;diegoramirez@correo.com;67;12133637
Elena;Gómez;Alvear 9514;La Palta;Salta;elenagomez@correo.com;19;34609948
Sofía;Fernández;Sarmiento 8967;Palermo;Buenos Aires;sofiafernandez@correo.com;33;17716615
Daniela;Pérez;Belgrano 5267;San Martin;Misiones;danielaperez@correo.com;84;12518450
Joaquín;Martínez;Sarmiento 9263;9 de Julio;Mendoza;joaquinmartinez@correo.com;59;17811172
Ezequiel;Benítez;Pueyrredón 3611;25 de Mayo;Córdoba;ezequielbenitez@correo.com;59;11639355
Daniela;Medina;Av. de Mayo 8029;Inmaculada Concepcion;Salta;danielamedina@correo.com;33;38010219
Sara;Molina;Rivadavia 7237;Palermo;Salta;saramolina@correo.com;63;41020454
Martina;Martínez;Alvear 7334;Palermo;Tucumán;martinamartinez@correo.com;34;37025501
Lucas;Sánchez;Mitre 2362;Rosario de la Cruz;Misiones;lucassanchez@correo.com;38;19757949
Daniela;García;Av. de Mayo 6075;9 de Julio;Salta;danielagarcia@correo.com;25;15570779
Victoria;Romero;Mitre 8148;9 de Julio;Salta;victoriaromero@correo.com;58;36223766
Gonzalo;Sánchez;Sarmiento 5174;Palermo;Neuquén;gonzalosanchez@correo.com;36;25630446
Agustín;Giménez;Alvear 3375;San Miguel;Córdoba;agustingimenez@correo.com;81;21070936
Victoria;Flores;Mitre 1349;9 de Julio;Misiones;victoriaflores@correo.com;79;31713672
Gabriel;Aguirre;Rivadavia 9475;Inmaculada Concepcion;Entre Ríos;gabrielaguirre@correo.com;27;30194821
Sofía;Díaz;Lavalle 7351;San Martin;Santa Fe;sofiadiaz@correo.com;45;47385534
Abril;Silva;Alvear 1738;La Palta;Tucumán;abrilsilva@correo.com;48;14475641
Sara;Gómez;Sarmiento 2252;Palermo;Salta;saragomez@correo.com;74;37047738
Gonzalo;Gómez;Lavalle 6544;Gral. Pico;Neuquén;gonzalogomez@correo.com;77;15877340
Mateo;Guzmán;Urquiza 8159;Inmaculada Concepcion;Tucumán;mateoguzman@correo.com;64;38635781
Ignacio;Peralta;Sarmiento 15;9 de Julio;Mendoza;ignacioperalta@correo.com;79;33979181
María;Guzmán;Rivadavia 6772;25 de Mayo;Misiones;mariaguzman@correo.com;72;44226608
Daniela;Torres;Belgrano 8904;Capitan Mendoza;Chaco;danielatorres@correo.com;56;18169212
Abril;González;Sarmiento 6609;La Palta;Entre Ríos;abrilgonzalez@correo.com;51;14995408
Nicolás;Rodríguez;Lavalle 2072;Inmaculada Concepcion;Tucumán;nicolasrodriguez@correo.com;82;18206040
Carlos;Molina;Urquiza 3154;San Martin;Tucumán;carlosmolina@correo.com;74;44688543
Joaquín;Sosa;Belgrano 7155;Capitan Mendoza;Misiones;joaquinsosa@correo.com;25;46911032
Ignacio;Ramírez;Av. de Mayo 3838;Gral. Pico;Tucumán;ignacioramirez@correo.com;68;34325580
Daniela;Sosa;Belgrano 1694;Gral. Pico;Salta;danielasosa@correo.com;56;41583791
Lucía;Sosa;Lavalle 7042;9 de Julio;Salta;luciasosa@correo.com;29;37019387
Abril;Martínez;Pueyrredón 7242;Palermo;Buenos Aires;abrilmartinez@correo.com;64;43258032
Ignacio;Gómez;Alvear 5701;Gral. Pico;Neuquén;ignaciogomez@correo.com;45;20372312
Ignacio;Ruiz;Mitre 589;Capitan Mendoza;Chaco;ignacioruiz@correo.com;25;43704448
Ana;Guzmán;Av. San Martín 9394;Gral. Pico;Chaco;anaguzman@correo.com;35;17034956
Valeria;Fernández;Lavalle 9996;Capitan Mendoza;Misiones;valeriafernandez@correo.com;68;42313434
Camila;López;Av. San Martín 3488;Capitan Mendoza;Tucumán;camilalopez@correo.com;79;34952624
Javier;Pérez;Urquiza 3522;San Miguel;Misiones;javierperez@correo.com;59;33553060
Lucía;Rodríguez;Mitre 6388;Rosario de la Cruz;Córdoba;luciarodriguez@correo.com;74;31949900
Joaquín;Sánchez;Belgrano 3741;9 de Julio;Córdoba;joaquinsanchez@correo.com;36;44031390
Elena;Silva;Lavalle 4184;Rosario de la Cruz;Buenos Aires;elenasilva@correo.com;35;15818968
Camila;Silva;Av. San Martín 251;San Martin;Entre Ríos;camilasilva@correo.com;54;12206363
Victoria;Molina;Rivadavia 6010;La Palta;Santa Fe;victoriamolina@correo.com;36;32773842
Daniela;Rojas;Pueyrredón 8632;La Palta;Santa Fe;danielarojas@correo.com;18;24616360
Valeria;González;Sarmiento 7885;25 de Mayo;Tucumán;valeriagonzalez@correo.com;37;24717646
Valeria;Aguirre;Rivadavia 5521;La Palta;Santa Fe;valeriaaguirre@correo.com;76;42013382
Luis;Benítez;Av. de Mayo 6352;Gral. Pico;Tucumán;luisbenitez@correo.com;18;46242568
Natalia;Torres;Sarmiento 7899;Rosario de la Cruz;Misiones;nataliatorres@correo.com;27;39140186
Victoria;García;Mitre 503;25 de Mayo;Córdoba;victoriagarcia@correo.com;77;41733071
Carlos;Flores;Pueyrredón 9668;San Miguel;Córdoba;carlosflores@correo.com;62;35876520
Lucía;Martínez;Rivadavia 4448;Gral. Pico;Misiones;luciamartinez@correo.com;58;12786360
Tomas;Peralta;Av. San Martín 5095;La Palta;Buenos Aires;tomasperalta@correo.com;25;30142306
María;Castro;Mitre 3116;9 de Julio;Misiones;mariacastro@correo.com;59;43250109
Javier;González;Av. de Mayo 1003;La Palta;Santa Fe;javiergonzalez@correo.com;56;27039031
María;Martínez;Pueyrredón 8900;9 de Julio;Salta;mariamartinez@correo.com;53;34373952
Gabriel;Fernández;Av. de Mayo 7637;La Palta;Santa Fe;gabrielfernandez@correo.com;21;23512557
Ana;Romero;Alvear 1504;Capitan Mendoza;Misiones;anaromero@correo.com;34;15598891
Tomas;Silva;Rivadavia 4500;San Miguel;Tucumán;tomassilva@correo.com;35;17100371
Carlos;García;Sarmiento 2512;Palermo;Neuquén;carlosgarcia@correo.com;62;43032791
Sara;Benítez;Av. San Martín 9308;Capitan Mendoza;Neuquén;sarabenitez@correo.com;81;19671257
Natalia;Ramírez;Lavalle 3959;Inmaculada Concepcion;Misiones;nataliaramirez@correo.com;18;45540482
Sara;Medina;Av. San Martín 1598;Capitan Mendoza;Córdoba;saramedina@correo.com;34;13739047
Camila;Castro;Mitre 7593;9 de Julio;Salta;camilacastro@correo.com;59;33268933
María;Medina;Av. de Mayo 8114;San Martin;Córdoba;mariamedina@correo.com;23;14181554
Martina;Vidal;Rivadavia 4013;San Martin;Chaco;martinavidal@correo.com;35;32233775
Agustín;Romero;Sarmiento 6257;Inmaculada Concepcion;Entre Ríos;agustinromero@correo.com;68;46194160
Valeria;Guzmán;Lavalle 4706;San Miguel;Neuquén;valeriaguzman@correo.com;78;18020095
Joaquín;Silva;Av. San Martín 5712;9 de Julio;Entre Ríos;joaquinsilva@correo.com;69;11347147
Valeria;Ruiz;Alvear 2873;San Martin;Entre Ríos;valeriaruiz@correo.com;72;42548148
Ezequiel;Flores;Urquiza 1851;25 de Mayo;Neuquén;ezequielflores@correo.com;54;28132475
Lucas;Rodríguez;Belgrano 7954;Inmaculada Concepcion;Tucumán;lucasrodriguez@correo.com;22;36013314
Diego;Peralta;Belgrano 9541;Capitan Mendoza;Entre Ríos;diegoperalta@correo.com;54;47049648
Gonzalo;Aguirre;Belgrano 2432;San Martin;Chaco;gonzaloaguirre@correo.com;62;27509816
Ezequiel;Pérez;Sarmiento 4150;La Palta;Tucumán;ezequielperez@correo.com;75;18068819
Santiago;Fernández;Lavalle 4355;25 de Mayo;Córdoba;santiagofernandez@correo.com;18;24808375
Carlos;Silva;Belgrano 9731;Rosario de la Cruz;Neuquén;carlossilva@correo.com;54;36137246
Lucas;Ruiz;Sarmiento 940;Inmaculada Concepcion;Chaco;lucasruiz@correo.com;60;37771565
Gabriel;Herrera;Rivadavia 2778;Inmaculada Concepcion;Santa Fe;gabrielherrera@correo.com;71;28994529
Ezequiel;Molina;Mitre 4049;Palermo;Misiones;ezequielmolina@correo.com;75;14578882
Ignacio;Sánchez;Sarmiento 5228;Capitan Mendoza;Misiones;ignaciosanchez@correo.com;69;26207396
Santiago;Silva;Rivadavia 2750;9 de Julio;Misiones;santiagosilva@correo.com;32;32357864
Mateo;Rodríguez;Rivadavia 1283;Rosario de la Cruz;Chaco;mateorodriguez@correo.com;62;29716576
Carlos;Castro;Av. San Martín 9881;La Palta;Tucumán;carloscastro@correo.com;45;31664431
Martina;Martínez;Mitre 3339;La Palta;Mendoza;martinamartinez@correo.com;52;44019000
Lucía;Rojas;Pueyrredón 9510;Gral. Pico;Salta;luciarojas@correo.com;58;44479006
Lucas;Guzmán;Sarmiento 8853;Gral. Pico;Mendoza;lucasguzman@correo.com;65;22305748
Paula;Sosa;Mitre 9293;Inmaculada Concepcion;Buenos Aires;paulasosa@correo.com;41;21252938
Valeria;Álvarez;Urquiza 6248;Capitan Mendoza;Buenos Aires;valeriaalvarez@correo.com;63;31427967
Camila;Vidal;Rivadavia 7001;Rosario de la Cruz;Chaco;camilavidal@correo.com;77;45240150
Nicolás;Romero;Pueyrredón 2413;San Miguel;Tucumán;nicolasromero@correo.com;41;14041827
Sofía;García;Urquiza 4291;Gral. Pico;Córdoba;sofiagarcia@correo.com;66;39135833
Tomas;Giménez;Av. de Mayo 5020;San Miguel;Salta;tomasgimenez@correo.com;67;19535042
Carlos;Álvarez;Av. de Mayo 638;Inmaculada Concepcion;Entre Ríos;carlosalvarez@correo.com;39;25167011
Carlos;Flores;Alvear 7459;25 de Mayo;Tucumán;carlosflores@correo.com;52;21901349
Sara;Álvarez;Urquiza 2747;San Miguel;Mendoza;saraalvarez@correo.com;83;40310833
Camila;López;Urquiza 1171;La Palta;Tucumán;camilalopez@correo.com;19;39875633
Javier;Giménez;Av. San Martín 825;9 de Julio;Córdoba;javiergimenez@correo.com;76;26806895
Gabriel;Molina;Rivadavia 82;Palermo;Córdoba;gabrielmolina@correo.com;35;35358201
Martina;Giménez;Av. de Mayo 7910;Inmaculada Concepcion;Entre Ríos;martinagimenez@correo.com;66;18360168
Paula;Fernández;Lavalle 8989;Palermo;Misiones;paulafernandez@correo.com;73;36029003
Victoria;Gómez;Belgrano 2468;Rosario de la Cruz;Salta;victoriagomez@correo.com;78;39374966
Joaquín;Rojas;Alvear 6865;Rosario de la Cruz;Mendoza;joaquinrojas@correo.com;34;14227291
Gonzalo;Sánchez;Alvear 8749;Rosario de la Cruz;Neuquén;gonzalosanchez@correo.com;38;41355133
María;Sosa;Rivadavia 8425;9 de Julio;Neuquén;mariasosa@correo.com;65;43341524
María;Benítez;Belgrano 6681;9 de Julio;Entre Ríos;mariabenitez@correo.com;48;11053527
Luis;Rojas;Urquiza 9738;Inmaculada Concepcion;Misiones;luisrojas@correo.com;52;32798638
Santiago;Molina;Urquiza 2324;Capitan Mendoza;Córdoba;santiagomolina@correo.com;54;20266243
Elena;Fernández;Sarmiento 7088;Capitan Mendoza;Entre Ríos;elenafernandez@correo.com;70;24035406
Santiago;Martínez;Rivadavia 4184;San Martin;Chaco;santiagomartinez@correo.com;34;41534534
Ezequiel;Sosa;Av. San Martín 5981;Palermo;Córdoba;ezequielsosa@correo.com;18;45879803
Nicolás;López;Pueyrredón 6114;Palermo;Córdoba;nicolaslopez@correo.com;19;45550216
Valeria;Pérez;Pueyrredón 5736;Palermo;Tucumán;valeriaperez@correo.com;56;28405879
Diego;Peralta;Av. San Martín 1825;San Miguel;Salta;diegoperalta@correo.com;20;13813207
Tomas;Torres;Urquiza 7771;Palermo;Entre Ríos;tomastorres@correo.com;52;40582895
Martina;Ramírez;Lavalle 6795;San Miguel;Entre Ríos;martinaramirez@correo.com;83;38516399
Nicolás;Martínez;Rivadavia 366;Inmaculada Concepcion;Córdoba;nicolasmartinez@correo.com;46;19985427
Isabella;López;Av. San Martín 2096;San Martin;Misiones;isabellalopez@correo.com;38;12613957
Martina;Aguirre;Urquiza 6748;San Martin;Salta;martinaaguirre@correo.com;61;35412630
Mateo;García;Sarmiento 1513;La Palta;Tucumán;mateogarcia@correo.com;84;28058898
Agustín;Acosta;Rivadavia 3970;9 de Julio;Córdoba;agustinacosta@correo.com;31;29611142
Ignacio;Ruiz;Mitre 1336;La Palta;Mendoza;ignacioruiz@correo.com;84;43571880
Nicolás;Giménez;Av. San Martín 2245;Rosario de la Cruz;Salta;nicolasgimenez@correo.com;61;20829989
Luis;Álvarez;Av. San Martín 9939;Rosario de la Cruz;Entre Ríos;luisalvarez@correo.com;71;43767890
Lucas;Pérez;Alvear 1754;9 de Julio;Córdoba;lucasperez@correo.com;25;22515288
Lucas;Herrera;Urquiza 7961;9 de Julio;Entre Ríos;lucasherrera@correo.com;31;39349261
Luis;Vidal;Rivadavia 8513;25 de Mayo;Tucumán;luisvidal@correo.com;44;25977356
Agustín;Fernández;Lavalle 8952;Gral. Pico;Mendoza;agustinfernandez@correo.com;81;15012083
Luis;Díaz;Av. de Mayo 4541;Capitan Mendoza;Neuquén;luisdiaz@correo.com;83;14775475
Santiago;Benítez;Mitre 2350;Rosario de la Cruz;Chaco;santiagobenitez@correo.com;73;23707752
María;Fernández;Av. de Mayo 3197;San Miguel;Chaco;mariafernandez@correo.com;62;29155149
Ezequiel;Pérez;Lavalle 3432;9 de Julio;Entre Ríos;ezequielperez@correo.com;83;27280731
Abril;Silva;Av. San Martín 4978;Palermo;Entre Ríos;abrilsilva@correo.com;25;25354685
Abril;Sánchez;Urquiza 2971;La Palta;Entre Ríos;abrilsanchez@correo.com;28;16675756
Ezequiel;Guzmán;Pueyrredón 5614;La Palta;Chaco;ezequielguzman@correo.com;20;46204171
Ana;Guzmán;Rivadavia 4874;Palermo;Neuquén;anaguzman@correo.com;65;34650904
Gonzalo;Martínez;Sarmiento 1152;San Miguel;Buenos Aires;gonzalomartinez@correo.com;23;29702220
Javier;Martínez;Av. San Martín 1646;San Miguel;Córdoba;javiermartinez@correo.com;73;27273950
Daniela;Martínez;Rivadavia 9500;Gral. Pico;Córdoba;danielamartinez@correo.com;46;15262933
Sara;Acosta;Rivadavia 3194;Inmaculada Concepcion;Santa Fe;saraacosta@correo.com;72;24428061
Gonzalo;Gómez;Sarmiento 5407;San Miguel;Córdoba;gonzalogomez@correo.com;84;40454966
Ignacio;Benítez;Pueyrredón 2164;La Palta;Salta;ignaciobenitez@correo.com;83;14186473
Ana;Flores;Mitre 4561;Palermo;Santa Fe;anaflores@correo.com;53;42081602
Sofía;Aguirre;Sarmiento 1985;25 de Mayo;Neuquén;sofiaaguirre@correo.com;81;45308316
Gabriel;Díaz;Mitre 4836;San Martin;Santa Fe;gabrieldiaz@correo.com;77;38363005
Santiago;Molina;Sarmiento 6281;Capitan Mendoza;Entre Ríos;santiagomolina@correo.com;56;38963996
Ana;Giménez;Av. de Mayo 206;Gral. Pico;Neuquén;anagimenez@correo.com;50;31373443
Santiago;Romero;Alvear 8651;Palermo;Chaco;santiagoromero@correo.com;56;30874318
Gonzalo;Ramírez;Pueyrredón 2986;La Palta;Salta;gonzaloramirez@correo.com;77;45591384
Sara;Castro;Av. San Martín 5079;La Palta;Entre Ríos;saracastro@correo.com;72;40364850
Santiago;Vidal;Rivadavia 1565;San Miguel;Santa Fe;santiagovidal@correo.com;32;31063220
Lucía;Castro;Rivadavia 1920;Palermo;Chaco;luciacastro@correo.com;43;36709242
Nicolás;Ramírez;Belgrano 414;Gral. Pico;Misiones;nicolasramirez@correo.com;47;19596905
Diego;Medina;Mitre 2669;Inmaculada Concepcion;Entre Ríos;diegomedina@correo.com;31;38689307
Agustín;Torres;Sarmiento 3612;San Martin;Córdoba;agustintorres@correo.com;38;42786130
Sara;Aguirre;Av. de Mayo 2068;25 de Mayo;Salta;saraaguirre@correo.com;52;15285584
Camila;Flores;Urquiza 1251;Rosario de la Cruz;Misiones;camilaflores@correo.com;74;41758440
Mateo;Aguirre;Av. San Martín 6711;La Palta;Neuquén;mateoaguirre@correo.com;63;23246695
Mateo;Molina;Rivadavia 5424;Rosario de la Cruz;Misiones;mateomolina@correo.com;31;31651459
Lucía;Díaz;Mitre 4474;San Martin;Salta;luciadiaz@correo.com;74;18474833
Mateo;Rodríguez;Rivadavia 390;Palermo;Misiones;mateorodriguez@correo.com;74;43034752
Ezequiel;Gómez;Alvear 3130;La Palta;Mendoza;ezequielgomez@correo.com;52;32024834
Tomas;González;Sarmiento 210;Rosario de la Cruz;Entre Ríos;tomasgonzalez@correo.com;63;25158015
Diego;Sosa;Av. San Martín 7099;San Martin;Chaco;diegososa@correo.com;39;37976240
Santiago;Aguirre;Alvear 980;Capitan Mendoza;Córdoba;santiagoaguirre@correo.com;38;11472679
Diego;Pérez;Av. de Mayo 8038;Palermo;Tucumán;diegoperez@correo.com;39;35142180
Ezequiel;Castro;Mitre 5288;Rosario de la Cruz;Buenos Aires;ezequielcastro@correo.com;50;31552935
Elena;Martínez;Mitre 5466;9 de Julio;Misiones;elenamartinez@correo.com;67;19582037
Mateo;Ruiz;Av. de Mayo 942;Palermo;Santa Fe;mateoruiz@correo.com;30;19567854
Ana;Martínez;Rivadavia 9353;9 de Julio;Neuquén;anamartinez@correo.com;22;29948302
Elena;Rodríguez;Lavalle 2702;Palermo;Neuquén;elenarodriguez@correo.com;23;33699004
Agustín;Flores;Pueyrredón 6600;La Palta;Neuquén;agustinflores@correo.com;30;14087930
Tomas;Castro;Mitre 2360;Palermo;Salta;tomascastro@correo.com;21;36351799
Isabella;García;Alvear 4295;San Miguel;Misiones;isabellagarcia@correo.com;48;43643489
Ignacio;García;Belgrano 3760;La Palta;Buenos Aires;ignaciogarcia@correo.com;65;37155819
Sofía;Ramírez;Belgrano 3358;Palermo;Santa Fe;sofiaramirez@correo.com;24;16039792
Gonzalo;Aguirre;Av. San Martín 2016;Gral. Pico;Entre Ríos;gonzaloaguirre@correo.com;34;32730313
Sofía;Aguirre;Rivadavia 2948;25 de Mayo;Neuquén;sofiaaguirre@correo.com;49;16093837
Nicolás;Vidal;Belgrano 7579;San Miguel;Tucumán;nicolasvidal@correo.com;61;44927179
Isabella;Benítez;Av. de Mayo 2349;Palermo;Mendoza;isabellabenitez@correo.com;48;19570442
Lucas;Díaz;Av. San Martín 6560;Inmaculada Concepcion;Entre Ríos;lucasdiaz@correo.com;60;27685063
Javier;Molina;Pueyrredón 5712;Rosario de la Cruz;Santa Fe;javiermolina@correo.com;66;47876513
Camila;García;Av. de Mayo 5542;Rosario de la Cruz;Santa Fe;camilagarcia@correo.com;84;33250365
Martina;Pérez;Rivadavia 4089;Gral. Pico;Buenos Aires;martinaperez@correo.com;39;34971195
Gonzalo;González;Pueyrredón 9269;San Miguel;Entre Ríos;gonzalogonzalez@correo.com;84;15383015
María;Rodríguez;Av. San Martín 3497;San Miguel;Córdoba;mariarodriguez@correo.com;49;15187368
Natalia;Pérez;Urquiza 5278;San Miguel;Entre Ríos;nataliaperez@correo.com;41;31114278
Elena;Ruiz;Sarmiento 1087;Rosario de la Cruz;Salta;elenaruiz@correo.com;75;35340808
Joaquín;Flores;Rivadavia 5016;Palermo;Entre Ríos;joaquinflores@correo.com;26;27937331
Carlos;Silva;Urquiza 5378;Rosario de la Cruz;Misiones;carlossilva@correo.com;39;38363976
Joaquín;Rojas;Belgrano 9214;San Martin;Córdoba;joaquinrojas@correo.com;73;17922619
Isabella;Benítez;Rivadavia 217;San Miguel;Buenos Aires;isabellabenitez@correo.com;63;42590224
Santiago;Aguirre;Sarmiento 9574;Palermo;Neuquén;santiagoaguirre@correo.com;43;19364963
Javier;López;Belgrano 5433;San Miguel;Buenos Aires;javierlopez@correo.com;40;22902494
Camila;Martínez;Sarmiento 1781;Palermo;Buenos Aires;camilamartinez@correo.com;63;32534840
Tomas;Aguirre;Lavalle 8910;9 de Julio;Tucumán;tomasaguirre@correo.com;56;15297271
Isabella;Aguirre;Alvear 2589;Rosario de la Cruz;Misiones;isabellaaguirre@correo.com;48;32542777
Elena;Giménez;Rivadavia 5904;Rosario de la Cruz;Neuquén;elenagimenez@correo.com;35;31021749
Isabella;Álvarez;Belgrano 5617;Inmaculada Concepcion;Santa Fe;isabellaalvarez@correo.com;49;11428307
Lucía;Vidal;Av. de Mayo 433;San Martin;Misiones;luciavidal@correo.com;24;19241029
Camila;Acosta;Alvear 1875;San Miguel;Santa Fe;camilaacosta@correo.com;23;41799400
Lucas;Fernández;Mitre 6207;Rosario de la Cruz;Neuquén;lucasfernandez@correo.com;78;19782569
Nicolás;Silva;Mitre 6140;Capitan Mendoza;Mendoza;nicolassilva@correo.com;48;28771326
Luis;Pérez;Alvear 2868;San Martin;Salta;luisperez@correo.com;45;15837539
Martina;Silva;Pueyrredón 1729;San Miguel;Tucumán;martinasilva@correo.com;79;31435105
Victoria;Fernández;Sarmiento 5211;25 de Mayo;Misiones;victoriafernandez@correo.com;19;14340400
Paula;Ramírez;Av. San Martín 6010;Inmaculada Concepcion;Mendoza;paularamirez@correo.com;39;37906430
Santiago;Vidal;Av. San Martín 5564;Capitan Mendoza;Buenos Aires;santiagovidal@correo.com;31;43284495
Abril;González;Pueyrredón 5957;9 de Julio;Mendoza;abrilgonzalez@correo.com;71;34792169
Elena;Rojas;Urquiza 6969;Palermo;Córdoba;elenarojas@correo.com;62;12545101
Santiago;Sosa;Av. de Mayo 9737;San Miguel;Córdoba;santiagososa@correo.com;51;46098049
Ezequiel;Flores;Rivadavia 366;Rosario de la Cruz;Chaco;ezequielflores@correo.com;44;29778202
Natalia;Peralta;Alvear 6829;Palermo;Neuquén;nataliaperalta@correo.com;83;33002485
Elena;Martínez;Alvear 2046;25 de Mayo;Entre Ríos;elenamartinez@correo.com;72;12628827
Santiago;García;Av. de Mayo 4789;La Palta;Salta;santiagogarcia@correo.com;25;27893767
Diego;Rojas;Av. San Martín 6398;Gral. Pico;Neuquén;diegorojas@correo.com;48;40980072
Agustín;Díaz;Pueyrredón 2657;San Miguel;Neuquén;agustindiaz@correo.com;74;47215958
Abril;Fernández;Belgrano 7859;Gral. Pico;Misiones;abrilfernandez@correo.com;81;32576306
Ezequiel;Rojas;Av. de Mayo 4098;Palermo;Neuquén;ezequielrojas@correo.com;53;46383798
Lucía;Torres;Av. de Mayo 3105;San Miguel;Salta;luciatorres@correo.com;54;21024667
Elena;Gómez;Belgrano 3280;San Miguel;Mendoza;elenagomez@correo.com;35;33724773
Mateo;Álvarez;Av. de Mayo 4389;25 de Mayo;Chaco;mateoalvarez@correo.com;63;31963868
Victoria;González;Belgrano 556;La Palta;Buenos Aires;victoriagonzalez@correo.com;49;36695535
Isabella;Medina;Urquiza 7099;Capitan Mendoza;Córdoba;isabellamedina@correo.com;28;44543301
Gabriel;Acosta;Rivadavia 5381;San Miguel;Santa Fe;gabrielacosta@correo.com;26;12801487
Santiago;Sánchez;Av. de Mayo 6167;Gral. Pico;Entre Ríos;santiagosanchez@correo.com;72;32885675
Gabriel;García;Alvear 5780;Gral. Pico;Santa Fe;gabrielgarcia@correo.com;76;20623616
Isabella;Rodríguez;Mitre 6476;Inmaculada Concepcion;Neuquén;isabellarodriguez@correo.com;34;34150504
Joaquín;Giménez;Belgrano 2436;Inmaculada Concepcion;Chaco;joaquingimenez@correo.com;76;25415799
Natalia;González;Sarmiento 6786;Rosario de la Cruz;Buenos Aires;nataliagonzalez@correo.com;75;18558912
Ignacio;Guzmán;Rivadavia 9231;25 de Mayo;Salta;ignacioguzman@correo.com;23;41739480
Santiago;Pérez;Sarmiento 2017;Inmaculada Concepcion;Salta;santiagoperez@correo.com;43;32915333
Camila;Acosta;Urquiza 7217;25 de Mayo;Córdoba;camilaacosta@correo.com;64;16709694
Lucía;Sosa;Sarmiento 4206;Inmaculada Concepcion;Córdoba;luciasosa@correo.com;72;29471094
Victoria;Romero;Av. de Mayo 2492;San Miguel;Neuquén;victoriaromero@correo.com;83;31803076
Valeria;Ramírez;Mitre 476;Capitan Mendoza;Chaco;valeriaramirez@correo.com;21;45744351
Luis;Guzmán;Av. de Mayo 6775;25 de Mayo;Chaco;luisguzman@correo.com;36;45753140
Javier;Gómez;Belgrano 4539;San Miguel;Córdoba;javiergomez@correo.com;30;43511364
Ana;Sánchez;Urquiza 9377;La Palta;Buenos Aires;anasanchez@correo.com;71;30125671
Nicolás;Díaz;Belgrano 550;San Miguel;Entre Ríos;nicolasdiaz@correo.com;77;45703036
Lucas;Giménez;Rivadavia 9173;Rosario de la Cruz;Buenos Aires;lucasgimenez@correo.com;83;38125204
Daniela;Martínez;Pueyrredón 6982;San Miguel;Mendoza;danielamartinez@correo.com;26;35484723
María;Vidal;Mitre 6042;Gral. Pico;Entre Ríos;mariavidal@correo.com;48;26090556
Nicolás;Ramírez;Pueyrredón 4113;Inmaculada Concepcion;Entre Ríos;nicolasramirez@correo.com;66;47237247
Lucía;Gómez;Av. San Martín 3980;La Palta;Mendoza;luciagomez@correo.com;71;28046502
Camila;Díaz;Rivadavia 5279;9 de Julio;Córdoba;camiladiaz@correo.com;18;22487246
Valeria;Ruiz;Urquiza 356;Inmaculada Concepcion;Neuquén;valeriaruiz@correo.com;84;38204895
Tomas;Ruiz;Mitre 6457;Gral. Pico;Mendoza;tomasruiz@correo.com;38;37162513
Sara;Aguirre;Alvear 5782;Gral. Pico;Buenos Aires;saraaguirre@correo.com;72;28074758
Sofía;Gómez;Sarmiento 9084;Rosario de la Cruz;Córdoba;sofiagomez@correo.com;55;38323888
Luis;Ramírez;Av. San Martín 9139;25 de Mayo;Buenos Aires;luisramirez@correo.com;73;44275226
Martina;Álvarez;Pueyrredón 1738;Palermo;Mendoza;martinaalvarez@correo.com;52;19011093
Ana;Torres;Mitre 6217;Gral. Pico;Neuquén;anatorres@correo.com;60;17654467
María;Ruiz;Av. de Mayo 9727;Gral. Pico;Salta;mariaruiz@correo.com;60;45961472
Gabriel;López;Lavalle 697;25 de Mayo;Tucumán;gabriellopez@correo.com;30;42883507
Natalia;Fernández;Alvear 4953;Capitan Mendoza;Chaco;nataliafernandez@correo.com;19;14947198
Natalia;Torres;Pueyrredón 1162;Inmaculada Concepcion;Chaco;nataliatorres@correo.com;58;33444025
Paula;Gómez;Belgrano 537;San Martin;Buenos Aires;paulagomez@correo.com;34;37547496
Sofía;Romero;Alvear 7942;Inmaculada Concepcion;Entre Ríos;sofiaromero@correo.com;71;32541932
Camila;Ramírez;Av. San Martín 8388;Gral. Pico;Entre Ríos;camilaramirez@correo.com;26;35634484
Carlos;Herrera;Lavalle 9624;9 de Julio;Santa Fe;carlosherrera@correo.com;23;18606296
Carlos;Sosa;Rivadavia 7008;San Miguel;Misiones;carlossosa@correo.com;54;37163650
Ana;Castro;Av. de Mayo 5309;Inmaculada Concepcion;Chaco;anacastro@correo.com;24;19445193
Mateo;Vidal;Lavalle 1651;Capitan Mendoza;Mendoza;mateovidal@correo.com;56;32155957
Lucía;Torres;Alvear 2690;Rosario de la Cruz;Mendoza;luciatorres@correo.com;22;40908159
Elena;Rodríguez;Mitre 5068;25 de Mayo;Buenos Aires;elenarodriguez@correo.com;45;11762395
Tomas;Ramírez;Belgrano 7673;Gral. Pico;Buenos Aires;tomasramirez@correo.com;64;32270779
Victoria;Rodríguez;Rivadavia 6861;25 de Mayo;Chaco;victoriarodriguez@correo.com;21;44881165
Lucía;López;Sarmiento 6898;Rosario de la Cruz;Neuquén;lucialopez@correo.com;39;26658539
Ignacio;Herrera;Av. de Mayo 9657;San Miguel;Entre Ríos;ignacioherrera@correo.com;70;41126847
Ana;Pérez;Lavalle 7238;Rosario de la Cruz;Neuquén;anaperez@correo.com;66;14260592
Mateo;Torres;Pueyrredón 34;Gral. Pico;Santa Fe;mateotorres@correo.com;22;40484936
Nicolás;Flores;Sarmiento 1077;Capitan Mendoza;Santa Fe;nicolasflores@correo.com;64;40504708
Ana;Rojas;Pueyrredón 2063;Inmaculada Concepcion;Santa Fe;anarojas@correo.com;34;46687625
Santiago;Álvarez;Av. San Martín 9170;25 de Mayo;Santa Fe;santiagoalvarez@correo.com;33;17353548
Elena;Díaz;Pueyrredón 2641;San Miguel;Entre Ríos;elenadiaz@correo.com;82;39197693
Victoria;Álvarez;Alvear 2887;Inmaculada Concepcion;Córdoba;victoriaalvarez@correo.com;49;35414313
Luis;Gómez;Lavalle 4652;Inmaculada Concepcion;Tucumán;luisgomez@correo.com;39;24631299
Victoria;Herrera;Pueyrredón 1855;25 de Mayo;Entre Ríos;victoriaherrera@correo.com;63;47716313
Daniela;Molina;Av. de Mayo 2921;Inmaculada Concepcion;Córdoba;danielamolina@correo.com;67;23480488
Javier;Molina;Av. de Mayo 3710;Inmaculada Concepcion;Salta;javiermolina@correo.com;82;45259268
María;Molina;Belgrano 6210;25 de Mayo;Misiones;mariamolina@correo.com;37;43256606
Luis;Romero;Urquiza 5252;Capitan Mendoza;Buenos Aires;luisromero@correo.com;76;24697444
Gonzalo;Acosta;Alvear 7475;Gral. Pico;Córdoba;gonzaloacosta@correo.com;79;39326428
Diego;Ruiz;Sarmiento 3825;San Miguel;Córdoba;diegoruiz@correo.com;38;15088336
Martina;Medina;Belgrano 8125;Gral. Pico;Buenos Aires;martinamedina@correo.com;68;31492773
Nicolás;Benítez;Lavalle 8724;La Palta;Buenos Aires;nicolasbenitez@correo.com;33;35680397
Nicolás;Giménez;Belgrano 4377;Inmaculada Concepcion;Neuquén;nicolasgimenez@correo.com;57;16724284
Mateo;González;Mitre 5229;Inmaculada Concepcion;Neuquén;mateogonzalez@correo.com;84;37820929
Diego;Díaz;Alvear 6714;Gral. Pico;Tucumán;diegodiaz@correo.com;51;29011688
Javier;Peralta;Lavalle 2764;Capitan Mendoza;Buenos Aires;javierperalta@correo.com;27;41751835
Ezequiel;Torres;Av. San Martín 3183;San Martin;Tucumán;ezequieltorres@correo.com;37;36319586
Sara;Herrera;Urquiza 485;Inmaculada Concepcion;Chaco;saraherrera@correo.com;62;19375682
Ignacio;García;Av. San Martín 7434;La Palta;Salta;ignaciogarcia@correo.com;74;38698096
Santiago;Peralta;Alvear 4808;Capitan Mendoza;Neuquén;santiagoperalta@correo.com;45;33998883
Paula;García;Alvear 6281;9 de Julio;Entre Ríos;paulagarcia@correo.com;65;32723364
Carlos;Ramírez;Belgrano 7518;Rosario de la Cruz;Entre Ríos;carlosramirez@correo.com;23;37279232
Camila;Medina;Belgrano 2273;Gral. Pico;Entre Ríos;camilamedina@correo.com;20;20240096
Agustín;Pérez;Pueyrredón 3900;Rosario de la Cruz;Neuquén;agustinperez@correo.com;66;13025245
Joaquín;Ruiz;Av. San Martín 764;25 de Mayo;Neuquén;joaquinruiz@correo.com;52;39728375
Sara;Martínez;Pueyrredón 6060;Rosario de la Cruz;Buenos Aires;saramartinez@correo.com;82;34448802
Camila;Sánchez;Pueyrredón 2598;Rosario de la Cruz;Córdoba;camilasanchez@correo.com;56;24241609
Paula;Gómez;Rivadavia 576;San Miguel;Santa Fe;paulagomez@correo.com;33;12786619
Lucas;López;Av. de Mayo 8413;San Martin;Misiones;lucaslopez@correo.com;43;37074600
Nicolás;Martínez;Rivadavia 8419;25 de Mayo;Buenos Aires;nicolasmartinez@correo.com;51;37032261
María;López;Belgrano 4906;Gral. Pico;Entre Ríos;marialopez@correo.com;23;23824648
Diego;Peralta;Mitre 9370;9 de Julio;Entre Ríos;diegoperalta@correo.com;42;24358624
Martina;Martínez;Mitre 6691;Palermo;Buenos Aires;martinamartinez@correo.com;23;38200741
Sofía;González;Sarmiento 2152;Palermo;Neuquén;sofiagonzalez@correo.com;81;29056687
Ezequiel;Gómez;Av. San Martín 4900;San Miguel;Mendoza;ezequielgomez@correo.com;73;43625654
Gabriel;Molina;Sarmiento 1495;Inmaculada Concepcion;Entre Ríos;gabrielmolina@correo.com;74;26879013
Tomas;Romero;Mitre 6475;25 de Mayo;Neuquén;tomasromero@correo.com;77;25199513
Mateo;García;Belgrano 2246;Capitan Mendoza;Entre Ríos;mateogarcia@correo.com;55;17405842
Tomas;Fernández;Alvear 5504;Rosario de la Cruz;Neuquén;tomasfernandez@correo.com;54;34646493
Daniela;Rojas;Urquiza 2383;9 de Julio;Chaco;danielarojas@correo.com;43;22043894
Gonzalo;Peralta;Alvear 7081;Gral. Pico;Mendoza;gonzaloperalta@correo.com;73;23991530
Ezequiel;Vidal;Alvear 5289;25 de Mayo;Neuquén;ezequielvidal@correo.com;64;41387310
Luis;Romero;Belgrano 3945;Palermo;Mendoza;luisromero@correo.com;65;31240470
Lucas;Herrera;Rivadavia 4961;9 de Julio;Entre Ríos;lucasherrera@correo.com;78;42663117
Camila;Guzmán;Av. San Martín 1270;La Palta;Misiones;camilaguzman@correo.com;29;25636724
Sara;López;Alvear 5710;25 de Mayo;Neuquén;saralopez@correo.com;19;46166060
Diego;Benítez;Lavalle 9696;La Palta;Tucumán;diegobenitez@correo.com;43;34485547
Martina;Guzmán;Belgrano 7447;Capitan Mendoza;Neuquén;martinaguzman@correo.com;68;29664109
Javier;López;Rivadavia 3595;Gral. Pico;Mendoza;javierlopez@correo.com;39;23668061
Tomas;Aguirre;Alvear 7872;Inmaculada Concepcion;Chaco;tomasaguirre@correo.com;19;43614922
Joaquín;Pérez;Sarmiento 4323;Inmaculada Concepcion;Tucumán;joaquinperez@correo.com;37;15860095
Gonzalo;Sánchez;Rivadavia 4901;9 de Julio;Neuquén;gonzalosanchez@correo.com;18;11623464
Valeria;López;Rivadavia 2477;Palermo;Santa Fe;valerialopez@correo.com;60;46303793
Luis;González;Av. San Martín 9426;Palermo;Entre Ríos;luisgonzalez@correo.com;44;39789819
Diego;Ruiz;Sarmiento 3523;San Miguel;Tucumán;diegoruiz@correo.com;33;14449096
Elena;García;Av. de Mayo 7568;Gral. Pico;Mendoza;elenagarcia@correo.com;36;23146118
Sara;Acosta;Lavalle 3862;25 de Mayo;Misiones;saraacosta@correo.com;43;30559764
Martina;Rojas;Rivadavia 5441;Gral. Pico;Chaco;martinarojas@correo.com;20;46641546
Natalia;Álvarez;Rivadavia 5553;Inmaculada Concepcion;Entre Ríos;nataliaalvarez@correo.com;18;41384488
Camila;Ramírez;Lavalle 2978;La Palta;Salta;camilaramirez@correo.com;67;21093138
Isabella;Ruiz;Lavalle 3413;Capitan Mendoza;Córdoba;isabellaruiz@correo.com;62;47152027
Carlos;Rojas;Lavalle 593;Capitan Mendoza;Buenos Aires;carlosrojas@correo.com;72;17845846
Tomas;López;Sarmiento 161;La Palta;Neuquén;tomaslopez@correo.com;43;41367750
Gabriel;Álvarez;Rivadavia 9666;Capitan Mendoza;Santa Fe;gabrielalvarez@correo.com;49;42806226
Ana;López;Belgrano 4969;Palermo;Buenos Aires;analopez@correo.com;67;27459559
Camila;Sosa;Lavalle 5488;Capitan Mendoza;Neuquén;camilasosa@correo.com;38;29104487
Lucía;Torres;Urquiza 1933;La Palta;Neuquén;luciatorres@correo.com;24;15637169
Agustín;Ruiz;Av. de Mayo 3209;Capitan Mendoza;Mendoza;agustinruiz@correo.com;27;25606451
Ignacio;Giménez;Belgrano 9179;9 de Julio;Mendoza;ignaciogimenez@correo.com;49;40166144
Valeria;Silva;Belgrano 5994;La Palta;Córdoba;valeriasilva@correo.com;25;19939048
Carlos;Guzmán;Urquiza 6373;Capitan Mendoza;Buenos Aires;carlosguzman@correo.com;76;24369079
Elena;Benítez;Av. de Mayo 1010;Gral. Pico;Santa Fe;elenabenitez@correo.com;59;22889108
Camila;Álvarez;Av. de Mayo 6454;Palermo;Misiones;camilaalvarez@correo.com;49;26884662
Lucía;Medina;Av. de Mayo 3333;Gral. Pico;Neuquén;luciamedina@correo.com;68;47544911
Lucía;García;Sarmiento 1253;San Miguel;Mendoza;luciagarcia@correo.com;35;47712450
Natalia;Torres;Urquiza 6119;Palermo;Buenos Aires;nataliatorres@correo.com;40;25396053
Valeria;Rodríguez;Alvear 366;Capitan Mendoza;Tucumán;valeriarodriguez@correo.com;41;37883412
Joaquín;García;Mitre 8258;San Miguel;Tucumán;joaquingarcia@correo.com;19;45924260
Sara;Pérez;Belgrano 1333;Inmaculada Concepcion;Chaco;saraperez@correo.com;56;37090649
Ana;Acosta;Belgrano 8901;25 de Mayo;Chaco;anaacosta@correo.com;18;39786755
Lucía;Silva;Alvear 5341;Rosario de la Cruz;Chaco;luciasilva@correo.com;18;14868765
Victoria;López;Belgrano 6995;Rosario de la Cruz;Entre Ríos;victorialopez@correo.com;72;44260697
Abril;Vidal;Alvear 8935;La Palta;Santa Fe;abrilvidal@correo.com;29;31127303
Abril;Guzmán;Av. de Mayo 7171;Capitan Mendoza;Mendoza;abrilguzman@correo.com;30;26736446
Tomas;Vidal;Alvear 6173;Rosario de la Cruz;Mendoza;tomasvidal@correo.com;59;39405816
Santiago;Medina;Lavalle 2141;San Miguel;Salta;santiagomedina@correo.com;20;39580707
Luis;Rodríguez;Pueyrredón 6508;San Martin;Córdoba;luisrodriguez@correo.com;34;35161493
Sofía;Acosta;Alvear 3869;San Martin;Buenos Aires;sofiaacosta@correo.com;60;32676649
Martina;Molina;Av. de Mayo 5395;La Palta;Salta;martinamolina@correo.com;67;11467380
Tomas;Fernández;Av. San Martín 3501;Rosario de la Cruz;Salta;tomasfernandez@correo.com;50;25393554
Gabriel;Peralta;Belgrano 1493;25 de Mayo;Córdoba;gabrielperalta@correo.com;25;33726610
Victoria;Fernández;Belgrano 9861;Inmaculada Concepcion;Entre Ríos;victoriafernandez@correo.com;26;29984383
Tomas;García;Av. de Mayo 145;San Martin;Córdoba;tomasgarcia@correo.com;78;42937082
Nicolás;Peralta;Urquiza 2940;San Martin;Misiones;nicolasperalta@correo.com;51;14666976
Lucía;Rojas;Urquiza 819;Capitan Mendoza;Entre Ríos;luciarojas@correo.com;75;21431833
Sara;Pérez;Belgrano 4144;San Miguel;Santa Fe;saraperez@correo.com;81;45236115
Lucas;Ruiz;Av. de Mayo 7696;San Martin;Buenos Aires;lucasruiz@correo.com;59;20435652
Gabriel;Peralta;Lavalle 3815;San Miguel;Mendoza;gabrielperalta@correo.com;44;33864892
Martina;Flores;Alvear 3744;25 de Mayo;Santa Fe;martinaflores@correo.com;25;20618144
Paula;Medina;Belgrano 1744;Gral. Pico;Tucumán;paulamedina@correo.com;75;23050141
Tomas;Sosa;Rivadavia 8674;Capitan Mendoza;Salta;tomassosa@correo.com;65;19394019
Martina;Gómez;Rivadavia 9831;Palermo;Santa Fe;martinagomez@correo.com;47;30900140
Mateo;Flores;Pueyrredón 2273;Palermo;Misiones;mateoflores@correo.com;21;40500566
Joaquín;Medina;Av. San Martín 8651;Rosario de la Cruz;Buenos Aires;joaquinmedina@correo.com;80;22488018
Abril;Gómez;Mitre 4142;25 de Mayo;Misiones;abrilgomez@correo.com;20;37848756
Joaquín;Torres;Lavalle 6464;Inmaculada Concepcion;Buenos Aires;joaquintorres@correo.com;68;17615659
Daniela;Guzmán;Av. San Martín 6084;San Martin;Mendoza;danielaguzman@correo.com;45;25346843
Victoria;Medina;Sarmiento 9838;Inmaculada Concepcion;Chaco;victoriamedina@correo.com;42;46049444
Gabriel;Rodríguez;Av. de Mayo 6780;Palermo;Córdoba;gabrielrodriguez@correo.com;33;28995767
Gabriel;Flores;Sarmiento 4251;Gral. Pico;Mendoza;gabrielflores@correo.com;37;45941028
Sofía;Giménez;Urquiza 7681;Inmaculada Concepcion;Misiones;sofiagimenez@correo.com;22;17716305
Sofía;García;Rivadavia 8437;Inmaculada Concepcion;Chaco;sofiagarcia@correo.com;76;40755652
Luis;Flores;Pueyrredón 8606;25 de Mayo;Misiones;luisflores@correo.com;30;22243320
Daniela;Acosta;Belgrano 6313;San Miguel;Entre Ríos;danielaacosta@correo.com;67;40707739
Lucía;Silva;Belgrano 5530;Rosario de la Cruz;Misiones;luciasilva@correo.com;48;11858301
Natalia;Silva;Belgrano 2230;Capitan Mendoza;Entre Ríos;nataliasilva@correo.com;29;32374970
Elena;Rodríguez;Pueyrredón 9594;Inmaculada Concepcion;Santa Fe;elenarodriguez@correo.com;22;35843854
Gonzalo;Benítez;Av. San Martín 1369;Capitan Mendoza;Mendoza;gonzalobenitez@correo.com;25;14203265
Carlos;Díaz;Pueyrredón 9367;Capitan Mendoza;Neuquén;carlosdiaz@correo.com;23;41373459
Camila;Fernández;Alvear 4480;Inmaculada Concepcion;Chaco;camilafernandez@correo.com;76;12425804
Sofía;Silva;Mitre 1712;La Palta;Entre Ríos;sofiasilva@correo.com;39;31243754
Lucía;Medina;Belgrano 5514;Rosario de la Cruz;Córdoba;luciamedina@correo.com;45;23902582
Joaquín;Rodríguez;Sarmiento 1461;Inmaculada Concepcion;Entre Ríos;joaquinrodriguez@correo.com;47;22211835
Valeria;Castro;Sarmiento 5259;25 de Mayo;Neuquén;valeriacastro@correo.com;65;20691523
Daniela;Flores;Pueyrredón 4743;San Miguel;Tucumán;danielaflores@correo.com;46;23478372
Daniela;Flores;Av. San Martín 5182;La Palta;Salta;danielaflores@correo.com;39;28940674
Victoria;Benítez;Sarmiento 5160;Rosario de la Cruz;Neuquén;victoriabenitez@correo.com;33;15883649
Abril;Giménez;Urquiza 1219;9 de Julio;Chaco;abrilgimenez@correo.com;59;42932167
Ezequiel;López;Sarmiento 8110;Gral. Pico;Mendoza;ezequiellopez@correo.com;74;25460077
Gabriel;Flores;Rivadavia 8117;9 de Julio;Mendoza;gabrielflores@correo.com;51;24469680
Sofía;Guzmán;Sarmiento 7979;San Miguel;Misiones;sofiaguzman@correo.com;27;43445348
Nicolás;Aguirre;Mitre 2439;Palermo;Mendoza;nicolasaguirre@correo.com;84;42500729
Gabriel;Silva;Mitre 1782;Inmaculada Concepcion;Santa Fe;gabrielsilva@correo.com;51;44883385
Lucía;Rojas;Belgrano 3533;Rosario de la Cruz;Tucumán;luciarojas@correo.com;57;46973894
Ana;Flores;Mitre 7711;25 de Mayo;Mendoza;anaflores@correo.com;36;25730980
Valeria;Peralta;Belgrano 9837;Gral. Pico;Mendoza;valeriaperalta@correo.com;57;19565905
Camila;Guzmán;Av. de Mayo 770;9 de Julio;Tucumán;camilaguzman@correo.com;19;30665494
Elena;Fernández;Mitre 7708;Inmaculada Concepcion;Chaco;elenafernandez@correo.com;65;33438663
Daniela;Flores;Lavalle 6156;Capitan Mendoza;Chaco;danielaflores@correo.com;82;24046538
Camila;Rojas;Pueyrredón 8715;San Martin;Buenos Aires;camilarojas@correo.com;68;37327925
Ignacio;Castro;Mitre 3079;Inmaculada Concepcion;Mendoza;ignaciocastro@correo.com;28;39142263
Natalia;Romero;Belgrano 6512;Palermo;Chaco;nataliaromero@correo.com;32;29523187
Santiago;Sosa;Pueyrredón 733;San Miguel;Santa Fe;santiagososa@correo.com;38;44488972
María;Benítez;Av. de Mayo 7774;Capitan Mendoza;Santa Fe;mariabenitez@correo.com;40;45330146
Gabriel;Fernández;Lavalle 8856;San Miguel;Córdoba;gabrielfernandez@correo.com;52;14760527
Ana;Peralta;Alvear 5011;25 de Mayo;Tucumán;anaperalta@correo.com;73;40562441
Paula;Acosta;Belgrano 8498;Palermo;Córdoba;paulaacosta@correo.com;53;36842980
Camila;Castro;Belgrano 5490;Rosario de la Cruz;Entre Ríos;camilacastro@correo.com;69;40216737
Javier;Sosa;Mitre 7488;Capitan Mendoza;Santa Fe;javiersosa@correo.com;23;34729370
Valeria;Gómez;Av. San Martín 4023;La Palta;Salta;valeriagomez@correo.com;63;18345302
Valeria;Guzmán;Belgrano 1081;9 de Julio;Salta;valeriaguzman@correo.com;58;38775391
Diego;Molina;Av. San Martín 680;Palermo;Entre Ríos;diegomolina@correo.com;19;22119368
Carlos;Rodríguez;Av. San Martín 2012;Gral. Pico;Mendoza;carlosrodriguez@correo.com;30;13981289
Lucas;Vidal;Rivadavia 5328;San Miguel;Entre Ríos;lucasvidal@correo.com;75;35249504
Victoria;Silva;Belgrano 4990;Inmaculada Concepcion;Tucumán;victoriasilva@correo.com;57;14858505
Lucía;Silva;Mitre 5683;San Miguel;Entre Ríos;luciasilva@correo.com;63;17514114
Elena;Sosa;Pueyrredón 626;San Martin;Entre Ríos;elenasosa@correo.com;51;18091652
Agustín;Aguirre;Sarmiento 6109;25 de Mayo;Córdoba;agustinaguirre@correo.com;48;38683088
Gonzalo;Giménez;Av. San Martín 3974;Palermo;Buenos Aires;gonzalogimenez@correo.com;30;25212324
Victoria;Martínez;Urquiza 8448;9 de Julio;Chaco;victoriamartinez@correo.com;82;44790885
Camila;Guzmán;Pueyrredón 5686;San Martin;Córdoba;camilaguzman@correo.com;29;38977273
Daniela;Ramírez;Lavalle 3578;San Martin;Chaco;danielaramirez@correo.com;37;39104501
Lucía;Herrera;Urquiza 3130;9 de Julio;Entre Ríos;luciaherrera@correo.com;55;31444394
Gonzalo;Gómez;Alvear 1074;Capitan Mendoza;Misiones;gonzalogomez@correo.com;72;20751754
Tomas;García;Rivadavia 2229;25 de Mayo;Buenos Aires;tomasgarcia@correo.com;26;20066865
Daniela;Gómez;Urquiza 4943;9 de Julio;Entre Ríos;danielagomez@correo.com;84;18915807
Natalia;Peralta;Av. San Martín 549;La Palta;Chaco;nataliaperalta@correo.com;53;26750957
Sofía;Giménez;Lavalle 7629;San Miguel;Tucumán;sofiagimenez@correo.com;56;41238503
Joaquín;Guzmán;Av. San Martín 8948;Palermo;Buenos Aires;joaquinguzman@correo.com;72;23077648
Joaquín;Castro;Urquiza 7885;9 de Julio;Neuquén;joaquincastro@correo.com;28;46913467
Lucas;Silva;Alvear 2548;25 de Mayo;Misiones;lucassilva@correo.com;22;25706751
Nicolás;Sosa;Belgrano 5237;Palermo;Neuquén;nicolassosa@correo.com;50;12582458
Paula;Sosa;Pueyrredón 320;Capitan Mendoza;Misiones;paulasosa@correo.com;73;39167806
Gabriel;García;Av. de Mayo 3498;La Palta;Salta;gabrielgarcia@correo.com;64;27977939
Valeria;Silva;Rivadavia 8746;Rosario de la Cruz;Neuquén;valeriasilva@correo.com;65;17516761
Ana;Medina;Lavalle 5946;San Martin;Mendoza;anamedina@correo.com;36;29543462
Santiago;Benítez;Rivadavia 9641;9 de Julio;Córdoba;santiagobenitez@correo.com;35;21882724
Sofía;Medina;Alvear 32;La Palta;Tucumán;sofiamedina@correo.com;24;27765819
Ignacio;Flores;Lavalle 505;Gral. Pico;Salta;ignacioflores@correo.com;68;43258269
Elena;González;Sarmiento 7440;Inmaculada Concepcion;Mendoza;elenagonzalez@correo.com;27;16239371
Mateo;Guzmán;Mitre 9903;Gral. Pico;Chaco;mateoguzman@correo.com;24;46468640
Camila;Torres;Pueyrredón 7038;Capitan Mendoza;Misiones;camilatorres@correo.com;23;14213636
Diego;Rojas;Lavalle 7207;Rosario de la Cruz;Salta;diegorojas@correo.com;66;34496309
Ignacio;Pérez;Sarmiento 1984;25 de Mayo;Salta;ignacioperez@correo.com;60;13221561
Javier;Castro;Alvear 7887;9 de Julio;Tucumán;javiercastro@correo.com;63;37865649
Victoria;Torres;Sarmiento 9906;Capitan Mendoza;Tucumán;victoriatorres@correo.com;32;16006158
Ignacio;Rodríguez;Av. San Martín 5822;Capitan Mendoza;Salta;ignaciorodriguez@correo.com;57;31468490
Victoria;Rojas;Av. San Martín 2529;9 de Julio;Tucumán;victoriarojas@correo.com;83;25789491
Daniela;López;Av. San Martín 6291;25 de Mayo;Mendoza;danielalopez@correo.com;24;34156889
Sofía;Silva;Pueyrredón 9166;Inmaculada Concepcion;Neuquén;sofiasilva@correo.com;57;35754694
Carlos;Acosta;Belgrano 9954;Inmaculada Concepcion;Chaco;carlosacosta@correo.com;68;21086822
Nicolás;Ramírez;Alvear 1731;San Martin;Santa Fe;nicolasramirez@correo.com;62;33933265
Agustín;Guzmán;Mitre 8584;San Miguel;Santa Fe;agustinguzman@correo.com;29;22749876
Isabella;Silva;Rivadavia 9142;Gral. Pico;Buenos Aires;isabellasilva@correo.com;71;38489921
Joaquín;Herrera;Urquiza 8460;Inmaculada Concepcion;Buenos Aires;joaquinherrera@correo.com;65;30851664
Agustín;Gómez;Lavalle 1124;Gral. Pico;Santa Fe;agustingomez@correo.com;47;22514858
Sofía;Martínez;Lavalle 2468;9 de Julio;Neuquén;sofiamartinez@correo.com;32;43144936
Isabella;Díaz;Mitre 3927;Inmaculada Concepcion;Córdoba;isabelladiaz@correo.com;28;26588709
Lucía;Torres;Rivadavia 4938;Rosario de la Cruz;Mendoza;luciatorres@correo.com;78;30624549
Ezequiel;Martínez;Rivadavia 280;Inmaculada Concepcion;Córdoba;ezequielmartinez@correo.com;32;44875498
Lucía;Pérez;Mitre 3801;San Miguel;Entre Ríos;luciaperez@correo.com;63;22692338
Ana;Rodríguez;Sarmiento 6659;San Miguel;Buenos Aires;anarodriguez@correo.com;40;14751064
Victoria;González;Rivadavia 3713;La Palta;Tucumán;victoriagonzalez@correo.com;44;31183690
Nicolás;Molina;Av. San Martín 8058;San Martin;Entre Ríos;nicolasmolina@correo.com;68;18053106
Victoria;Giménez;Pueyrredón 9836;La Palta;Salta;victoriagimenez@correo.com;83;42734492
Elena;García;Av. San Martín 3469;La Palta;Buenos Aires;elenagarcia@correo.com;35;39464113
Mateo;Peralta;Lavalle 2675;25 de Mayo;Tucumán;mateoperalta@correo.com;78;22388092
Natalia;Sánchez;Lavalle 5568;Inmaculada Concepcion;Entre Ríos;nataliasanchez@correo.com;80;39886051
Natalia;García;Belgrano 9257;9 de Julio;Chaco;nataliagarcia@correo.com;40;23457789
Santiago;Vidal;Alvear 4929;Palermo;Tucumán;santiagovidal@correo.com;38;18830228
Ana;Torres;Belgrano 8886;25 de Mayo;Chaco;anatorres@correo.com;41;26880082
Lucía;Castro;Belgrano 8441;9 de Julio;Santa Fe;luciacastro@correo.com;65;14878975
Ezequiel;Martínez;Lavalle 702;Palermo;Chaco;ezequielmartinez@correo.com;46;11586238
Tomas;Flores;Pueyrredón 8654;Gral. Pico;Entre Ríos;tomasflores@correo.com;59;25316387
Joaquín;Giménez;Av. de Mayo 9156;Capitan Mendoza;Entre Ríos;joaquingimenez@correo.com;25;28894147
Carlos;Silva;Alvear 9951;Capitan Mendoza;Santa Fe;carlossilva@correo.com;68;12440535
Valeria;Sánchez;Belgrano 9782;Inmaculada Concepcion;Salta;valeriasanchez@correo.com;66;41957041
Valeria;Díaz;Rivadavia 6415;25 de Mayo;Chaco;valeriadiaz@correo.com;77;32931130
Lucas;Ruiz;Belgrano 5618;San Miguel;Buenos Aires;lucasruiz@correo.com;20;34188660
Ezequiel;López;Sarmiento 2800;9 de Julio;Neuquén;ezequiellopez@correo.com;47;33184753
Martina;Castro;Av. San Martín 3925;San Miguel;Tucumán;martinacastro@correo.com;56;21392995
Nicolás;Guzmán;Lavalle 374;San Martin;Neuquén;nicolasguzman@correo.com;23;41737544
Agustín;Rojas;Mitre 5999;Palermo;Misiones;agustinrojas@correo.com;45;31794391
Sara;López;Lavalle 3461;Palermo;Córdoba;saralopez@correo.com;75;33247136
Abril;Aguirre;Pueyrredón 6423;9 de Julio;Chaco;abrilaguirre@correo.com;25;25906146
Lucía;Sosa;Lavalle 8201;Inmaculada Concepcion;Misiones;luciasosa@correo.com;37;41407886
Agustín;García;Mitre 5135;Capitan Mendoza;Neuquén;agustingarcia@correo.com;34;31168603
Agustín;Fernández;Pueyrredón 7417;San Miguel;Entre Ríos;agustinfernandez@correo.com;79;42234109
Diego;Fernández;Pueyrredón 4926;San Martin;Buenos Aires;diegofernandez@correo.com;75;46942456
Nicolás;González;Sarmiento 1359;Rosario de la Cruz;Neuquén;nicolasgonzalez@correo.com;79;37949085
Carlos;Giménez;Av. de Mayo 6383;Rosario de la Cruz;Buenos Aires;carlosgimenez@correo.com;69;28655848
Ignacio;Molina;Urquiza 9351;25 de Mayo;Entre Ríos;ignaciomolina@correo.com;33;40549637
Sofía;Sánchez;Mitre 8874;San Martin;Córdoba;sofiasanchez@correo.com;44;37402430
Abril;Guzmán;Lavalle 955;Palermo;Neuquén;abrilguzman@correo.com;37;33743550
Valeria;Aguirre;Belgrano 1839;9 de Julio;Mendoza;valeriaaguirre@correo.com;57;46911084
Camila;Ruiz;Av. San Martín 8261;9 de Julio;Tucumán;camilaruiz@correo.com;41;33826130
Paula;Ramírez;Belgrano 8458;Rosario de la Cruz;Tucumán;paularamirez@correo.com;78;22919999
Ana;Gómez;Av. de Mayo 2670;Rosario de la Cruz;Misiones;anagomez@correo.com;42;28165177
Natalia;Vidal;Alvear 3825;Gral. Pico;Misiones;nataliavidal@correo.com;52;32260826
Abril;Medina;Sarmiento 7090;Inmaculada Concepcion;Misiones;abrilmedina@correo.com;47;11920784
Lucas;Gómez;Lavalle 1342;La Palta;Entre Ríos;lucasgomez@correo.com;21;14126079
Daniela;Rodríguez;Pueyrredón 7314;Palermo;Misiones;danielarodriguez@correo.com;52;32819127
Lucas;González;Alvear 3941;25 de Mayo;Buenos Aires;lucasgonzalez@correo.com;28;34294020
Ezequiel;Torres;Pueyrredón 7265;Palermo;Neuquén;ezequieltorres@correo.com;20;46764988
Ezequiel;Castro;Belgrano 6925;Palermo;Misiones;ezequielcastro@correo.com;27;15737183
Mateo;Benítez;Urquiza 3751;La Palta;Entre Ríos;mateobenitez@correo.com;66;21369659
Luis;Molina;Urquiza 8350;25 de Mayo;Santa Fe;luismolina@correo.com;78;16848511
Isabella;Vidal;Alvear 9634;9 de Julio;Mendoza;isabellavidal@correo.com;50;37532518
Victoria;Flores;Rivadavia 985;Gral. Pico;Entre Ríos;victoriaflores@correo.com;50;36118824
Paula;Aguirre;Av. San Martín 262;Gral. Pico;Tucumán;paulaaguirre@correo.com;35;18379851
Martina;González;Pueyrredón 1340;San Miguel;Entre Ríos;martinagonzalez@correo.com;65;43115675
Nicolás;Álvarez;Urquiza 7922;9 de Julio;Mendoza;nicolasalvarez@correo.com;32;30903077
Diego;Herrera;Av. de Mayo 7973;La Palta;Entre Ríos;diegoherrera@correo.com;38;20761983
Lucas;Vidal;Mitre 8916;Inmaculada Concepcion;Salta;lucasvidal@correo.com;71;24192922
Natalia;Benítez;Belgrano 5911;Rosario de la Cruz;Entre Ríos;nataliabenitez@correo.com;37;34819190
Natalia;Acosta;Av. de Mayo 1719;San Miguel;Tucumán;nataliaacosta@correo.com;48;33468353
Isabella;Guzmán;Alvear 3521;La Palta;Mendoza;isabellaguzman@correo.com;37;29737652
Isabella;Torres;Urquiza 3362;La Palta;Misiones;isabellatorres@correo.com;39;43156817
Martina;Rojas;Rivadavia 4781;Capitan Mendoza;Misiones;martinarojas@correo.com;42;25093195
Natalia;Álvarez;Rivadavia 6498;La Palta;Córdoba;nataliaalvarez@correo.com;42;39418722
Paula;Torres;Alvear 6191;Inmaculada Concepcion;Chaco;paulatorres@correo.com;48;19306290
Gonzalo;Giménez;Rivadavia 1864;San Martin;Entre Ríos;gonzalogimenez@correo.com;76;41489421
Natalia;García;Lavalle 6762;Gral. Pico;Chaco;nataliagarcia@correo.com;50;28376102
Ezequiel;Fernández;Pueyrredón 9870;9 de Julio;Salta;ezequielfernandez@correo.com;79;13820081
Elena;Molina;Alvear 7203;Palermo;Buenos Aires;elenamolina@correo.com;27;45097897
Isabella;Rojas;Rivadavia 2093;9 de Julio;Córdoba;isabellarojas@correo.com;46;11359416
Nicolás;Giménez;Av. de Mayo 8683;San Miguel;Córdoba;nicolasgimenez@correo.com;57;43337199
Natalia;Flores;Mitre 4997;Palermo;Misiones;nataliaflores@correo.com;66;31891684
Joaquín;García;Rivadavia 626;25 de Mayo;Buenos Aires;joaquingarcia@correo.com;54;13967085
Valeria;Silva;Alvear 4116;Capitan Mendoza;Santa Fe;valeriasilva@correo.com;67;28861672
Ana;Guzmán;Belgrano 2964;San Martin;Mendoza;anaguzman@correo.com;45;11821122
Sara;Sosa;Alvear 4136;Palermo;Salta;sarasosa@correo.com;74;13427724
Diego;López;Av. San Martín 5731;Inmaculada Concepcion;Tucumán;diegolopez@correo.com;65;17571374
Ana;Aguirre;Av. de Mayo 4273;Rosario de la Cruz;Entre Ríos;anaaguirre@correo.com;82;38468772
Tomas;Fernández;Belgrano 9454;9 de Julio;Buenos Aires;tomasfernandez@correo.com;75;23173839
Gonzalo;López;Lavalle 4375;Gral. Pico;Santa Fe;gonzalolopez@correo.com;66;46678653
Joaquín;Fernández;Sarmiento 4215;25 de Mayo;Mendoza;joaquinfernandez@correo.com;40;37594382
Agustín;García;Lavalle 697;Gral. Pico;Chaco;agustingarcia@correo.com;50;33185761
Ana;Torres;Av. de Mayo 9752;Capitan Mendoza;Chaco;anatorres@correo.com;77;34101253
Tomas;Martínez;Lavalle 8043;San Martin;Buenos Aires;tomasmartinez@correo.com;56;18297079
Gonzalo;Benítez;Lavalle 3390;San Miguel;Chaco;gonzalobenitez@correo.com;18;30329584
Isabella;Ruiz;Urquiza 7655;Palermo;Córdoba;isabellaruiz@correo.com;78;15726436
Tomas;Rojas;Sarmiento 3343;9 de Julio;Mendoza;tomasrojas@correo.com;64;32495900
Natalia;Díaz;Av. San Martín 7347;Gral. Pico;Entre Ríos;nataliadiaz@correo.com;61;45220307
Valeria;Sánchez;Belgrano 5488;Inmaculada Concepcion;Santa Fe;valeriasanchez@correo.com;82;47788819
Javier;Rodríguez;Sarmiento 2921;Capitan Mendoza;Córdoba;javierrodriguez@correo.com;40;18024898
Martina;Fernández;Sarmiento 9219;San Miguel;Mendoza;martinafernandez@correo.com;51;46202947
Gabriel;Peralta;Urquiza 8657;San Martin;Mendoza;gabrielperalta@correo.com;30;38851255
Sofía;García;Alvear 1982;Inmaculada Concepcion;Córdoba;sofiagarcia@correo.com;51;11375639
María;Ramírez;Urquiza 8826;Capitan Mendoza;Córdoba;mariaramirez@correo.com;25;14852478
Carlos;Fernández;Alvear 1140;San Martin;Santa Fe;carlosfernandez@correo.com;43;33133648
Carlos;Rodríguez;Sarmiento 8220;Gral. Pico;Tucumán;carlosrodriguez@correo.com;38;27349210
Lucas;Sánchez;Lavalle 1616;San Miguel;Tucumán;lucassanchez@correo.com;65;19794408
Santiago;Pérez;Av. San Martín 770;25 de Mayo;Buenos Aires;santiagoperez@correo.com;65;32314643
Daniela;Benítez;Rivadavia 9373;San Martin;Chaco;danielabenitez@correo.com;27;30809368
Elena;Pérez;Rivadavia 7423;Gral. Pico;Salta;elenaperez@correo.com;75;22199770
Ignacio;Pérez;Urquiza 1020;9 de Julio;Córdoba;ignacioperez@correo.com;57;46540520
Martina;Sánchez;Sarmiento 7746;San Martin;Córdoba;martinasanchez@correo.com;45;39262724
Elena;Acosta;Rivadavia 5838;San Miguel;Santa Fe;elenaacosta@correo.com;23;40245955
Isabella;Acosta;Belgrano 9626;9 de Julio;Mendoza;isabellaacosta@correo.com;73;31602890
Gonzalo;Medina;Av. de Mayo 8486;Inmaculada Concepcion;Tucumán;gonzalomedina@correo.com;83;11288670
Sara;Romero;Pueyrredón 4318;San Martin;Tucumán;sararomero@correo.com;46;43118453
Luis;Sosa;Belgrano 912;Rosario de la Cruz;Mendoza;luissosa@correo.com;35;11510958
Paula;Martínez;Alvear 7244;9 de Julio;Tucumán;paulamartinez@correo.com;78;38588013
Carlos;Álvarez;Urquiza 1319;25 de Mayo;Salta;carlosalvarez@correo.com;71;37129314
Lucas;Ramírez;Sarmiento 4148;Palermo;Chaco;lucasramirez@correo.com;82;33435714
Lucas;Giménez;Av. de Mayo 4854;San Miguel;Córdoba;lucasgimenez@correo.com;32;24701104
Nicolás;López;Pueyrredón 7900;Capitan Mendoza;Santa Fe;nicolaslopez@correo.com;65;34308215
Ezequiel;Vidal;Urquiza 6197;San Martin;Entre Ríos;ezequielvidal@correo.com;50;28576533
Ignacio;Medina;Alvear 5265;San Martin;Tucumán;ignaciomedina@correo.com;75;36456084
Daniela;Peralta;Pueyrredón 7089;9 de Julio;Santa Fe;danielaperalta@correo.com;84;14182660
Mateo;López;Alvear 1636;25 de Mayo;Neuquén;mateolopez@correo.com;40;37824414
Elena;Fernández;Av. San Martín 1795;San Martin;Salta;elenafernandez@correo.com;25;22457078
Santiago;Sosa;Alvear 1570;Gral. Pico;Neuquén;santiagososa@correo.com;24;34684930
Ignacio;Flores;Av. de Mayo 3095;Palermo;Santa Fe;ignacioflores@correo.com;50;30587730
Gabriel;Sánchez;Pueyrredón 5958;9 de Julio;Mendoza;gabrielsanchez@correo.com;57;43494279
Isabella;Gómez;Lavalle 4135;Inmaculada Concepcion;Mendoza;isabellagomez@correo.com;75;34605124
Isabella;Rodríguez;Rivadavia 8970;Capitan Mendoza;Tucumán;isabellarodriguez@correo.com;24;15556602
Tomas;Martínez;Sarmiento 1114;San Miguel;Salta;tomasmartinez@correo.com;69;39830821
Sofía;García;Urquiza 117;Gral. Pico;Neuquén;sofiagarcia@correo.com;47;23458478
Elena;Silva;Alvear 1351;Capitan Mendoza;Misiones;elenasilva@correo.com;72;44262559
Martina;Herrera;Mitre 9473;Palermo;Córdoba;martinaherrera@correo.com;80;45008207
Agustín;Giménez;Rivadavia 4185;Palermo;Salta;agustingimenez@correo.com;84;35991744
Nicolás;Torres;Av. de Mayo 2405;Capitan Mendoza;Entre Ríos;nicolastorres@correo.com;41;11211754
Camila;López;Pueyrredón 8082;Inmaculada Concepcion;Córdoba;camilalopez@correo.com;71;14544061
Diego;Rodríguez;Av. de Mayo 8185;San Miguel;Neuquén;diegorodriguez@correo.com;67;24543622
Nicolás;Sosa;Mitre 3751;La Palta;Santa Fe;nicolassosa@correo.com;24;47562809
Gabriel;Aguirre;Sarmiento 3340;La Palta;Buenos Aires;gabrielaguirre@correo.com;44;29641133
Agustín;Romero;Sarmiento 5826;25 de Mayo;Chaco;agustinromero@correo.com;60;11530880
Carlos;Díaz;Mitre 8153;San Martin;Misiones;carlosdiaz@correo.com;35;16474751
Camila;Benítez;Lavalle 1847;Inmaculada Concepcion;Salta;camilabenitez@correo.com;41;32501935
Lucas;Rojas;Urquiza 312;Capitan Mendoza;Salta;lucasrojas@correo.com;30;11842225
Gabriel;González;Rivadavia 4536;La Palta;Misiones;gabrielgonzalez@correo.com;45;32374410
Javier;Díaz;Sarmiento 4789;9 de Julio;Neuquén;javierdiaz@correo.com;25;40320527
María;Romero;Sarmiento 6432;Capitan Mendoza;Santa Fe;mariaromero@correo.com;84;21824027
Tomas;Guzmán;Sarmiento 7075;San Martin;Chaco;tomasguzman@correo.com;33;45331405
Gabriel;Gómez;Sarmiento 7408;San Martin;Mendoza;gabrielgomez@correo.com;65;32055564
Paula;Álvarez;Lavalle 8682;Capitan Mendoza;Salta;paulaalvarez@correo.com;67;43065625
Sara;Gómez;Lavalle 8910;Gral. Pico;Neuquén;saragomez@correo.com;52;31369693
Lucía;Álvarez;Rivadavia 4224;San Martin;Mendoza;luciaalvarez@correo.com;59;14978644
Lucas;Martínez;Pueyrredón 6424;San Martin;Neuquén;lucasmartinez@correo.com;65;43366564
Luis;Torres;Urquiza 3602;San Miguel;Santa Fe;luistorres@correo.com;77;28141936
Elena;Álvarez;Urquiza 5673;9 de Julio;Entre Ríos;elenaalvarez@correo.com;20;11794301
Carlos;Rojas;Alvear 5723;25 de Mayo;Tucumán;carlosrojas@correo.com;39;43572549
Diego;Acosta;Mitre 8492;San Miguel;Mendoza;diegoacosta@correo.com;33;15927367
Sara;Martínez;Rivadavia 9046;9 de Julio;Santa Fe;saramartinez@correo.com;57;38860357
Gabriel;Silva;Sarmiento 2666;Rosario de la Cruz;Buenos Aires;gabrielsilva@correo.com;31;33429651
Lucas;Molina;Mitre 1486;Capitan Mendoza;Entre Ríos;lucasmolina@correo.com;30;19386857
Ezequiel;García;Pueyrredón 2503;Palermo;Buenos Aires;ezequielgarcia@correo.com;28;16204885
Gonzalo;Castro;Av. de Mayo 5004;Rosario de la Cruz;Buenos Aires;gonzalocastro@correo.com;74;22223961
Lucas;Ramírez;Alvear 9224;La Palta;Entre Ríos;lucasramirez@correo.com;63;45406610
Joaquín;López;Urquiza 4495;9 de Julio;Neuquén;joaquinlopez@correo.com;26;20543773
Camila;López;Urquiza 3543;Capitan Mendoza;Misiones;camilalopez@correo.com;57;20793703
Tomas;Peralta;Urquiza 8554;Inmaculada Concepcion;Entre Ríos;tomasperalta@correo.com;71;20360274
Ana;Aguirre;Pueyrredón 8231;Palermo;Misiones;anaaguirre@correo.com;23;35307584
Tomas;Álvarez;Lavalle 7711;Capitan Mendoza;Misiones;tomasalvarez@correo.com;75;18043163
Luis;Gómez;Rivadavia 8735;Capitan Mendoza;Buenos Aires;luisgomez@correo.com;36;12370890
Javier;Pérez;Mitre 7461;La Palta;Salta;javierperez@correo.com;47;44391370
Victoria;Castro;Alvear 7851;San Miguel;Misiones;victoriacastro@correo.com;78;32626645
Nicolás;Sánchez;Mitre 3820;Rosario de la Cruz;Santa Fe;nicolassanchez@correo.com;34;21077190
Sara;Flores;Mitre 5643;Inmaculada Concepcion;Neuquén;saraflores@correo.com;63;42796585
Agustín;González;Mitre 969;25 de Mayo;Córdoba;agustingonzalez@correo.com;78;39079781
Martina;Vidal;Sarmiento 8431;San Miguel;Buenos Aires;martinavidal@correo.com;20;31926224
Luis;Molina;Rivadavia 2156;San Miguel;Neuquén;luismolina@correo.com;77;21198004
Joaquín;Castro;Av. San Martín 2881;9 de Julio;Córdoba;joaquincastro@correo.com;29;37718554
Santiago;Castro;Alvear 538;Gral. Pico;Salta;santiagocastro@correo.com;72;11894475
Ana;Pérez;Sarmiento 3469;9 de Julio;Tucumán;anaperez@correo.com;36;14950840
Lucía;Álvarez;Rivadavia 1299;Capitan Mendoza;Neuquén;luciaalvarez@correo.com;59;35599672
Diego;Díaz;Av. San Martín 3030;Rosario de la Cruz;Entre Ríos;diegodiaz@correo.com;42;37424474
Agustín;Romero;Pueyrredón 5615;San Martin;Córdoba;agustinromero@correo.com;72;13088374
Sara;Ramírez;Lavalle 5671;Capitan Mendoza;Córdoba;sararamirez@correo.com;32;30063611
Luis;Romero;Av. de Mayo 8955;Inmaculada Concepcion;Buenos Aires;luisromero@correo.com;31;22094012
Gonzalo;Rodríguez;Sarmiento 6922;Rosario de la Cruz;Neuquén;gonzalorodriguez@correo.com;52;25876608
Ana;Álvarez;Urquiza 3412;San Miguel;Misiones;anaalvarez@correo.com;18;20311386
Luis;Pérez;Av. San Martín 5339;25 de Mayo;Tucumán;luisperez@correo.com;48;32743094
Gabriel;Romero;Urquiza 8206;25 de Mayo;Mendoza;gabrielromero@correo.com;31;26121537
Daniela;Silva;Belgrano 3293;La Palta;Misiones;danielasilva@correo.com;47;46143046
Elena;López;Urquiza 9473;Inmaculada Concepcion;Buenos Aires;elenalopez@correo.com;52;35560766
Elena;Silva;Mitre 3824;Inmaculada Concepcion;Entre Ríos;elenasilva@correo.com;52;21637585
Gabriel;Fernández;Belgrano 4356;25 de Mayo;Mendoza;gabrielfernandez@correo.com;40;13592262
Agustín;Torres;Mitre 1328;Gral. Pico;Tucumán;agustintorres@correo.com;57;32316363
Camila;Flores;Mitre 8522;San Martin;Mendoza;camilaflores@correo.com;18;30939250
Victoria;Molina;Av. San Martín 776;9 de Julio;Santa Fe;victoriamolina@correo.com;26;33482297
Daniela;Gómez;Alvear 2892;Inmaculada Concepcion;Córdoba;danielagomez@correo.com;66;37848315
Javier;Herrera;Rivadavia 772;Gral. Pico;Mendoza;javierherrera@correo.com;82;39949228
Diego;Peralta;Urquiza 1366;La Palta;Misiones;diegoperalta@correo.com;29;34318045
Ezequiel;Flores;Alvear 8797;Gral. Pico;Buenos Aires;ezequielflores@correo.com;65;22155811
María;Álvarez;Belgrano 5469;25 de Mayo;Entre Ríos;mariaalvarez@correo.com;55;20295565
Martina;Herrera;Alvear 8254;Gral. Pico;Santa Fe;martinaherrera@correo.com;23;17295970
Martina;Ruiz;Sarmiento 8877;Rosario de la Cruz;Neuquén;martinaruiz@correo.com;51;34772057
Sofía;López;Av. de Mayo 5821;25 de Mayo;Santa Fe;sofialopez@correo.com;82;26079376
Ignacio;López;Av. San Martín 9178;La Palta;Chaco;ignaciolopez@correo.com;34;22187756
Diego;Acosta;Lavalle 8352;San Martin;Santa Fe;diegoacosta@correo.com;76;19365947
Camila;Acosta;Belgrano 2167;Rosario de la Cruz;Misiones;camilaacosta@correo.com;77;30901504
Ezequiel;Díaz;Urquiza 5058;La Palta;Neuquén;ezequieldiaz@correo.com;58;19106168
Nicolás;Álvarez;Lavalle 2095;Capitan Mendoza;Chaco;nicolasalvarez@correo.com;41;33274531
Joaquín;Peralta;Rivadavia 1468;San Miguel;Córdoba;joaquinperalta@correo.com;45;16429001
Camila;Giménez;Av. de Mayo 1743;La Palta;Entre Ríos;camilagimenez@correo.com;34;43912906
Joaquín;Pérez;Belgrano 9387;San Miguel;Entre Ríos;joaquinperez@correo.com;20;19775768
Victoria;Aguirre;Lavalle 8078;Gral. Pico;Santa Fe;victoriaaguirre@correo.com;19;26224893
Sara;Sosa;Av. de Mayo 8984;San Martin;Chaco;sarasosa@correo.com;83;29796317
Elena;Martínez;Av. San Martín 2315;La Palta;Buenos Aires;elenamartinez@correo.com;63;15220190
Ezequiel;Medina;Mitre 9249;Inmaculada Concepcion;Salta;ezequielmedina@correo.com;23;22672447
Victoria;Peralta;Belgrano 6023;San Martin;Misiones;victoriaperalta@correo.com;39;16116282
Paula;Giménez;Belgrano 9199;Gral. Pico;Tucumán;paulagimenez@correo.com;71;23265318
Diego;Flores;Lavalle 5197;San Martin;Córdoba;diegoflores@correo.com;28;24673071
Martina;González;Mitre 116;Palermo;Santa Fe;martinagonzalez@correo.com;83;27459652
Nicolás;García;Pueyrredón 8180;La Palta;Mendoza;nicolasgarcia@correo.com;70;43893261
Gabriel;Sosa;Belgrano 4576;Palermo;Santa Fe;gabrielsosa@correo.com;65;43359787
Ana;González;Alvear 3126;San Miguel;Santa Fe;anagonzalez@correo.com;65;38002946
Martina;Romero;Rivadavia 6119;25 de Mayo;Neuquén;martinaromero@correo.com;34;46158279
Valeria;Rodríguez;Rivadavia 8050;Capitan Mendoza;Tucumán;valeriarodriguez@correo.com;70;18445851
Mateo;García;Urquiza 8422;Rosario de la Cruz;Buenos Aires;mateogarcia@correo.com;63;15618876
Ezequiel;Martínez;Pueyrredón 1351;25 de Mayo;Santa Fe;ezequielmartinez@correo.com;37;35304152
Mateo;Sosa;Mitre 3443;La Palta;Misiones;mateososa@correo.com;79;15111434
Diego;Silva;Rivadavia 2294;Capitan Mendoza;Misiones;diegosilva@correo.com;70;22829425
Santiago;Medina;Alvear 6413;9 de Julio;Chaco;santiagomedina@correo.com;32;17042849
Lucas;Vidal;Lavalle 19;Inmaculada Concepcion;Salta;lucasvidal@correo.com;49;26601752
Agustín;Castro;Av. de Mayo 9231;San Miguel;Chaco;agustincastro@correo.com;74;38043205
Agustín;Martínez;Mitre 4292;Inmaculada Concepcion;Buenos Aires;agustinmartinez@correo.com;55;27239936
Javier;Álvarez;Belgrano 7269;9 de Julio;Salta;javieralvarez@correo.com;35;27643157
Camila;Vidal;Rivadavia 8894;9 de Julio;Salta;camilavidal@correo.com;60;43872958
Ignacio;González;Sarmiento 5236;San Martin;Neuquén;ignaciogonzalez@correo.com;21;23192966
Gonzalo;Gómez;Belgrano 3650;Inmaculada Concepcion;Santa Fe;gonzalogomez@correo.com;18;37658392
Agustín;Flores;Belgrano 866;San Martin;Chaco;agustinflores@correo.com;34;33260080
Daniela;Medina;Alvear 985;Palermo;Buenos Aires;danielamedina@correo.com;24;21615239
Tomas;Benítez;Lavalle 1994;Gral. Pico;Misiones;tomasbenitez@correo.com;74;20039651
Elena;Díaz;Mitre 269;Capitan Mendoza;Buenos Aires;elenadiaz@correo.com;61;18910314
Lucas;López;Belgrano 9283;9 de Julio;Buenos Aires;lucaslopez@correo.com;20;40014783
Lucas;Herrera;Av. de Mayo 1659;Gral. Pico;Entre Ríos;lucasherrera@correo.com;70;27679370
María;Sánchez;Mitre 3708;Inmaculada Concepcion;Buenos Aires;mariasanchez@correo.com;75;44112274
Lucía;Sosa;Pueyrredón 5281;Gral. Pico;Entre Ríos;luciasosa@correo.com;48;39962942
Martina;López;Sarmiento 3845;San Miguel;Buenos Aires;martinalopez@correo.com;36;19556675
Tomas;Peralta;Mitre 8252;9 de Julio;Chaco;tomasperalta@correo.com;29;30057181
Carlos;Flores;Sarmiento 3022;25 de Mayo;Salta;carlosflores@correo.com;18;21616045
Martina;Fernández;Lavalle 9951;San Martin;Mendoza;martinafernandez@correo.com;83;36653994
Javier;Castro;Belgrano 2801;Rosario de la Cruz;Buenos Aires;javiercastro@correo.com;77;21855027
Nicolás;Gómez;Belgrano 7544;Rosario de la Cruz;Entre Ríos;nicolasgomez@correo.com;58;23187301
Daniela;Sánchez;Rivadavia 3729;Gral. Pico;Santa Fe;danielasanchez@correo.com;69;32762207
Santiago;Díaz;Lavalle 5002;Inmaculada Concepcion;Córdoba;santiagodiaz@correo.com;58;25042468
Sara;Peralta;Mitre 3007;Rosario de la Cruz;Santa Fe;saraperalta@correo.com;73;31787425
Valeria;Gómez;Pueyrredón 5778;San Miguel;Entre Ríos;valeriagomez@correo.com;49;45622289
Diego;Martínez;Belgrano 2654;Inmaculada Concepcion;Salta;diegomartinez@correo.com;30;22442949
Elena;Gómez;Sarmiento 2361;San Martin;Tucumán;elenagomez@correo.com;21;20136721
Mateo;Martínez;Urquiza 352;Palermo;Córdoba;mateomartinez@correo.com;75;46901284
Elena;Rojas;Av. de Mayo 4774;San Miguel;Entre Ríos;elenarojas@correo.com;50;23419338
Joaquín;Rojas;Mitre 4401;Palermo;Chaco;joaquinrojas@correo.com;56;38561485
Ezequiel;Rojas;Av. de Mayo 9986;Gral. Pico;Mendoza;ezequielrojas@correo.com;75;20208630
Gonzalo;Castro;Mitre 8965;La Palta;Córdoba;gonzalocastro@correo.com;54;27580010
Agustín;Molina;Pueyrredón 2301;La Palta;Salta;agustinmolina@correo.com;81;43414186
Gonzalo;Aguirre;Alvear 3664;25 de Mayo;Neuquén;gonzaloaguirre@correo.com;27;27018331
Joaquín;Romero;Rivadavia 6188;San Miguel;Córdoba;joaquinromero@correo.com;40;45758939
Abril;López;Urquiza 3390;Palermo;Buenos Aires;abrillopez@correo.com;41;44499063
Camila;Torres;Sarmiento 4576;Capitan Mendoza;Córdoba;camilatorres@correo.com;45;12245547
María;Sánchez;Lavalle 9885;9 de Julio;Salta;mariasanchez@correo.com;72;43531945
Lucas;Acosta;Rivadavia 4492;Capitan Mendoza;Córdoba;lucasacosta@correo.com;19;31295454
Ana;Medina;Alvear 8100;San Miguel;Córdoba;anamedina@correo.com;69;28417235
Sofía;Romero;Belgrano 8312;San Martin;Tucumán;sofiaromero@correo.com;43;33243389
Sofía;Guzmán;Urquiza 7974;9 de Julio;Misiones;sofiaguzman@correo.com;84;12640156
Ana;Vidal;Sarmiento 557;Inmaculada Concepcion;Santa Fe;anavidal@correo.com;45;11619095
Abril;Sánchez;Alvear 9994;Gral. Pico;Santa Fe;abrilsanchez@correo.com;71;15247473
Gonzalo;Romero;Urquiza 5846;9 de Julio;Chaco;gonzaloromero@correo.com;81;25481816
Diego;Benítez;Av. de Mayo 5017;25 de Mayo;Misiones;diegobenitez@correo.com;73;12127658
Sara;Rodríguez;Lavalle 2483;Gral. Pico;Entre Ríos;sararodriguez@correo.com;35;15756043
Carlos;Martínez;Alvear 3057;San Martin;Buenos Aires;carlosmartinez@correo.com;50;29895371
Gonzalo;Herrera;Belgrano 5461;Inmaculada Concepcion;Chaco;gonzaloherrera@correo.com;52;15733147
Camila;Romero;Av. San Martín 4620;San Martin;Córdoba;camilaromero@correo.com;34;34505644
Camila;Álvarez;Pueyrredón 4188;Palermo;Buenos Aires;camilaalvarez@correo.com;75;39620764
Gonzalo;Torres;Urquiza 9080;Gral. Pico;Misiones;gonzalotorres@correo.com;48;28383850
Elena;Molina;Urquiza 5967;Inmaculada Concepcion;Chaco;elenamolina@correo.com;52;16322055
Sara;Sosa;Rivadavia 9159;25 de Mayo;Córdoba;sarasosa@correo.com;75;38411806
Lucía;González;Sarmiento 1151;Inmaculada Concepcion;Buenos Aires;luciagonzalez@correo.com;60;37041345
Ana;González;Urquiza 8329;La Palta;Chaco;anagonzalez@correo.com;37;39787468
Lucas;Pérez;Av. San Martín 3980;Inmaculada Concepcion;Mendoza;lucasperez@correo.com;41;23125237
Luis;López;Pueyrredón 8867;9 de Julio;Chaco;luislopez@correo.com;78;46906620
Nicolás;Molina;Mitre 6349;9 de Julio;Misiones;nicolasmolina@correo.com;33;12965664
Ezequiel;García;Av. San Martín 1889;Rosario de la Cruz;Misiones;ezequielgarcia@correo.com;63;36610968
Ignacio;Díaz;Urquiza 7425;San Martin;Santa Fe;ignaciodiaz@correo.com;34;31599415
Camila;Rodríguez;Alvear 6701;Inmaculada Concepcion;Entre Ríos;camilarodriguez@correo.com;57;20517636
Ezequiel;Fernández;Belgrano 4528;Capitan Mendoza;Salta;ezequielfernandez@correo.com;68;25626754
Sara;Gómez;Av. San Martín 1335;Rosario de la Cruz;Misiones;saragomez@correo.com;31;39535276
Luis;Martínez;Sarmiento 6849;San Martin;Salta;luismartinez@correo.com;72;40236486
Sofía;Castro;Urquiza 3179;Palermo;Salta;sofiacastro@correo.com;52;33128671
Victoria;Flores;Rivadavia 4540;Gral. Pico;Entre Ríos;victoriaflores@correo.com;24;42944028
Sofía;Díaz;Lavalle 9274;Rosario de la Cruz;Chaco;sofiadiaz@correo.com;41;12553366
Joaquín;Torres;Av. San Martín 5378;Capitan Mendoza;Misiones;joaquintorres@correo.com;26;41494607
Carlos;Rojas;Urquiza 1231;Inmaculada Concepcion;Santa Fe;carlosrojas@correo.com;55;37117097
Daniela;Díaz;Belgrano 6673;La Palta;Buenos Aires;danieladiaz@correo.com;27;33467581
Nicolás;Sánchez;Av. San Martín 1247;25 de Mayo;Córdoba;nicolassanchez@correo.com;70;41743644
Sara;Martínez;Lavalle 1353;25 de Mayo;Neuquén;saramartinez@correo.com;28;18561925
Paula;Sánchez;Belgrano 440;San Martin;Entre Ríos;paulasanchez@correo.com;35;25415485
Carlos;Pérez;Sarmiento 1020;9 de Julio;Neuquén;carlosperez@correo.com;81;14436489
Santiago;Flores;Pueyrredón 6182;9 de Julio;Buenos Aires;santiagoflores@correo.com;53;22169675
Luis;Martínez;Pueyrredón 6011;9 de Julio;Salta;luismartinez@correo.com;68;25532876
Paula;Ruiz;Sarmiento 4971;9 de Julio;Chaco;paularuiz@correo.com;67;40352703
María;González;Av. de Mayo 8905;San Martin;Salta;mariagonzalez@correo.com;69;12707634
Daniela;González;Urquiza 8327;La Palta;Chaco;danielagonzalez@correo.com;66;35562526
Camila;Ruiz;Sarmiento 2768;Rosario de la Cruz;Chaco;camilaruiz@correo.com;24;33961508
Paula;Rodríguez;Av. San Martín 7276;25 de Mayo;Chaco;paularodriguez@correo.com;65;36266590
Martina;Vidal;Lavalle 6531;25 de Mayo;Salta;martinavidal@correo.com;83;33672379
Elena;Martínez;Belgrano 6402;9 de Julio;Buenos Aires;elenamartinez@correo.com;25;34256117
Sara;Álvarez;Lavalle 4070;Gral. Pico;Neuquén;saraalvarez@correo.com;68;16444977
Agustín;Guzmán;Sarmiento 589;Capitan Mendoza;Misiones;agustinguzman@correo.com;73;39527835
Luis;González;Lavalle 5939;9 de Julio;Santa Fe;luisgonzalez@correo.com;44;42144202
Daniela;Peralta;Mitre 8592;Gral. Pico;Neuquén;danielaperalta@correo.com;71;18386931
Ignacio;Molina;Pueyrredón 1269;Capitan Mendoza;Tucumán;ignaciomolina@correo.com;78;23720575
Ignacio;Sánchez;Av. San Martín 7738;Capitan Mendoza;Mendoza;ignaciosanchez@correo.com;34;41272350
Paula;Herrera;Av. San Martín 7441;Palermo;Tucumán;paulaherrera@correo.com;20;30599872
Gabriel;Acosta;Pueyrredón 2540;Palermo;Tucumán;gabrielacosta@correo.com;79;17673773
Camila;Martínez;Av. San Martín 7700;Capitan Mendoza;Misiones;camilamartinez@correo.com;22;34516911
Isabella;Rodríguez;Belgrano 937;Rosario de la Cruz;Tucumán;isabellarodriguez@correo.com;19;46230229
Nicolás;Castro;Mitre 9735;Rosario de la Cruz;Salta;nicolascastro@correo.com;38;23733183
Martina;Torres;Alvear 5721;25 de Mayo;Entre Ríos;martinatorres@correo.com;55;38602220
Camila;García;Lavalle 466;San Martin;Salta;camilagarcia@correo.com;67;47860564
Tomas;Medina;Belgrano 3433;Gral. Pico;Córdoba;tomasmedina@correo.com;70;23081699
Luis;Molina;Belgrano 834;Inmaculada Concepcion;Salta;luismolina@correo.com;65;24655077
Elena;Rojas;Lavalle 5257;9 de Julio;Entre Ríos;elenarojas@correo.com;42;11264977
Martina;García;Mitre 3783;25 de Mayo;Córdoba;martinagarcia@correo.com;30;33886091
Gonzalo;López;Alvear 2119;Gral. Pico;Misiones;gonzalolopez@correo.com;66;36208016
Nicolás;Castro;Belgrano 7702;Inmaculada Concepcion;Misiones;nicolascastro@correo.com;79;38013401
Valeria;Silva;Av. de Mayo 959;San Martin;Tucumán;valeriasilva@correo.com;49;19668276
Martina;Rodríguez;Sarmiento 7159;Capitan Mendoza;Mendoza;martinarodriguez@correo.com;74;18337445
Paula;Ramírez;Rivadavia 3541;La Palta;Misiones;paularamirez@correo.com;71;43373188
Natalia;López;Alvear 405;25 de Mayo;Chaco;natalialopez@correo.com;34;11465999
Camila;Benítez;Pueyrredón 3997;La Palta;Mendoza;camilabenitez@correo.com;82;21324410
Santiago;Castro;Urquiza 775;Inmaculada Concepcion;Mendoza;santiagocastro@correo.com;33;27712682
María;Guzmán;Mitre 2244;La Palta;Mendoza;mariaguzman@correo.com;25;19960514
Mateo;Giménez;Av. de Mayo 590;San Miguel;Santa Fe;mateogimenez@correo.com;60;22369299
Isabella;García;Av. de Mayo 3403;San Miguel;Salta;isabellagarcia@correo.com;58;39947509
Paula;Gómez;Alvear 6674;Capitan Mendoza;Córdoba;paulagomez@correo.com;43;15869358
Carlos;Romero;Lavalle 9873;9 de Julio;Mendoza;carlosromero@correo.com;46;12100287
Tomas;Herrera;Sarmiento 8729;La Palta;Córdoba;tomasherrera@correo.com;22;23384678
Ana;Sánchez;Mitre 824;Palermo;Neuquén;anasanchez@correo.com;38;31135048
Victoria;Flores;Belgrano 7922;San Miguel;Tucumán;victoriaflores@correo.com;36;20612573
Paula;Sánchez;Pueyrredón 1407;25 de Mayo;Santa Fe;paulasanchez@correo.com;74;20049154
Natalia;Benítez;Av. de Mayo 3420;Capitan Mendoza;Salta;nataliabenitez@correo.com;51;45486504
Javier;Torres;Alvear 795;Palermo;Córdoba;javiertorres@correo.com;76;18348758
Elena;Romero;Lavalle 5186;San Martin;Misiones;elenaromero@correo.com;36;15473343
Ignacio;Castro;Sarmiento 559;La Palta;Neuquén;ignaciocastro@correo.com;54;11369568
Isabella;Rodríguez;Rivadavia 5070;La Palta;Salta;isabellarodriguez@correo.com;53;39441299
Gabriel;González;Alvear 7723;San Miguel;Salta;gabrielgonzalez@correo.com;76;14348763
Nicolás;Romero;Av. San Martín 7245;Rosario de la Cruz;Tucumán;nicolasromero@correo.com;79;19814628
Gabriel;Benítez;Urquiza 46;9 de Julio;Buenos Aires;gabrielbenitez@correo.com;74;19071466
Joaquín;Molina;Belgrano 3042;25 de Mayo;Córdoba;joaquinmolina@correo.com;52;37173980
Paula;Acosta;Sarmiento 2169;Palermo;Córdoba;paulaacosta@correo.com;28;31129802
Lucas;Benítez;Mitre 1738;Capitan Mendoza;Tucumán;lucasbenitez@correo.com;70;43685560
Isabella;Flores;Belgrano 8905;Inmaculada Concepcion;Salta;isabellaflores@correo.com;74;25731470
Nicolás;Guzmán;Av. de Mayo 9847;Inmaculada Concepcion;Tucumán;nicolasguzman@correo.com;80;22102690
Luis;Herrera;Belgrano 6967;25 de Mayo;Neuquén;luisherrera@correo.com;38;13846929
Camila;Giménez;Av. de Mayo 47;Inmaculada Concepcion;Tucumán;camilagimenez@correo.com;83;39870604
Mateo;Romero;Lavalle 5532;Rosario de la Cruz;Salta;mateoromero@correo.com;20;45123779
María;Vidal;Mitre 4118;25 de Mayo;Córdoba;mariavidal@correo.com;24;42510497
Camila;Ruiz;Mitre 7501;Rosario de la Cruz;Chaco;camilaruiz@correo.com;35;31899342
Daniela;Medina;Lavalle 6255;San Miguel;Neuquén;danielamedina@correo.com;24;41117687
Ignacio;González;Av. San Martín 2294;25 de Mayo;Misiones;ignaciogonzalez@correo.com;27;42394375
María;Guzmán;Rivadavia 2268;San Miguel;Salta;mariaguzman@correo.com;42;16182304
Isabella;Rodríguez;Belgrano 813;9 de Julio;Chaco;isabellarodriguez@correo.com;65;39616192
Mateo;Ruiz;Belgrano 1144;Inmaculada Concepcion;Mendoza;mateoruiz@correo.com;44;19958126
Victoria;Rojas;Sarmiento 489;Rosario de la Cruz;Neuquén;victoriarojas@correo.com;26;26766031
Mateo;Herrera;Sarmiento 3220;Inmaculada Concepcion;Buenos Aires;mateoherrera@correo.com;38;24917936
Valeria;Flores;Pueyrredón 6687;San Martin;Chaco;valeriaflores@correo.com;76;15594901
Martina;Acosta;Rivadavia 7643;Palermo;Salta;martinaacosta@correo.com;79;11382071
Daniela;Romero;Mitre 1355;Rosario de la Cruz;Misiones;danielaromero@correo.com;42;27833222
Martina;Álvarez;Lavalle 6738;La Palta;Misiones;martinaalvarez@correo.com;21;22541635
Sofía;Benítez;Av. de Mayo 710;9 de Julio;Entre Ríos;sofiabenitez@correo.com;47;32554226
María;López;Alvear 4881;Capitan Mendoza;Mendoza;marialopez@correo.com;34;12765326
Tomas;Herrera;Mitre 4251;La Palta;Entre Ríos;tomasherrera@correo.com;40;15040650
Lucas;Ramírez;Mitre 3457;Gral. Pico;Tucumán;lucasramirez@correo.com;76;19778837
Agustín;Ramírez;Sarmiento 7178;San Martin;Neuquén;agustinramirez@correo.com;82;21464080
Elena;Peralta;Urquiza 1572;La Palta;Tucumán;elenaperalta@correo.com;82;26124274
Sara;Molina;Mitre 4124;Palermo;Santa Fe;saramolina@correo.com;42;15442057
Sofía;Gómez;Sarmiento 8192;San Miguel;Chaco;sofiagomez@correo.com;80;46086990
Tomas;Vidal;Sarmiento 344;Capitan Mendoza;Córdoba;tomasvidal@correo.com;82;32433250
María;Pérez;Urquiza 2990;Capitan Mendoza;Mendoza;mariaperez@correo.com;29;43979790
Sofía;Molina;Pueyrredón 2823;Rosario de la Cruz;Entre Ríos;sofiamolina@correo.com;46;23797910
Joaquín;Sánchez;Sarmiento 2934;Gral. Pico;Neuquén;joaquinsanchez@correo.com;55;35490759
Lucas;Castro;Pueyrredón 6191;San Martin;Santa Fe;lucascastro@correo.com;50;25349297
Luis;Sánchez;Belgrano 1523;Gral. Pico;Santa Fe;luissanchez@correo.com;53;27083480
Lucas;Torres;Rivadavia 9322;San Miguel;Misiones;lucastorres@correo.com;46;32254815
Abril;Herrera;Mitre 94;Gral. Pico;Santa Fe;abrilherrera@correo.com;49;32196862
Nicolás;Díaz;Pueyrredón 9063;Inmaculada Concepcion;Misiones;nicolasdiaz@correo.com;84;37395597
Ana;García;Rivadavia 2658;Inmaculada Concepcion;Mendoza;anagarcia@correo.com;74;20224365
Luis;Ruiz;Mitre 6381;25 de Mayo;Tucumán;luisruiz@correo.com;28;36507774
Sara;Pérez;Av. San Martín 5233;Palermo;Buenos Aires;saraperez@correo.com;49;37414500
Victoria;López;Urquiza 3076;Capitan Mendoza;Neuquén;victorialopez@correo.com;41;40249356
Agustín;Martínez;Rivadavia 6227;Gral. Pico;Neuquén;agustinmartinez@correo.com;39;37344713
Santiago;García;Mitre 4398;Gral. Pico;Salta;santiagogarcia@correo.com;40;15367549
Luis;Álvarez;Alvear 1470;25 de Mayo;Salta;luisalvarez@correo.com;42;35629903
Natalia;Guzmán;Mitre 1921;Rosario de la Cruz;Salta;nataliaguzman@correo.com;29;42295638
Paula;López;Av. San Martín 2428;La Palta;Tucumán;paulalopez@correo.com;56;39175529
Lucas;Torres;Av. San Martín 2423;San Martin;Salta;lucastorres@correo.com;61;25180733
Agustín;Silva;Urquiza 2891;La Palta;Neuquén;agustinsilva@correo.com;70;27811980
Isabella;Silva;Pueyrredón 420;La Palta;Santa Fe;isabellasilva@correo.com;23;35282333
Ezequiel;Ruiz;Sarmiento 3138;25 de Mayo;Santa Fe;ezequielruiz@correo.com;28;41819189
Abril;Díaz;Rivadavia 9212;9 de Julio;Mendoza;abrildiaz@correo.com;53;47522392
Diego;Sosa;Sarmiento 7788;San Martin;Neuquén;diegososa@correo.com;72;35751367
Javier;Fernández;Lavalle 1807;Palermo;Entre Ríos;javierfernandez@correo.com;23;16579791
Gabriel;Gómez;Sarmiento 6597;Inmaculada Concepcion;Santa Fe;gabrielgomez@correo.com;23;33932088
Ignacio;Fernández;Lavalle 3914;Rosario de la Cruz;Buenos Aires;ignaciofernandez@correo.com;78;13873248
Sofía;Benítez;Mitre 517;Inmaculada Concepcion;Chaco;sofiabenitez@correo.com;38;25865862
Valeria;Fernández;Av. de Mayo 1172;Inmaculada Concepcion;Santa Fe;valeriafernandez@correo.com;43;24852982
María;Castro;Alvear 3819;San Miguel;Tucumán;mariacastro@correo.com;80;36433503
Abril;Peralta;Alvear 6407;La Palta;Córdoba;abrilperalta@correo.com;75;42353031
Tomas;Medina;Mitre 6754;San Miguel;Neuquén;tomasmedina@correo.com;76;29626302
Mateo;Rodríguez;Belgrano 5495;25 de Mayo;Neuquén;mateorodriguez@correo.com;55;30006245
Victoria;Martínez;Lavalle 933;La Palta;Neuquén;victoriamartinez@correo.com;43;33380489
Ana;Flores;Belgrano 8258;25 de Mayo;Buenos Aires;anaflores@correo.com;53;36185949
Camila;Torres;Rivadavia 511;San Miguel;Entre Ríos;camilatorres@correo.com;45;45344563
Lucía;Sánchez;Rivadavia 4877;25 de Mayo;Misiones;luciasanchez@correo.com;45;44246675
Victoria;Silva;Sarmiento 6559;San Miguel;Entre Ríos;victoriasilva@correo.com;21;35184376
Paula;Silva;Rivadavia 122;Capitan Mendoza;Córdoba;paulasilva@correo.com;41;44472365
Martina;García;Lavalle 6232;Inmaculada Concepcion;Tucumán;martinagarcia@correo.com;24;37295852
Natalia;Acosta;Mitre 5567;La Palta;Misiones;nataliaacosta@correo.com;33;24022931
Camila;García;Alvear 4113;Palermo;Chaco;camilagarcia@correo.com;19;45834755
Paula;García;Sarmiento 8802;Gral. Pico;Mendoza;paulagarcia@correo.com;68;36861614
Agustín;Medina;Urquiza 9239;25 de Mayo;Neuquén;agustinmedina@correo.com;22;17803029
Victoria;López;Pueyrredón 8580;Inmaculada Concepcion;Neuquén;victorialopez@correo.com;33;43241200
Diego;Ruiz;Sarmiento 2451;Rosario de la Cruz;Córdoba;diegoruiz@correo.com;38;39187945
Javier;Sánchez;Mitre 7364;La Palta;Chaco;javiersanchez@correo.com;43;32509021
Elena;García;Sarmiento 3594;La Palta;Entre Ríos;elenagarcia@correo.com;26;47086877
Natalia;Pérez;Sarmiento 6281;San Miguel;Tucumán;nataliaperez@correo.com;80;12719241
Nicolás;Acosta;Belgrano 129;San Martin;Entre Ríos;nicolasacosta@correo.com;68;20560500
Nicolás;Díaz;Av. de Mayo 1557;Inmaculada Concepcion;Neuquén;nicolasdiaz@correo.com;39;18905432
Natalia;Díaz;Alvear 126;Gral. Pico;Neuquén;nataliadiaz@correo.com;65;45597958
Camila;Fernández;Lavalle 4097;Capitan Mendoza;Tucumán;camilafernandez@correo.com;53;43101174
Lucía;Díaz;Belgrano 1267;Gral. Pico;Córdoba;luciadiaz@correo.com;38;22952555
Paula;Rojas;Sarmiento 3457;La Palta;Santa Fe;paularojas@correo.com;29;34065460
Carlos;Peralta;Mitre 9460;Capitan Mendoza;Santa Fe;carlosperalta@correo.com;36;13437562
Santiago;Fernández;Alvear 5592;San Miguel;Entre Ríos;santiagofernandez@correo.com;75;45296949
Lucía;Fernández;Urquiza 3500;9 de Julio;Neuquén;luciafernandez@correo.com;44;39236873
Natalia;Ruiz;Mitre 2481;Palermo;Tucumán;nataliaruiz@correo.com;33;21310638
Luis;Castro;Av. San Martín 1403;San Martin;Córdoba;luiscastro@correo.com;25;27013183
Agustín;González;Alvear 4427;La Palta;Neuquén;agustingonzalez@correo.com;63;40155364
Lucía;Aguirre;Urquiza 5285;Capitan Mendoza;Entre Ríos;luciaaguirre@correo.com;49;47420520
Tomas;Peralta;Belgrano 5813;San Martin;Misiones;tomasperalta@correo.com;29;15002600
Lucas;Giménez;Belgrano 6465;San Martin;Chaco;lucasgimenez@correo.com;68;44778631
Ezequiel;Guzmán;Rivadavia 1486;9 de Julio;Salta;ezequielguzman@correo.com;25;24027703
Lucas;Flores;Belgrano 9433;25 de Mayo;Córdoba;lucasflores@correo.com;42;13815230
Javier;Medina;Urquiza 5160;Capitan Mendoza;Salta;javiermedina@correo.com;49;11807541
Ezequiel;Castro;Pueyrredón 1824;Rosario de la Cruz;Misiones;ezequielcastro@correo.com;46;39864679
Sara;Sánchez;Av. San Martín 7160;Palermo;Entre Ríos;sarasanchez@correo.com;23;23539817
Lucas;Díaz;Pueyrredón 6580;Gral. Pico;Chaco;lucasdiaz@correo.com;42;40671933
Lucía;Vidal;Av. de Mayo 4354;Inmaculada Concepcion;Salta;luciavidal@correo.com;76;23023643
Diego;Aguirre;Sarmiento 3891;Capitan Mendoza;Mendoza;diegoaguirre@correo.com;64;28531633
Carlos;Acosta;Mitre 5354;Rosario de la Cruz;Entre Ríos;carlosacosta@correo.com;46;44755412
Gonzalo;Rojas;Av. de Mayo 6400;Capitan Mendoza;Neuquén;gonzalorojas@correo.com;81;22922885
Javier;Guzmán;Alvear 9625;Gral. Pico;Santa Fe;javierguzman@correo.com;26;42559766
Ignacio;Sánchez;Mitre 5261;San Miguel;Entre Ríos;ignaciosanchez@correo.com;26;23302094
Abril;Torres;Sarmiento 2842;Palermo;Misiones;abriltorres@correo.com;28;40417089
Valeria;Herrera;Pueyrredón 8326;Palermo;Misiones;valeriaherrera@correo.com;28;40571268
Santiago;Gómez;Av. de Mayo 1855;San Miguel;Mendoza;santiagogomez@correo.com;55;19923235
Paula;Fernández;Alvear 67;Rosario de la Cruz;Santa Fe;paulafernandez@correo.com;73;42391078
Sara;Castro;Av. de Mayo 8890;25 de Mayo;Buenos Aires;saracastro@correo.com;18;26699223
Ignacio;Rojas;Urquiza 3575;Inmaculada Concepcion;Salta;ignaciorojas@correo.com;61;17917417
Joaquín;Martínez;Mitre 4795;Capitan Mendoza;Santa Fe;joaquinmartinez@correo.com;66;31754065
Daniela;Benítez;Belgrano 5564;San Miguel;Buenos Aires;danielabenitez@correo.com;82;35165303
Abril;Pérez;Mitre 3791;Rosario de la Cruz;Buenos Aires;abrilperez@correo.com;29;29590549
María;Castro;Mitre 8820;Palermo;Chaco;mariacastro@correo.com;25;37739149
María;Flores;Lavalle 2242;Inmaculada Concepcion;Buenos Aires;mariaflores@correo.com;78;36861933
Ignacio;Molina;Urquiza 4864;Rosario de la Cruz;Santa Fe;ignaciomolina@correo.com;62;21907764
Ignacio;Flores;Alvear 5261;Inmaculada Concepcion;Tucumán;ignacioflores@correo.com;39;25206072
Santiago;Peralta;Av. de Mayo 4927;San Martin;Misiones;santiagoperalta@correo.com;41;19083757
Mateo;Medina;Av. San Martín 5469;9 de Julio;Salta;mateomedina@correo.com;48;43319021
Daniela;Ramírez;Pueyrredón 4198;Gral. Pico;Misiones;danielaramirez@correo.com;75;21431937
Agustín;Flores;Sarmiento 6859;San Martin;Neuquén;agustinflores@correo.com;38;44800122
Javier;Torres;Sarmiento 1563;San Miguel;Misiones;javiertorres@correo.com;24;27969446
Santiago;Acosta;Lavalle 1679;25 de Mayo;Salta;santiagoacosta@correo.com;56;23554357
Sofía;Aguirre;Belgrano 6231;9 de Julio;Santa Fe;sofiaaguirre@correo.com;77;25454471
María;Aguirre;Alvear 8387;Inmaculada Concepcion;Buenos Aires;mariaaguirre@correo.com;70;15828300
Ezequiel;Vidal;Av. San Martín 7645;Capitan Mendoza;Mendoza;ezequielvidal@correo.com;73;20635036
Gonzalo;Díaz;Rivadavia 6524;Rosario de la Cruz;Entre Ríos;gonzalodiaz@correo.com;24;16140219
Mateo;Benítez;Lavalle 5856;La Palta;Córdoba;mateobenitez@correo.com;51;27696701
Paula;Rojas;Alvear 8259;Capitan Mendoza;Salta;paularojas@correo.com;63;32478234
Luis;Ramírez;Av. San Martín 2563;San Miguel;Mendoza;luisramirez@correo.com;21;28804955
Martina;Álvarez;Belgrano 27;9 de Julio;Córdoba;martinaalvarez@correo.com;32;12118082
Lucía;Torres;Mitre 4626;Palermo;Córdoba;luciatorres@correo.com;32;15767779
Camila;Herrera;Lavalle 4812;Gral. Pico;Santa Fe;camilaherrera@correo.com;75;39226586
Abril;Ruiz;Pueyrredón 6365;9 de Julio;Santa Fe;abrilruiz@correo.com;77;19859579
Martina;Rodríguez;Av. San Martín 7093;Capitan Mendoza;Chaco;martinarodriguez@correo.com;51;35286850
Daniela;Álvarez;Av. de Mayo 8389;9 de Julio;Buenos Aires;danielaalvarez@correo.com;66;24993926
Ezequiel;Medina;Lavalle 9284;La Palta;Entre Ríos;ezequielmedina@correo.com;47;31336958
Gabriel;Acosta;Pueyrredón 1681;Rosario de la Cruz;Mendoza;gabrielacosta@correo.com;78;13714960
Tomas;Guzmán;Belgrano 5578;Gral. Pico;Misiones;tomasguzman@correo.com;47;13169839
Isabella;Medina;Belgrano 1550;San Miguel;Buenos Aires;isabellamedina@correo.com;34;26044806
Lucía;Flores;Belgrano 827;La Palta;Tucumán;luciaflores@correo.com;77;35414579
Tomas;Benítez;Lavalle 4862;La Palta;Entre Ríos;tomasbenitez@correo.com;40;37826455
Gonzalo;Peralta;Av. San Martín 4896;9 de Julio;Córdoba;gonzaloperalta@correo.com;39;13301174
Agustín;Benítez;Av. San Martín 4371;San Martin;Chaco;agustinbenitez@correo.com;47;46567057
Lucía;Acosta;Urquiza 3604;Gral. Pico;Buenos Aires;luciaacosta@correo.com;22;44425064
Sara;Rojas;Lavalle 1095;San Miguel;Tucumán;sararojas@correo.com;65;33141536
Nicolás;Fernández;Lavalle 1379;25 de Mayo;Tucumán;nicolasfernandez@correo.com;34;33552787
Elena;Herrera;Sarmiento 2275;San Martin;Córdoba;elenaherrera@correo.com;83;18421198
Natalia;García;Rivadavia 2488;San Martin;Córdoba;nataliagarcia@correo.com;72;32859970
Elena;Martínez;Pueyrredón 3959;Palermo;Chaco;elenamartinez@correo.com;73;20040897
Sofía;Castro;Lavalle 7537;Capitan Mendoza;Entre Ríos;sofiacastro@correo.com;58;18650271
Javier;González;Rivadavia 4837;Capitan Mendoza;Mendoza;javiergonzalez@correo.com;73;23407428
Luis;García;Sarmiento 4120;25 de Mayo;Neuquén;luisgarcia@correo.com;78;37465021
Camila;Martínez;Sarmiento 4147;Inmaculada Concepcion;Mendoza;camilamartinez@correo.com;57;22869516
Mateo;Ruiz;Lavalle 7902;San Martin;Tucumán;mateoruiz@correo.com;38;41219811
Nicolás;Romero;Lavalle 2591;25 de Mayo;Neuquén;nicolasromero@correo.com;68;40157814
Nicolás;Herrera;Av. San Martín 3486;9 de Julio;Salta;nicolasherrera@correo.com;63;18478130
Sara;Torres;Av. San Martín 3937;Inmaculada Concepcion;Mendoza;saratorres@correo.com;66;41448316
Gabriel;Fernández;Pueyrredón 3702;Palermo;Misiones;gabrielfernandez@correo.com;79;21121259
Ignacio;Rojas;Mitre 1015;Palermo;Buenos Aires;ignaciorojas@correo.com;49;23731312
Santiago;Rojas;Belgrano 8443;25 de Mayo;Mendoza;santiagorojas@correo.com;21;31921482
Daniela;Acosta;Rivadavia 7399;Gral. Pico;Tucumán;danielaacosta@correo.com;66;35068053
Agustín;Sosa;Alvear 5487;Rosario de la Cruz;Buenos Aires;agustinsosa@correo.com;19;38487904
Lucas;Ramírez;Mitre 2511;9 de Julio;Córdoba;lucasramirez@correo.com;73;42788089
Camila;Díaz;Alvear 3587;25 de Mayo;Mendoza;camiladiaz@correo.com;45;15061376
Natalia;Guzmán;Urquiza 1849;25 de Mayo;Tucumán;nataliaguzman@correo.com;84;41798900
Martina;Gómez;Lavalle 1779;Inmaculada Concepcion;Salta;martinagomez@correo.com;81;39762242
Sofía;Medina;Urquiza 4431;Capitan Mendoza;Tucumán;sofiamedina@correo.com;64;32714201
Luis;González;Urquiza 220;La Palta;Córdoba;luisgonzalez@correo.com;49;17284503
Joaquín;Sánchez;Lavalle 6438;25 de Mayo;Neuquén;joaquinsanchez@correo.com;72;41516255
Lucía;Silva;Av. San Martín 768;La Palta;Entre Ríos;luciasilva@correo.com;24;29225646
Daniela;Fernández;Rivadavia 9610;San Martin;Salta;danielafernandez@correo.com;81;17029357
Sara;Castro;Urquiza 4828;Palermo;Mendoza;saracastro@correo.com;58;39575242
Sofía;Acosta;Alvear 7340;Palermo;Entre Ríos;sofiaacosta@correo.com;77;37451201
Isabella;Molina;Pueyrredón 569;San Miguel;Buenos Aires;isabellamolina@correo.com;69;13900423
Tomas;Castro;Rivadavia 5219;Gral. Pico;Buenos Aires;tomascastro@correo.com;54;19199119
Diego;López;Mitre 5457;San Miguel;Mendoza;diegolopez@correo.com;54;17432144
Martina;Rodríguez;Av. de Mayo 6457;San Miguel;Mendoza;martinarodriguez@correo.com;60;23393942
Gabriel;Medina;Av. de Mayo 9995;Palermo;Córdoba;gabrielmedina@correo.com;67;37596684
Natalia;Castro;Sarmiento 1011;Rosario de la Cruz;Misiones;nataliacastro@correo.com;78;38608615
Lucía;Sosa;Av. de Mayo 4939;Gral. Pico;Misiones;luciasosa@correo.com;33;12706777
Mateo;Ruiz;Alvear 7020;Rosario de la Cruz;Santa Fe;mateoruiz@correo.com;18;40954480
Gabriel;Medina;Urquiza 5430;25 de Mayo;Entre Ríos;gabrielmedina@correo.com;80;46856636
María;Acosta;Rivadavia 4521;Capitan Mendoza;Mendoza;mariaacosta@correo.com;57;35284526
Camila;Rojas;Alvear 3912;Gral. Pico;Salta;camilarojas@correo.com;52;33893577
Sofía;Guzmán;Lavalle 1815;La Palta;Neuquén;sofiaguzman@correo.com;67;19526742
Paula;Pérez;Lavalle 1132;Inmaculada Concepcion;Neuquén;paulaperez@correo.com;76;32718519
Daniela;López;Av. de Mayo 4555;Inmaculada Concepcion;Chaco;danielalopez@correo.com;22;11718193
Daniela;Guzmán;Alvear 5496;Palermo;Córdoba;danielaguzman@correo.com;40;40341357
Gonzalo;Martínez;Av. de Mayo 1672;San Martin;Salta;gonzalomartinez@correo.com;51;47532755
Gabriel;Martínez;Mitre 6933;Inmaculada Concepcion;Chaco;gabrielmartinez@correo.com;76;18773811
Gonzalo;Álvarez;Sarmiento 3072;La Palta;Santa Fe;gonzaloalvarez@correo.com;75;40828488
Sofía;Guzmán;Av. San Martín 3668;Gral. Pico;Córdoba;sofiaguzman@correo.com;39;40710366
Daniela;Sosa;Av. de Mayo 1937;La Palta;Entre Ríos;danielasosa@correo.com;22;20673151
Mateo;Herrera;Sarmiento 885;San Miguel;Neuquén;mateoherrera@correo.com;84;23423278
María;Castro;Belgrano 6192;San Martin;Córdoba;mariacastro@correo.com;32;29099798
Sara;Díaz;Mitre 2639;La Palta;Entre Ríos;saradiaz@correo.com;44;26424165
Martina;Álvarez;Av. de Mayo 465;9 de Julio;Tucumán;martinaalvarez@correo.com;47;17628437
Javier;Romero;Rivadavia 2386;San Miguel;Neuquén;javierromero@correo.com;33;26218712
Ezequiel;Acosta;Alvear 5867;San Martin;Neuquén;ezequielacosta@correo.com;23;20320523
Nicolás;Medina;Rivadavia 3207;San Martin;Entre Ríos;nicolasmedina@correo.com;48;25787481
Sofía;Pérez;Pueyrredón 6053;Rosario de la Cruz;Chaco;sofiaperez@correo.com;46;40533724
Martina;Gómez;Rivadavia 3804;Capitan Mendoza;Salta;martinagomez@correo.com;19;25415789
Mateo;Torres;Av. de Mayo 6702;Capitan Mendoza;Entre Ríos;mateotorres@correo.com;42;30095966
Ana;Silva;Rivadavia 7966;Palermo;Salta;anasilva@correo.com;77;23007307
Valeria;Álvarez;Pueyrredón 6480;Palermo;Córdoba;valeriaalvarez@correo.com;80;41047066
Paula;Díaz;Rivadavia 5308;Capitan Mendoza;Salta;pauladiaz@correo.com;45;36581917
Sara;Torres;Alvear 1510;Inmaculada Concepcion;Santa Fe;saratorres@correo.com;67;11809360
Mateo;Pérez;Alvear 853;Capitan Mendoza;Córdoba;mateoperez@correo.com;39;26856030
María;Álvarez;Belgrano 9517;Rosario de la Cruz;Santa Fe;mariaalvarez@correo.com;32;20904827
Lucía;Flores;Belgrano 7942;Palermo;Córdoba;luciaflores@correo.com;45;45604784
Santiago;Rodríguez;Sarmiento 656;25 de Mayo;Entre Ríos;santiagorodriguez@correo.com;49;46078393
Mateo;Giménez;Pueyrredón 9119;Palermo;Santa Fe;mateogimenez@correo.com;60;17362045
Gonzalo;Ramírez;Pueyrredón 7108;La Palta;Córdoba;gonzaloramirez@correo.com;66;33694613
Gonzalo;Ruiz;Lavalle 8211;Rosario de la Cruz;Salta;gonzaloruiz@correo.com;50;19818117
Diego;Herrera;Av. de Mayo 143;Inmaculada Concepcion;Entre Ríos;diegoherrera@correo.com;47;16634205
Javier;Ruiz;Alvear 5206;San Martin;Chaco;javierruiz@correo.com;47;13115182
Paula;Ramírez;Belgrano 5643;La Palta;Mendoza;paularamirez@correo.com;25;43238788
Sara;Medina;Rivadavia 1113;San Martin;Mendoza;saramedina@correo.com;73;15463288
Isabella;González;Belgrano 4430;San Miguel;Tucumán;isabellagonzalez@correo.com;81;30421460
Sara;Silva;Sarmiento 5348;Rosario de la Cruz;Salta;sarasilva@correo.com;37;34812709
Ignacio;Álvarez;Lavalle 7557;Inmaculada Concepcion;Buenos Aires;ignacioalvarez@correo.com;24;26858275
Ana;Sánchez;Rivadavia 5672;Capitan Mendoza;Córdoba;anasanchez@correo.com;70;26767079
Gabriel;Rodríguez;Av. de Mayo 3130;9 de Julio;Misiones;gabrielrodriguez@correo.com;50;25301664
Mateo;Medina;Urquiza 6579;Inmaculada Concepcion;Misiones;mateomedina@correo.com;26;37738003
Isabella;Acosta;Av. de Mayo 3260;Palermo;Tucumán;isabellaacosta@correo.com;22;21360919
Ignacio;Romero;Sarmiento 1122;Gral. Pico;Mendoza;ignacioromero@correo.com;73;20987324
Natalia;Medina;Mitre 2552;25 de Mayo;Neuquén;nataliamedina@correo.com;81;43052907
Sofía;Guzmán;Lavalle 8417;La Palta;Córdoba;sofiaguzman@correo.com;81;41711664
Santiago;Silva;Belgrano 3596;9 de Julio;Misiones;santiagosilva@correo.com;20;41695713
Nicolás;Pérez;Belgrano 7281;San Martin;Salta;nicolasperez@correo.com;50;22701757
Paula;Silva;Belgrano 553;Inmaculada Concepcion;Neuquén;paulasilva@correo.com;78;13516748
Nicolás;Rojas;Belgrano 8131;Capitan Mendoza;Misiones;nicolasrojas@correo.com;34;21753809
Natalia;Martínez;Urquiza 9700;9 de Julio;Salta;nataliamartinez@correo.com;59;19088811
Daniela;Ruiz;Urquiza 9621;Inmaculada Concepcion;Tucumán;danielaruiz@correo.com;47;14962273
Ezequiel;Giménez;Av. San Martín 9657;25 de Mayo;Chaco;ezequielgimenez@correo.com;38;33151687
Camila;Guzmán;Belgrano 4015;Capitan Mendoza;Chaco;camilaguzman@correo.com;83;47283513
Sofía;Díaz;Av. de Mayo 308;San Miguel;Neuquén;sofiadiaz@correo.com;18;47520207
Isabella;López;Belgrano 1150;Palermo;Buenos Aires;isabellalopez@correo.com;76;23205619
Martina;Rojas;Belgrano 573;25 de Mayo;Córdoba;martinarojas@correo.com;24;12982824
Javier;Giménez;Av. de Mayo 7805;25 de Mayo;Tucumán;javiergimenez@correo.com;42;21276709
Lucía;Castro;Av. de Mayo 2265;La Palta;Misiones;luciacastro@correo.com;26;12105419
Elena;Acosta;Rivadavia 4337;Palermo;Tucumán;elenaacosta@correo.com;72;30039431
Mateo;Álvarez;Mitre 9603;Palermo;Entre Ríos;mateoalvarez@correo.com;46;36797020
Ignacio;Acosta;Belgrano 2265;Palermo;Neuquén;ignacioacosta@correo.com;84;22337849
Paula;Benítez;Pueyrredón 3593;Capitan Mendoza;Misiones;paulabenitez@correo.com;24;35120665
Mateo;Benítez;Rivadavia 8037;Capitan Mendoza;Neuquén;mateobenitez@correo.com;37;15598772
Natalia;Silva;Sarmiento 4898;San Martin;Neuquén;nataliasilva@correo.com;31;47884606
Elena;Molina;Av. de Mayo 6828;25 de Mayo;Neuquén;elenamolina@correo.com;51;47476103
Ezequiel;Gómez;Av. de Mayo 4452;San Martin;Neuquén;ezequielgomez@correo.com;21;15150523
Sofía;Martínez;Alvear 5061;San Miguel;Entre Ríos;sofiamartinez@correo.com;65;41545620
Sofía;Vidal;Av. San Martín 6681;Gral. Pico;Entre Ríos;sofiavidal@correo.com;36;29243245
María;Fernández;Alvear 9194;San Martin;Entre Ríos;mariafernandez@correo.com;48;18754813
Lucas;Díaz;Rivadavia 4384;La Palta;Córdoba;lucasdiaz@correo.com;48;33238892
Carlos;Aguirre;Av. San Martín 9027;Palermo;Salta;carlosaguirre@correo.com;21;12346001
Valeria;Rojas;Belgrano 9644;9 de Julio;Buenos Aires;valeriarojas@correo.com;81;27114389
Paula;Rojas;Mitre 271;La Palta;Tucumán;paularojas@correo.com;18;37962144
Sara;Herrera;Mitre 4933;Palermo;Neuquén;saraherrera@correo.com;53;30624359
Paula;Torres;Mitre 7363;Rosario de la Cruz;Chaco;paulatorres@correo.com;27;11112395
Luis;Díaz;Mitre 8849;25 de Mayo;Córdoba;luisdiaz@correo.com;26;32931654
Tomas;Giménez;Pueyrredón 3761;25 de Mayo;Mendoza;tomasgimenez@correo.com;24;36880440
Agustín;Pérez;Rivadavia 1544;25 de Mayo;Mendoza;agustinperez@correo.com;30;43175791
Tomas;Ruiz;Belgrano 8861;Gral. Pico;Córdoba;tomasruiz@correo.com;37;39977131
Valeria;Medina;Urquiza 4584;Inmaculada Concepcion;Mendoza;valeriamedina@correo.com;48;16872202
Sara;Guzmán;Av. San Martín 3034;Rosario de la Cruz;Córdoba;saraguzman@correo.com;23;36171525
Santiago;Ramírez;Mitre 3505;Inmaculada Concepcion;Chaco;santiagoramirez@correo.com;60;40903927
Martina;Díaz;Urquiza 3084;San Martin;Entre Ríos;martinadiaz@correo.com;80;36612106
Lucas;Aguirre;Pueyrredón 4975;Capitan Mendoza;Neuquén;lucasaguirre@correo.com;71;25337772
Camila;Gómez;Urquiza 837;Palermo;Mendoza;camilagomez@correo.com;18;44846992
Ana;Romero;Av. de Mayo 1890;Capitan Mendoza;Córdoba;anaromero@correo.com;63;25688660
María;Silva;Pueyrredón 6188;9 de Julio;Salta;mariasilva@correo.com;68;27486896
Nicolás;Acosta;Sarmiento 7460;Rosario de la Cruz;Salta;nicolasacosta@correo.com;23;32322532
Carlos;Torres;Lavalle 2786;Inmaculada Concepcion;Santa Fe;carlostorres@correo.com;46;17337756
Martina;Álvarez;Lavalle 1067;Inmaculada Concepcion;Salta;martinaalvarez@correo.com;81;33479426
Sara;Ramírez;Alvear 6630;Capitan Mendoza;Córdoba;sararamirez@correo.com;70;26881680
Ana;Molina;Belgrano 2909;Inmaculada Concepcion;Entre Ríos;anamolina@correo.com;82;23287531
Lucas;Álvarez;Pueyrredón 3807;Inmaculada Concepcion;Chaco;lucasalvarez@correo.com;71;25061176
Ana;Castro;Alvear 3483;La Palta;Mendoza;anacastro@correo.com;30;20502825
Gabriel;Torres;Av. de Mayo 4350;Gral. Pico;Neuquén;gabrieltorres@correo.com;40;20040918
Santiago;Castro;Av. San Martín 8848;San Martin;Santa Fe;santiagocastro@correo.com;68;15127801
Sofía;Benítez;Alvear 3214;La Palta;Córdoba;sofiabenitez@correo.com;24;14760726
Isabella;Benítez;Alvear 2751;25 de Mayo;Misiones;isabellabenitez@correo.com;83;33242639
Santiago;García;Pueyrredón 2727;Palermo;Chaco;santiagogarcia@correo.com;54;39010156
Luis;Benítez;Belgrano 6094;San Martin;Mendoza;luisbenitez@correo.com;24;28533656
Isabella;González;Sarmiento 4637;Gral. Pico;Neuquén;isabellagonzalez@correo.com;54;16935339
Ezequiel;Álvarez;Lavalle 2219;9 de Julio;Neuquén;ezequielalvarez@correo.com;63;30872952
Gabriel;Herrera;Alvear 754;La Palta;Santa Fe;gabrielherrera@correo.com;41;25824922
Mateo;Pérez;Urquiza 2964;Palermo;Salta;mateoperez@correo.com;47;35600948
Elena;Álvarez;Urquiza 2440;25 de Mayo;Neuquén;elenaalvarez@correo.com;30;31726166
Isabella;Peralta;Belgrano 4409;Rosario de la Cruz;Córdoba;isabellaperalta@correo.com;25;26778519
Ignacio;Silva;Sarmiento 7561;Inmaculada Concepcion;Misiones;ignaciosilva@correo.com;69;16985537
Victoria;Sosa;Alvear 4998;Palermo;Entre Ríos;victoriasosa@correo.com;79;43614509
Mateo;Silva;Urquiza 1511;25 de Mayo;Mendoza;mateosilva@correo.com;20;17065039
Ana;Benítez;Belgrano 2085;Inmaculada Concepcion;Entre Ríos;anabenitez@correo.com;83;28083844
Valeria;García;Rivadavia 1563;San Martin;Neuquén;valeriagarcia@correo.com;39;34099924
Diego;Vidal;Sarmiento 3378;25 de Mayo;Salta;diegovidal@correo.com;60;29625956
Natalia;Molina;Lavalle 1857;San Martin;Buenos Aires;nataliamolina@correo.com;20;30770186
Isabella;Rojas;Belgrano 32;San Martin;Salta;isabellarojas@correo.com;66;27820049
Ana;Peralta;Alvear 5188;Rosario de la Cruz;Misiones;anaperalta@correo.com;76;21914388
Lucía;Sosa;Av. de Mayo 297;Inmaculada Concepcion;Mendoza;luciasosa@correo.com;65;39604181
Isabella;Castro;Av. San Martín 8401;La Palta;Mendoza;isabellacastro@correo.com;79;31383942
Agustín;López;Belgrano 8393;La Palta;Salta;agustinlopez@correo.com;74;29096401
Carlos;Guzmán;Pueyrredón 2409;San Martin;Chaco;carlosguzman@correo.com;74;13568990
Daniela;Medina;Lavalle 3089;San Miguel;Neuquén;danielamedina@correo.com;74;17367676
Paula;Ruiz;Av. de Mayo 7462;Capitan Mendoza;Salta;paularuiz@correo.com;74;27044837
Abril;Rojas;Alvear 3830;25 de Mayo;Mendoza;abrilrojas@correo.com;58;16606082
Isabella;González;Urquiza 7891;25 de Mayo;Entre Ríos;isabellagonzalez@correo.com;23;23671753
Javier;Gómez;Sarmiento 3703;Inmaculada Concepcion;Tucumán;javiergomez@correo.com;31;18984428
Joaquín;Acosta;Alvear 1653;San Martin;Mendoza;joaquinacosta@correo.com;78;12050309
Santiago;Flores;Alvear 7089;Rosario de la Cruz;Córdoba;santiagoflores@correo.com;39;17198791
Gonzalo;Acosta;Rivadavia 2643;Gral. Pico;Misiones;gonzaloacosta@correo.com;36;21569737
Isabella;Medina;Pueyrredón 1750;9 de Julio;Tucumán;isabellamedina@correo.com;63;21341243
Daniela;Torres;Urquiza 4307;Rosario de la Cruz;Salta;danielatorres@correo.com;74;14951788
Paula;Álvarez;Pueyrredón 6144;9 de Julio;Neuquén;paulaalvarez@correo.com;74;35122044
Ignacio;Rojas;Av. de Mayo 5116;San Martin;Córdoba;ignaciorojas@correo.com;25;32339580
Sofía;Ruiz;Mitre 2818;Gral. Pico;Córdoba;sofiaruiz@correo.com;34;19830248
Gabriel;Vidal;Av. San Martín 3253;La Palta;Tucumán;gabrielvidal@correo.com;68;30667736
Joaquín;López;Mitre 1664;San Miguel;Salta;joaquinlopez@correo.com;55;43711763
Nicolás;Díaz;Urquiza 9135;9 de Julio;Buenos Aires;nicolasdiaz@correo.com;22;24141246
Joaquín;García;Av. de Mayo 8389;La Palta;Córdoba;joaquingarcia@correo.com;43;35448317
Sofía;González;Pueyrredón 1032;San Martin;Chaco;sofiagonzalez@correo.com;61;41936388
Sofía;Gómez;Urquiza 1779;Rosario de la Cruz;Tucumán;sofiagomez@correo.com;41;28882842
María;Giménez;Rivadavia 5079;9 de Julio;Misiones;mariagimenez@correo.com;65;25418218
Ezequiel;Gómez;Pueyrredón 597;San Miguel;Chaco;ezequielgomez@correo.com;32;23712454
Gabriel;Giménez;Rivadavia 5477;San Miguel;Buenos Aires;gabrielgimenez@correo.com;30;26756958
Abril;Gómez;Belgrano 1473;San Miguel;Córdoba;abrilgomez@correo.com;48;38206528
Sofía;Ramírez;Rivadavia 7475;La Palta;Salta;sofiaramirez@correo.com;57;36825444
Valeria;Ruiz;Rivadavia 3774;25 de Mayo;Mendoza;valeriaruiz@correo.com;71;46695105
Martina;Pérez;Alvear 1997;9 de Julio;Buenos Aires;martinaperez@correo.com;47;34805199
Natalia;Castro;Pueyrredón 9231;25 de Mayo;Santa Fe;nataliacastro@correo.com;69;41254290
Mateo;Díaz;Urquiza 6319;San Miguel;Santa Fe;mateodiaz@correo.com;24;38634154
Agustín;Flores;Alvear 7497;Gral. Pico;Misiones;agustinflores@correo.com;47;11664783
Ezequiel;Torres;Av. San Martín 8824;Gral. Pico;Tucumán;ezequieltorres@correo.com;38;35284319
Agustín;López;Belgrano 690;Capitan Mendoza;Salta;agustinlopez@correo.com;38;12979148
Isabella;Benítez;Mitre 9994;Rosario de la Cruz;Santa Fe;isabellabenitez@correo.com;30;42171660
Camila;Acosta;Av. San Martín 2253;25 de Mayo;Mendoza;camilaacosta@correo.com;38;16918620
Abril;Fernández;Rivadavia 8642;Palermo;Córdoba;abrilfernandez@correo.com;73;44547363
Abril;Vidal;Belgrano 5150;San Martin;Tucumán;abrilvidal@correo.com;73;27834910
Lucía;Rojas;Rivadavia 7041;La Palta;Salta;luciarojas@correo.com;22;45778221
Sofía;Medina;Lavalle 5221;San Miguel;Córdoba;sofiamedina@correo.com;47;16295853
Elena;Gómez;Av. San Martín 9372;San Miguel;Salta;elenagomez@correo.com;43;14210140
Joaquín;Álvarez;Lavalle 3783;Capitan Mendoza;Santa Fe;joaquinalvarez@correo.com;26;32003723
Natalia;Díaz;Lavalle 8209;Gral. Pico;Salta;nataliadiaz@correo.com;37;27510013
Valeria;Sánchez;Lavalle 7609;Inmaculada Concepcion;Salta;valeriasanchez@correo.com;58;36147184
Ezequiel;González;Belgrano 3257;Gral. Pico;Córdoba;ezequielgonzalez@correo.com;79;15040515
Natalia;Ruiz;Urquiza 5115;San Martin;Neuquén;nataliaruiz@correo.com;49;19601964
Valeria;Aguirre;Sarmiento 8907;Inmaculada Concepcion;Santa Fe;valeriaaguirre@correo.com;45;18623668
Elena;Fernández;Alvear 8696;Inmaculada Concepcion;Chaco;elenafernandez@correo.com;26;22244329
Natalia;Torres;Alvear 5898;25 de Mayo;Córdoba;nataliatorres@correo.com;76;41639428
Mateo;Romero;Av. de Mayo 4340;Palermo;Salta;mateoromero@correo.com;61;44551559
Javier;Martínez;Alvear 4231;La Palta;Mendoza;javiermartinez@correo.com;23;44290059
Isabella;Ruiz;Av. de Mayo 8419;San Miguel;Buenos Aires;isabellaruiz@correo.com;26;13186975
Abril;Medina;Urquiza 5495;Capitan Mendoza;Misiones;abrilmedina@correo.com;51;22288233
Gabriel;Medina;Pueyrredón 1312;Palermo;Tucumán;gabrielmedina@correo.com;66;36049741
Tomas;Romero;Lavalle 9936;San Miguel;Buenos Aires;tomasromero@correo.com;33;44936310
Nicolás;Gómez;Sarmiento 6219;Inmaculada Concepcion;Tucumán;nicolasgomez@correo.com;33;43530923
Lucas;González;Av. de Mayo 2677;La Palta;Córdoba;lucasgonzalez@correo.com;82;15598186
Gabriel;Benítez;Alvear 1049;Rosario de la Cruz;Chaco;gabrielbenitez@correo.com;38;22158352
Natalia;González;Av. San Martín 7665;San Miguel;Tucumán;nataliagonzalez@correo.com;35;18426693
Nicolás;Giménez;Av. de Mayo 8835;Inmaculada Concepcion;Misiones;nicolasgimenez@correo.com;48;32949273
Victoria;Herrera;Urquiza 112;Capitan Mendoza;Santa Fe;victoriaherrera@correo.com;80;43337216
Isabella;Molina;Alvear 9722;Rosario de la Cruz;Neuquén;isabellamolina@correo.com;75;27138823
Agustín;Flores;Alvear 2975;Capitan Mendoza;Tucumán;agustinflores@correo.com;19;45324452
Ignacio;Aguirre;Av. de Mayo 3955;Capitan Mendoza;Tucumán;ignacioaguirre@correo.com;25;27872607
Diego;Herrera;Mitre 6844;Capitan Mendoza;Chaco;diegoherrera@correo.com;55;29213411
Diego;Flores;Belgrano 2804;9 de Julio;Santa Fe;diegoflores@correo.com;22;45172280
Tomas;Vidal;Lavalle 4606;9 de Julio;Tucumán;tomasvidal@correo.com;42;28914789
Natalia;Peralta;Urquiza 3766;La Palta;Santa Fe;nataliaperalta@correo.com;72;18345614
Tomas;Sosa;Alvear 2860;San Miguel;Córdoba;tomassosa@correo.com;62;38895837
Sofía;Álvarez;Av. de Mayo 3805;La Palta;Santa Fe;sofiaalvarez@correo.com;44;16764858
Luis;García;Lavalle 974;La Palta;Buenos Aires;luisgarcia@correo.com;84;25325938
Isabella;Flores;Lavalle 9867;La Palta;Buenos Aires;isabellaflores@correo.com;80;11446920
María;Álvarez;Av. San Martín 1461;Rosario de la Cruz;Mendoza;mariaalvarez@correo.com;40;15227351
Camila;Sosa;Lavalle 6272;San Martin;Tucumán;camilasosa@correo.com;38;12611758
Lucía;Molina;Lavalle 396;Inmaculada Concepcion;Tucumán;luciamolina@correo.com;25;29011426
Javier;Gómez;Pueyrredón 952;Inmaculada Concepcion;Buenos Aires;javiergomez@correo.com;60;30485388
Ana;Benítez;Av. San Martín 6710;Gral. Pico;Córdoba;anabenitez@correo.com;23;44448312
Joaquín;Gómez;Rivadavia 9917;La Palta;Buenos Aires;joaquingomez@correo.com;20;14290519
Martina;Rojas;Av. San Martín 8836;Gral. Pico;Tucumán;martinarojas@correo.com;82;36028323
Tomas;Ramírez;Belgrano 7017;Rosario de la Cruz;Misiones;tomasramirez@correo.com;36;24600143
Daniela;Sánchez;Mitre 5249;Rosario de la Cruz;Santa Fe;danielasanchez@correo.com;78;14919896
Santiago;Gómez;Lavalle 4850;9 de Julio;Misiones;santiagogomez@correo.com;54;26319319
Tomas;Benítez;Lavalle 4865;Gral. Pico;Mendoza;tomasbenitez@correo.com;84;39882723
Diego;Rodríguez;Rivadavia 121;San Miguel;Córdoba;diegorodriguez@correo.com;24;27425213
Mateo;Silva;Av. San Martín 2579;Inmaculada Concepcion;Salta;mateosilva@correo.com;57;31866174
Gonzalo;Rojas;Belgrano 6983;25 de Mayo;Santa Fe;gonzalorojas@correo.com;84;19842547
Isabella;Molina;Lavalle 63;Inmaculada Concepcion;Misiones;isabellamolina@correo.com;84;15591174
Valeria;Acosta;Rivadavia 8260;Gral. Pico;Santa Fe;valeriaacosta@correo.com;68;42504702
Nicolás;Giménez;Lavalle 6202;Inmaculada Concepcion;Buenos Aires;nicolasgimenez@correo.com;69;13996962
Sofía;Herrera;Lavalle 3982;Palermo;Santa Fe;sofiaherrera@correo.com;26;25931948
Luis;Peralta;Av. San Martín 201;Gral. Pico;Buenos Aires;luisperalta@correo.com;75;33534583
Agustín;Ramírez;Av. de Mayo 2693;Inmaculada Concepcion;Misiones;agustinramirez@correo.com;50;25145534
Ana;Sosa;Rivadavia 1672;La Palta;Buenos Aires;anasosa@correo.com;21;11408710
Luis;Medina;Alvear 7232;Rosario de la Cruz;Salta;luismedina@correo.com;66;11270599
Isabella;Peralta;Sarmiento 9066;25 de Mayo;Buenos Aires;isabellaperalta@correo.com;37;23978515
Daniela;Guzmán;Belgrano 6044;9 de Julio;Salta;danielaguzman@correo.com;54;22644755
Ezequiel;Giménez;Rivadavia 8431;Inmaculada Concepcion;Tucumán;ezequielgimenez@correo.com;56;41075934
Abril;Ruiz;Belgrano 2108;San Martin;Chaco;abrilruiz@correo.com;67;22911035
Nicolás;Benítez;Av. de Mayo 5170;Capitan Mendoza;Mendoza;nicolasbenitez@correo.com;38;45017893
Ana;García;Rivadavia 7364;Gral. Pico;Córdoba;anagarcia@correo.com;52;24903031
Camila;Rodríguez;Urquiza 3821;Capitan Mendoza;Tucumán;camilarodriguez@correo.com;77;27191760
Valeria;Romero;Sarmiento 1333;Capitan Mendoza;Chaco;valeriaromero@correo.com;49;20471082
Martina;Acosta;Mitre 9769;9 de Julio;Chaco;martinaacosta@correo.com;44;16042978
Carlos;Sánchez;Mitre 3651;San Miguel;Santa Fe;carlossanchez@correo.com;74;32965620
Lucas;Álvarez;Rivadavia 971;La Palta;Santa Fe;lucasalvarez@correo.com;58;34557839
Natalia;Guzmán;Pueyrredón 1033;Palermo;Misiones;nataliaguzman@correo.com;50;20990153
Ezequiel;Giménez;Mitre 253;San Martin;Entre Ríos;ezequielgimenez@correo.com;71;28155589
Lucas;Benítez;Av. de Mayo 2343;Palermo;Buenos Aires;lucasbenitez@correo.com;63;32010659
Mateo;Ramírez;Rivadavia 6406;Palermo;Mendoza;mateoramirez@correo.com;46;29406631
Isabella;Rodríguez;Rivadavia 4292;Capitan Mendoza;Chaco;isabellarodriguez@correo.com;24;47885318
Sofía;González;Alvear 8479;25 de Mayo;Córdoba;sofiagonzalez@correo.com;81;36890449
Camila;Torres;Urquiza 2218;La Palta;Mendoza;camilatorres@correo.com;53;23613501
Martina;Martínez;Lavalle 9179;Inmaculada Concepcion;Salta;martinamartinez@correo.com;43;38066090
Carlos;Vidal;Belgrano 4533;25 de Mayo;Córdoba;carlosvidal@correo.com;29;46314903
Ana;Herrera;Sarmiento 9557;Gral. Pico;Tucumán;anaherrera@correo.com;44;17283416
Carlos;Castro;Lavalle 2471;La Palta;Entre Ríos;carloscastro@correo.com;80;30181581
Gonzalo;González;Sarmiento 9234;Inmaculada Concepcion;Buenos Aires;gonzalogonzalez@correo.com;21;36336383
Lucía;García;Lavalle 6946;25 de Mayo;Córdoba;luciagarcia@correo.com;33;20661489
Abril;López;Pueyrredón 2038;San Miguel;Salta;abrillopez@correo.com;29;19116605
Paula;López;Sarmiento 7692;Capitan Mendoza;Tucumán;paulalopez@correo.com;71;13429734
Mateo;Sánchez;Lavalle 8851;La Palta;Misiones;mateosanchez@correo.com;28;36265183
Nicolás;Pérez;Lavalle 8454;San Miguel;Chaco;nicolasperez@correo.com;55;14928711
Martina;Ruiz;Alvear 2706;Inmaculada Concepcion;Tucumán;martinaruiz@correo.com;47;29580714
Camila;López;Sarmiento 7715;Rosario de la Cruz;Mendoza;camilalopez@correo.com;32;37427881
Martina;Ruiz;Alvear 7201;Gral. Pico;Buenos Aires;martinaruiz@correo.com;23;17276926
Santiago;Fernández;Mitre 3232;9 de Julio;Córdoba;santiagofernandez@correo.com;62;25994229
Tomas;Acosta;Pueyrredón 2556;Palermo;Córdoba;tomasacosta@correo.com;48;44525391
Javier;Álvarez;Belgrano 6840;25 de Mayo;Santa Fe;javieralvarez@correo.com;46;23354854
Lucía;Flores;Rivadavia 9504;San Miguel;Misiones;luciaflores@correo.com;72;38081254
Lucas;Vidal;Urquiza 6603;San Martin;Tucumán;lucasvidal@correo.com;52;46690669
Tomas;Ruiz;Urquiza 9305;Gral. Pico;Buenos Aires;tomasruiz@correo.com;72;47710516
Daniela;Pérez;Mitre 1291;San Martin;Salta;danielaperez@correo.com;66;46832267
María;Torres;Urquiza 6367;La Palta;Neuquén;mariatorres@correo.com;62;24454177
Daniela;Rojas;Lavalle 5068;Palermo;Neuquén;danielarojas@correo.com;82;44983353
Martina;Ruiz;Alvear 8117;Rosario de la Cruz;Santa Fe;martinaruiz@correo.com;53;28207521
Diego;Díaz;Rivadavia 8208;Gral. Pico;Entre Ríos;diegodiaz@correo.com;67;31983931
Santiago;Fernández;Alvear 2414;Capitan Mendoza;Chaco;santiagofernandez@correo.com;53;47932205
Victoria;López;Alvear 6301;Gral. Pico;Misiones;victorialopez@correo.com;41;26508647
Luis;Peralta;Mitre 1861;San Martin;Chaco;luisperalta@correo.com;72;37378834
Ezequiel;Molina;Lavalle 2124;Gral. Pico;Córdoba;ezequielmolina@correo.com;32;11764471
Abril;Silva;Av. San Martín 9457;San Miguel;Chaco;abrilsilva@correo.com;77;39010332
Mateo;Molina;Rivadavia 2252;9 de Julio;Buenos Aires;mateomolina@correo.com;18;21048810
Agustín;Acosta;Alvear 6725;Rosario de la Cruz;Tucumán;agustinacosta@correo.com;24;38312287
Sofía;Gómez;Mitre 5735;Capitan Mendoza;Santa Fe;sofiagomez@correo.com;77;20209985
Tomas;Díaz;Mitre 5090;La Palta;Entre Ríos;tomasdiaz@correo.com;56;24417068
Daniela;Martínez;Rivadavia 9623;9 de Julio;Chaco;danielamartinez@correo.com;21;27813062
Diego;González;Pueyrredón 8795;San Miguel;Chaco;diegogonzalez@correo.com;71;14162321
Ezequiel;Acosta;Belgrano 4485;Rosario de la Cruz;Misiones;ezequielacosta@correo.com;32;18151632
Camila;Vidal;Sarmiento 2223;Palermo;Chaco;camilavidal@correo.com;77;45372470
Mateo;Ruiz;Mitre 9542;Palermo;Córdoba;mateoruiz@correo.com;72;27029453
Diego;Álvarez;Urquiza 2690;Capitan Mendoza;Córdoba;diegoalvarez@correo.com;69;22389702
Ana;García;Lavalle 2650;Rosario de la Cruz;Mendoza;anagarcia@correo.com;53;38086675
Gabriel;López;Av. San Martín 7806;San Miguel;Neuquén;gabriellopez@correo.com;81;35021561
Javier;Ramírez;Mitre 4794;25 de Mayo;Chaco;javierramirez@correo.com;45;46976567
Victoria;Molina;Mitre 7798;Inmaculada Concepcion;Entre Ríos;victoriamolina@correo.com;21;36200453
Javier;Giménez;Av. San Martín 1920;La Palta;Salta;javiergimenez@correo.com;81;30679989
Ezequiel;Gómez;Sarmiento 8010;Gral. Pico;Tucumán;ezequielgomez@correo.com;37;33024404
Santiago;López;Pueyrredón 8479;9 de Julio;Misiones;santiagolopez@correo.com;64;37004531
Carlos;García;Av. San Martín 2557;Palermo;Misiones;carlosgarcia@correo.com;48;20595454
Santiago;Sosa;Mitre 2457;Gral. Pico;Entre Ríos;santiagososa@correo.com;61;21592692
Lucía;Silva;Av. de Mayo 2078;San Miguel;Neuquén;luciasilva@correo.com;70;41096903
Javier;Torres;Av. de Mayo 8138;9 de Julio;Buenos Aires;javiertorres@correo.com;62;25033218
Nicolás;Ruiz;Belgrano 8806;Rosario de la Cruz;Santa Fe;nicolasruiz@correo.com;40;41362092
Natalia;Medina;Lavalle 9035;Rosario de la Cruz;Misiones;nataliamedina@correo.com;56;11849398
Natalia;Díaz;Alvear 952;San Martin;Salta;nataliadiaz@correo.com;56;13600255
Victoria;Molina;Belgrano 4289;Inmaculada Concepcion;Santa Fe;victoriamolina@correo.com;74;34264603
Tomas;González;Av. San Martín 9029;San Martin;Entre Ríos;tomasgonzalez@correo.com;55;18533678
Santiago;Vidal;Pueyrredón 4257;9 de Julio;Santa Fe;santiagovidal@correo.com;40;34651280
Daniela;Díaz;Rivadavia 2813;Rosario de la Cruz;Chaco;danieladiaz@correo.com;47;45033375
Lucas;García;Av. San Martín 5363;Gral. Pico;Misiones;lucasgarcia@correo.com;59;38809817
Gonzalo;Giménez;Pueyrredón 2856;Rosario de la Cruz;Chaco;gonzalogimenez@correo.com;55;41069733
Sofía;Acosta;Sarmiento 1874;Rosario de la Cruz;Santa Fe;sofiaacosta@correo.com;67;34710643
Martina;Flores;Sarmiento 6100;La Palta;Mendoza;martinaflores@correo.com;80;32925862
Joaquín;Gómez;Sarmiento 1323;Inmaculada Concepcion;Salta;joaquingomez@correo.com;47;25933702
Lucía;Torres;Av. de Mayo 8698;9 de Julio;Mendoza;luciatorres@correo.com;67;25709791
Tomas;Rojas;Alvear 2428;Gral. Pico;Buenos Aires;tomasrojas@correo.com;71;44076111
Diego;Romero;Mitre 9167;Inmaculada Concepcion;Salta;diegoromero@correo.com;61;37860154
Paula;López;Belgrano 2871;Gral. Pico;Misiones;paulalopez@correo.com;55;45324924
Camila;Fernández;Sarmiento 1;25 de Mayo;Tucumán;camilafernandez@correo.com;38;12758965
Lucía;Gómez;Belgrano 5705;25 de Mayo;Buenos Aires;luciagomez@correo.com;35;40364854
Gabriel;Flores;Pueyrredón 3221;25 de Mayo;Salta;gabrielflores@correo.com;74;31581449
Martina;Ruiz;Mitre 430;9 de Julio;Chaco;martinaruiz@correo.com;44;12844507
Gonzalo;Fernández;Alvear 9746;Capitan Mendoza;Mendoza;gonzalofernandez@correo.com;24;40479627
Abril;Gómez;Av. San Martín 5803;La Palta;Misiones;abrilgomez@correo.com;42;44773794
Valeria;Martínez;Urquiza 8290;La Palta;Salta;valeriamartinez@correo.com;74;15768365
Luis;Álvarez;Av. San Martín 1904;9 de Julio;Salta;luisalvarez@correo.com;60;17497746
Tomas;Sánchez;Lavalle 4238;Rosario de la Cruz;Neuquén;tomassanchez@correo.com;50;27833052
Ignacio;Silva;Av. de Mayo 4178;La Palta;Mendoza;ignaciosilva@correo.com;30;42619366
Camila;Martínez;Belgrano 3746;Gral. Pico;Chaco;camilamartinez@correo.com;39;25927295
Sofía;Flores;Av. de Mayo 5821;Palermo;Mendoza;sofiaflores@correo.com;21;36556998
Camila;Martínez;Av. de Mayo 6615;25 de Mayo;Salta;camilamartinez@correo.com;42;33342875
Nicolás;Martínez;Pueyrredón 8325;Palermo;Mendoza;nicolasmartinez@correo.com;34;38169888
Elena;Ramírez;Belgrano 9015;Palermo;Córdoba;elenaramirez@correo.com;60;26182328
Gabriel;Rodríguez;Av. de Mayo 6708;Rosario de la Cruz;Salta;gabrielrodriguez@correo.com;35;23832237
Ignacio;Rojas;Urquiza 1626;La Palta;Misiones;ignaciorojas@correo.com;69;26035037
Joaquín;Martínez;Av. San Martín 689;25 de Mayo;Entre Ríos;joaquinmartinez@correo.com;76;30188830
Camila;Ramírez;Av. San Martín 6405;9 de Julio;Tucumán;camilaramirez@correo.com;41;14196353
Daniela;Flores;Lavalle 9413;Capitan Mendoza;Tucumán;danielaflores@correo.com;33;14420672
Agustín;Ramírez;Av. San Martín 5830;25 de Mayo;Córdoba;agustinramirez@correo.com;78;27403780
Victoria;Medina;Pueyrredón 933;San Martin;Neuquén;victoriamedina@correo.com;69;35323490
Tomas;Benítez;Belgrano 4238;Gral. Pico;Misiones;tomasbenitez@correo.com;77;42561022
Sofía;Herrera;Av. de Mayo 7090;La Palta;Entre Ríos;sofiaherrera@correo.com;44;28064356
Sofía;Martínez;Urquiza 163;San Martin;Santa Fe;sofiamartinez@correo.com;79;27798697
Diego;Flores;Lavalle 6460;9 de Julio;Córdoba;diegoflores@correo.com;28;41389528
Victoria;Herrera;Lavalle 5624;Capitan Mendoza;Santa Fe;victoriaherrera@correo.com;24;15397099
Joaquín;González;Urquiza 6034;La Palta;Chaco;joaquingonzalez@correo.com;28;23226080
Isabella;Benítez;Av. San Martín 2164;Rosario de la Cruz;Salta;isabellabenitez@correo.com;59;20038157
Gabriel;Ruiz;Av. San Martín 9627;San Miguel;Neuquén;gabrielruiz@correo.com;27;30694254
Sofía;Guzmán;Sarmiento 1253;La Palta;Misiones;sofiaguzman@correo.com;40;28800529
Gonzalo;Gómez;Lavalle 5287;Capitan Mendoza;Córdoba;gonzalogomez@correo.com;84;32879859
Javier;Pérez;Pueyrredón 8206;San Martin;Chaco;javierperez@correo.com;30;42400304
Santiago;Medina;Pueyrredón 9121;9 de Julio;Santa Fe;santiagomedina@correo.com;63;22785054
Santiago;García;Rivadavia 8732;San Martin;Misiones;santiagogarcia@correo.com;47;30674835
Lucas;Díaz;Lavalle 2353;Capitan Mendoza;Buenos Aires;lucasdiaz@correo.com;28;47048754
Gabriel;Molina;Rivadavia 1450;Rosario de la Cruz;Mendoza;gabrielmolina@correo.com;81;37641714
Agustín;Díaz;Belgrano 4314;San Martin;Salta;agustindiaz@correo.com;81;22011227
Abril;Ruiz;Pueyrredón 5046;Rosario de la Cruz;Neuquén;abrilruiz@correo.com;66;30673478
Diego;Pérez;Rivadavia 779;Capitan Mendoza;Córdoba;diegoperez@correo.com;41;47168152
Gabriel;Torres;Av. San Martín 6797;Inmaculada Concepcion;Tucumán;gabrieltorres@correo.com;20;37838845
María;García;Av. San Martín 6259;Capitan Mendoza;Misiones;mariagarcia@correo.com;78;12240049
Santiago;Sosa;Av. de Mayo 3021;San Martin;Buenos Aires;santiagososa@correo.com;82;43012940
Carlos;López;Pueyrredón 36;Gral. Pico;Neuquén;carloslopez@correo.com;48;41833092
Camila;Vidal;Mitre 981;Capitan Mendoza;Córdoba;camilavidal@correo.com;67;24085664
Martina;Rojas;Alvear 1490;25 de Mayo;Misiones;martinarojas@correo.com;73;36700304
Joaquín;Rodríguez;Belgrano 9401;25 de Mayo;Entre Ríos;joaquinrodriguez@correo.com;70;42877582
Ezequiel;Rodríguez;Mitre 5795;9 de Julio;Misiones;ezequielrodriguez@correo.com;44;44391399
Paula;Silva;Alvear 3659;Palermo;Santa Fe;paulasilva@correo.com;82;41537501
Santiago;Molina;Av. San Martín 3173;Rosario de la Cruz;Misiones;santiagomolina@correo.com;61;39125872
Isabella;Rojas;Alvear 1061;Capitan Mendoza;Santa Fe;isabellarojas@correo.com;45;21730331
Abril;Castro;Pueyrredón 7411;San Miguel;Entre Ríos;abrilcastro@correo.com;66;26970856
Ezequiel;Romero;Av. de Mayo 8687;Inmaculada Concepcion;Neuquén;ezequielromero@correo.com;22;45935876
Elena;Ruiz;Pueyrredón 4465;Capitan Mendoza;Córdoba;elenaruiz@correo.com;73;14534155
María;Martínez;Urquiza 3074;Palermo;Neuquén;mariamartinez@correo.com;61;12440969
Paula;Romero;Pueyrredón 3678;Inmaculada Concepcion;Misiones;paularomero@correo.com;75;26367930
Paula;Aguirre;Lavalle 506;Inmaculada Concepcion;Santa Fe;paulaaguirre@correo.com;35;41371193
María;Romero;Sarmiento 3310;La Palta;Santa Fe;mariaromero@correo.com;74;47731751
Elena;Sosa;Av. San Martín 2291;Capitan Mendoza;Buenos Aires;elenasosa@correo.com;39;23666755
Sofía;Molina;Urquiza 3935;Palermo;Neuquén;sofiamolina@correo.com;38;15479524
Daniela;Ramírez;Belgrano 4406;Palermo;Misiones;danielaramirez@correo.com;50;43004024
Martina;Vidal;Av. de Mayo 6219;Gral. Pico;Salta;martinavidal@correo.com;46;37546400
Natalia;Díaz;Urquiza 1799;San Martin;Buenos Aires;nataliadiaz@correo.com;47;21563892
Joaquín;Medina;Lavalle 1602;Inmaculada Concepcion;Salta;joaquinmedina@correo.com;78;31595834
Tomas;Fernández;Av. San Martín 7805;La Palta;Tucumán;tomasfernandez@correo.com;20;36050800
Santiago;Aguirre;Alvear 2564;Capitan Mendoza;Santa Fe;santiagoaguirre@correo.com;35;24472405
Elena;Herrera;Sarmiento 3977;San Miguel;Misiones;elenaherrera@correo.com;35;43196706
Ignacio;López;Sarmiento 6272;Inmaculada Concepcion;Mendoza;ignaciolopez@correo.com;76;27655193
Isabella;Medina;Av. de Mayo 7730;Palermo;Salta;isabellamedina@correo.com;71;20838303
Javier;González;Alvear 1269;9 de Julio;Mendoza;javiergonzalez@correo.com;55;45060768
Abril;González;Rivadavia 3605;9 de Julio;Neuquén;abrilgonzalez@correo.com;74;28868621
Nicolás;Álvarez;Lavalle 1803;La Palta;Neuquén;nicolasalvarez@correo.com;48;38241161
Nicolás;Fernández;Av. de Mayo 264;Capitan Mendoza;Entre Ríos;nicolasfernandez@correo.com;22;47072314
Gonzalo;González;Pueyrredón 1056;San Miguel;Chaco;gonzalogonzalez@correo.com;31;13366957
Paula;Silva;Rivadavia 2636;Palermo;Santa Fe;paulasilva@correo.com;39;15738362
Valeria;Medina;Belgrano 919;Gral. Pico;Buenos Aires;valeriamedina@correo.com;33;18989581
Joaquín;Ruiz;Belgrano 6744;Gral. Pico;Mendoza;joaquinruiz@correo.com;19;11436124
Agustín;Vidal;Urquiza 9901;Capitan Mendoza;Mendoza;agustinvidal@correo.com;20;30138421
Camila;Vidal;Belgrano 9715;9 de Julio;Córdoba;camilavidal@correo.com;66;18218893
Luis;Ruiz;Sarmiento 4711;Capitan Mendoza;Mendoza;luisruiz@correo.com;31;26517616
Carlos;Pérez;Urquiza 6250;9 de Julio;Mendoza;carlosperez@correo.com;51;25768323
Santiago;López;Pueyrredón 6725;San Miguel;Entre Ríos;santiagolopez@correo.com;48;12663804
Agustín;González;Av. de Mayo 161;Rosario de la Cruz;Salta;agustingonzalez@correo.com;56;37928148
Gabriel;Sánchez;Alvear 3595;Capitan Mendoza;Córdoba;gabrielsanchez@correo.com;58;26040548
Lucas;Díaz;Mitre 475;25 de Mayo;Chaco;lucasdiaz@correo.com;73;17896704
Martina;Torres;Belgrano 4181;9 de Julio;Entre Ríos;martinatorres@correo.com;72;29091999
Carlos;Rojas;Alvear 7046;Inmaculada Concepcion;Salta;carlosrojas@correo.com;25;33230280
Carlos;García;Pueyrredón 9309;Rosario de la Cruz;Entre Ríos;carlosgarcia@correo.com;81;15280770
Victoria;Silva;Mitre 1208;Rosario de la Cruz;Tucumán;victoriasilva@correo.com;20;43404161
Daniela;Sánchez;Av. de Mayo 5944;9 de Julio;Tucumán;danielasanchez@correo.com;45;21738262
Elena;Flores;Sarmiento 3946;Palermo;Misiones;elenaflores@correo.com;68;22884841
Daniela;Aguirre;Belgrano 2228;San Martin;Neuquén;danielaaguirre@correo.com;19;20466478
Gabriel;Silva;Sarmiento 6304;Rosario de la Cruz;Buenos Aires;gabrielsilva@correo.com;74;33933881
Joaquín;Rojas;Rivadavia 2141;La Palta;Buenos Aires;joaquinrojas@correo.com;56;40517814
Isabella;Castro;Belgrano 9682;Rosario de la Cruz;Tucumán;isabellacastro@correo.com;63;31561716
Paula;Romero;Urquiza 7796;San Miguel;Entre Ríos;paularomero@correo.com;38;27170273
Nicolás;Medina;Pueyrredón 4899;9 de Julio;Buenos Aires;nicolasmedina@correo.com;41;15581441
María;Torres;Pueyrredón 9318;San Martin;Chaco;mariatorres@correo.com;50;12898379
Sara;Martínez;Av. de Mayo 1308;Palermo;Chaco;saramartinez@correo.com;84;42492036
Ignacio;Fernández;Av. de Mayo 7248;25 de Mayo;Córdoba;ignaciofernandez@correo.com;65;19712936
Natalia;Acosta;Mitre 1005;Inmaculada Concepcion;Córdoba;nataliaacosta@correo.com;24;41200335
Sofía;Flores;Alvear 6813;25 de Mayo;Misiones;sofiaflores@correo.com;45;40298636
Diego;González;Belgrano 9375;Rosario de la Cruz;Chaco;diegogonzalez@correo.com;72;47469276
Daniela;Flores;Alvear 1963;Palermo;Córdoba;danielaflores@correo.com;71;24589598
Abril;Pérez;Mitre 9362;9 de Julio;Buenos Aires;abrilperez@correo.com;63;13140189
María;Silva;Belgrano 6743;9 de Julio;Mendoza;mariasilva@correo.com;37;15214922
Paula;Díaz;Pueyrredón 1433;Gral. Pico;Córdoba;pauladiaz@correo.com;68;20555321
Carlos;Gómez;Lavalle 2054;Inmaculada Concepcion;Neuquén;carlosgomez@correo.com;48;31883335
Gonzalo;Herrera;Mitre 7936;Rosario de la Cruz;Salta;gonzaloherrera@correo.com;67;31452922
Javier;González;Urquiza 97;Rosario de la Cruz;Salta;javiergonzalez@correo.com;51;13629585
Paula;Castro;Lavalle 7337;9 de Julio;Misiones;paulacastro@correo.com;22;25891634
Gonzalo;Díaz;Av. de Mayo 9041;Rosario de la Cruz;Misiones;gonzalodiaz@correo.com;18;34130950
Carlos;Acosta;Alvear 6563;Palermo;Entre Ríos;carlosacosta@correo.com;23;24877037
Ezequiel;Sosa;Alvear 5705;La Palta;Córdoba;ezequielsosa@correo.com;30;40784834
Natalia;Peralta;Mitre 8636;9 de Julio;Buenos Aires;nataliaperalta@correo.com;50;27634749
Sara;Rodríguez;Belgrano 7407;Capitan Mendoza;Buenos Aires;sararodriguez@correo.com;82;17250443
Javier;Rojas;Pueyrredón 4048;Inmaculada Concepcion;Córdoba;javierrojas@correo.com;51;35686172
Abril;Herrera;Rivadavia 2366;25 de Mayo;Tucumán;abrilherrera@correo.com;26;12410902
Valeria;García;Urquiza 7905;Capitan Mendoza;Santa Fe;valeriagarcia@correo.com;80;21763483
Abril;Sánchez;Pueyrredón 1535;Rosario de la Cruz;Córdoba;abrilsanchez@correo.com;67;11670627
Abril;Rojas;Mitre 9272;Rosario de la Cruz;Tucumán;abrilrojas@correo.com;42;38948372
Luis;Álvarez;Av. San Martín 5619;Capitan Mendoza;Córdoba;luisalvarez@correo.com;21;21811258
Natalia;López;Belgrano 9059;San Martin;Mendoza;natalialopez@correo.com;37;27191391
Agustín;Silva;Av. de Mayo 8225;Palermo;Entre Ríos;agustinsilva@correo.com;24;20044497
Mateo;Torres;Urquiza 506;Capitan Mendoza;Salta;mateotorres@correo.com;65;42913093
Valeria;Díaz;Lavalle 39;San Martin;Tucumán;valeriadiaz@correo.com;42;21710697
Isabella;Guzmán;Pueyrredón 140;9 de Julio;Córdoba;isabellaguzman@correo.com;81;19422856
Luis;Molina;Rivadavia 1406;San Martin;Córdoba;luismolina@correo.com;55;24248254
Paula;Guzmán;Lavalle 4953;25 de Mayo;Misiones;paulaguzman@correo.com;40;16189578
Ana;González;Belgrano 3777;La Palta;Buenos Aires;anagonzalez@correo.com;63;39117132
Lucas;Sánchez;Av. San Martín 6169;San Miguel;Misiones;lucassanchez@correo.com;59;26023710
Isabella;Aguirre;Sarmiento 6586;San Miguel;Misiones;isabellaaguirre@correo.com;60;42584695
Natalia;Silva;Pueyrredón 77;9 de Julio;Tucumán;nataliasilva@correo.com;20;47900443
Sofía;Castro;Av. de Mayo 2876;Rosario de la Cruz;Misiones;sofiacastro@correo.com;84;32931470
Gonzalo;Pérez;Lavalle 7357;San Martin;Chaco;gonzaloperez@correo.com;77;41242280
Camila;Aguirre;Sarmiento 30;Capitan Mendoza;Salta;camilaaguirre@correo.com;65;37373799
Ezequiel;Rojas;Belgrano 6845;Palermo;Mendoza;ezequielrojas@correo.com;26;44247649
Paula;Medina;Urquiza 2752;25 de Mayo;Neuquén;paulamedina@correo.com;30;11413078
María;Castro;Lavalle 7770;San Martin;Entre Ríos;mariacastro@correo.com;28;33578378
Ignacio;Aguirre;Mitre 9947;25 de Mayo;Neuquén;ignacioaguirre@correo.com;46;45239039
Camila;Giménez;Belgrano 5481;La Palta;Salta;camilagimenez@correo.com;79;46214104
Ana;Rojas;Alvear 5331;San Martin;Córdoba;anarojas@correo.com;67;39161976
Daniela;Sánchez;Alvear 5179;Rosario de la Cruz;Buenos Aires;danielasanchez@correo.com;73;20732005
Daniela;Martínez;Pueyrredón 8424;9 de Julio;Santa Fe;danielamartinez@correo.com;46;28302423
Paula;Fernández;Mitre 2693;25 de Mayo;Entre Ríos;paulafernandez@correo.com;37;27851725
Lucas;Díaz;Rivadavia 6769;Gral. Pico;Tucumán;lucasdiaz@correo.com;58;13808788
Camila;López;Rivadavia 8050;Capitan Mendoza;Salta;camilalopez@correo.com;63;26348257
Elena;Aguirre;Alvear 9995;Rosario de la Cruz;Chaco;elenaaguirre@correo.com;47;15797549
Agustín;Giménez;Pueyrredón 4922;Capitan Mendoza;Mendoza;agustingimenez@correo.com;52;40340897
Diego;Rojas;Urquiza 8388;San Martin;Mendoza;diegorojas@correo.com;68;25744703
Lucía;Torres;Av. San Martín 1363;San Martin;Mendoza;luciatorres@correo.com;54;45306518
Nicolás;Molina;Rivadavia 2079;9 de Julio;Tucumán;nicolasmolina@correo.com;79;26071544
Ana;Ramírez;Pueyrredón 5910;9 de Julio;Entre Ríos;anaramirez@correo.com;28;32289360
Carlos;Guzmán;Alvear 662;Inmaculada Concepcion;Santa Fe;carlosguzman@correo.com;41;19000516
Joaquín;Benítez;Alvear 7848;La Palta;Chaco;joaquinbenitez@correo.com;31;30700004
Carlos;Pérez;Alvear 8507;Inmaculada Concepcion;Chaco;carlosperez@correo.com;36;47284933
Victoria;López;Av. de Mayo 8912;25 de Mayo;Santa Fe;victorialopez@correo.com;77;25257026
Daniela;Flores;Av. San Martín 3107;Rosario de la Cruz;Mendoza;danielaflores@correo.com;81;24966919
Ignacio;González;Sarmiento 1433;San Miguel;Mendoza;ignaciogonzalez@correo.com;57;15119126
Daniela;Vidal;Urquiza 7193;Capitan Mendoza;Chaco;danielavidal@correo.com;75;14625341
Ana;Benítez;Lavalle 172;25 de Mayo;Mendoza;anabenitez@correo.com;56;25380811
Isabella;Giménez;Av. de Mayo 6310;9 de Julio;Santa Fe;isabellagimenez@correo.com;25;47768167
Santiago;García;Lavalle 5838;Rosario de la Cruz;Misiones;santiagogarcia@correo.com;48;11757791
Santiago;Medina;Lavalle 2245;Inmaculada Concepcion;Salta;santiagomedina@correo.com;25;11890905
Sara;Romero;Rivadavia 4118;9 de Julio;Tucumán;sararomero@correo.com;64;20704916
Camila;Vidal;Belgrano 752;Capitan Mendoza;Tucumán;camilavidal@correo.com;77;40187238
Daniela;Fernández;Av. de Mayo 3753;San Miguel;Misiones;danielafernandez@correo.com;65;18236579
Nicolás;Vidal;Av. San Martín 3191;Palermo;Neuquén;nicolasvidal@correo.com;56;18732396
Nicolás;Sosa;Av. San Martín 5880;Gral. Pico;Entre Ríos;nicolassosa@correo.com;55;36188277
Valeria;Guzmán;Mitre 8401;Palermo;Entre Ríos;valeriaguzman@correo.com;83;17340785
Joaquín;Castro;Lavalle 5920;Capitan Mendoza;Córdoba;joaquincastro@correo.com;38;17355310
Ezequiel;Torres;Mitre 330;Gral. Pico;Córdoba;ezequieltorres@correo.com;28;17691131
Agustín;Flores;Sarmiento 2232;Capitan Mendoza;Chaco;agustinflores@correo.com;20;13802880
Nicolás;Guzmán;Sarmiento 5660;Inmaculada Concepcion;Entre Ríos;nicolasguzman@correo.com;34;39507465
Paula;Gómez;Rivadavia 8248;La Palta;Tucumán;paulagomez@correo.com;70;42512149
María;Molina;Pueyrredón 3784;San Miguel;Salta;mariamolina@correo.com;75;15650536
Javier;Acosta;Alvear 1875;9 de Julio;Mendoza;javieracosta@correo.com;67;35632043
Luis;Ruiz;Av. de Mayo 2678;Gral. Pico;Entre Ríos;luisruiz@correo.com;77;44532043
Nicolás;González;Sarmiento 8378;Palermo;Santa Fe;nicolasgonzalez@correo.com;81;46912478
Camila;Castro;Av. de Mayo 3503;Gral. Pico;Santa Fe;camilacastro@correo.com;25;31532366
Elena;Sánchez;Urquiza 5096;San Martin;Misiones;elenasanchez@correo.com;63;46222356
Martina;Sosa;Urquiza 5434;Capitan Mendoza;Buenos Aires;martinasosa@correo.com;71;26145434
Luis;Pérez;Alvear 5992;Palermo;Tucumán;luisperez@correo.com;77;34213575
Camila;Giménez;Av. de Mayo 2606;Inmaculada Concepcion;Córdoba;camilagimenez@correo.com;80;30116520
Lucas;Molina;Mitre 8367;La Palta;Mendoza;lucasmolina@correo.com;55;14306062
Carlos;Peralta;Av. de Mayo 5050;San Martin;Neuquén;carlosperalta@correo.com;37;38980171
Valeria;Torres;Mitre 8640;Inmaculada Concepcion;Mendoza;valeriatorres@correo.com;28;12294480
Camila;Rodríguez;Sarmiento 381;San Martin;Chaco;camilarodriguez@correo.com;24;40197702
Diego;Peralta;Pueyrredón 3714;San Martin;Córdoba;diegoperalta@correo.com;73;14632656
Gonzalo;Medina;Sarmiento 6866;25 de Mayo;Misiones;gonzalomedina@correo.com;28;39502433
Victoria;Ramírez;Alvear 2249;San Martin;Misiones;victoriaramirez@correo.com;67;23555343
Ana;Silva;Alvear 9041;Rosario de la Cruz;Misiones;anasilva@correo.com;24;47191260
Daniela;Benítez;Lavalle 6318;25 de Mayo;Córdoba;danielabenitez@correo.com;71;40310386
Gabriel;Rojas;Pueyrredón 6561;San Martin;Mendoza;gabrielrojas@correo.com;40;32378372
Sofía;Ramírez;Sarmiento 4117;San Martin;Santa Fe;sofiaramirez@correo.com;70;34918816
Luis;García;Lavalle 1905;Gral. Pico;Córdoba;luisgarcia@correo.com;61;40024279
Luis;García;Pueyrredón 3385;Capitan Mendoza;Mendoza;luisgarcia@correo.com;73;42861648
Gonzalo;Giménez;Belgrano 1504;Capitan Mendoza;Salta;gonzalogimenez@correo.com;62;32146435
María;Rodríguez;Lavalle 5079;Rosario de la Cruz;Neuquén;mariarodriguez@correo.com;70;31067281
Luis;Rojas;Alvear 2366;Rosario de la Cruz;Santa Fe;luisrojas@correo.com;22;31285309
Diego;Gómez;Sarmiento 1896;Rosario de la Cruz;Buenos Aires;diegogomez@correo.com;36;40076287
Abril;Martínez;Pueyrredón 6599;Inmaculada Concepcion;Neuquén;abrilmartinez@correo.com;75;35273534
Diego;Guzmán;Lavalle 9476;Palermo;Neuquén;diegoguzman@correo.com;67;45775532
Gabriel;Ramírez;Lavalle 8068;Capitan Mendoza;Buenos Aires;gabrielramirez@correo.com;19;36957671
Lucas;Romero;Urquiza 9099;La Palta;Mendoza;lucasromero@correo.com;37;44955828
Mateo;Vidal;Belgrano 3933;La Palta;Misiones;mateovidal@correo.com;73;13459128
Elena;Vidal;Belgrano 4050;9 de Julio;Misiones;elenavidal@correo.com;82;16278803
Natalia;Guzmán;Pueyrredón 1244;9 de Julio;Buenos Aires;nataliaguzman@correo.com;60;37342689
Diego;Martínez;Urquiza 8237;Capitan Mendoza;Córdoba;diegomartinez@correo.com;71;19406506
Abril;Silva;Alvear 6158;San Martin;Neuquén;abrilsilva@correo.com;47;11819287
Tomas;Benítez;Sarmiento 6818;Palermo;Buenos Aires;tomasbenitez@correo.com;54;30890688
Lucas;Castro;Mitre 973;Gral. Pico;Buenos Aires;lucascastro@correo.com;60;23856888
Daniela;Flores;Lavalle 8006;Palermo;Córdoba;danielaflores@correo.com;22;27840385
Luis;Silva;Urquiza 2483;9 de Julio;Córdoba;luissilva@correo.com;40;25349410
Nicolás;Flores;Av. San Martín 3185;Inmaculada Concepcion;Tucumán;nicolasflores@correo.com;53;18756441
Luis;Martínez;Rivadavia 2955;La Palta;Chaco;luismartinez@correo.com;20;43975203
Valeria;Ruiz;Sarmiento 6950;Palermo;Neuquén;valeriaruiz@correo.com;58;41174388
Tomas;Rojas;Sarmiento 5733;San Miguel;Salta;tomasrojas@correo.com;73;22870153
Tomas;Guzmán;Alvear 6286;Inmaculada Concepcion;Salta;tomasguzman@correo.com;35;18131672
Gabriel;Sosa;Belgrano 9410;Rosario de la Cruz;Buenos Aires;gabrielsosa@correo.com;53;22121917
Natalia;Gómez;Alvear 2264;La Palta;Entre Ríos;nataliagomez@correo.com;52;16950140
Gabriel;Álvarez;Urquiza 468;Palermo;Córdoba;gabrielalvarez@correo.com;37;44362969
Javier;Giménez;Sarmiento 4114;San Martin;Chaco;javiergimenez@correo.com;60;31358566
Mateo;Gómez;Alvear 2347;Palermo;Salta;mateogomez@correo.com;53;20556918
Joaquín;Peralta;Urquiza 7666;San Martin;Chaco;joaquinperalta@correo.com;52;34587699
Javier;Pérez;Sarmiento 418;Palermo;Córdoba;javierperez@correo.com;22;31357253
Abril;Sánchez;Urquiza 8063;Inmaculada Concepcion;Neuquén;abrilsanchez@correo.com;75;18568913
Ignacio;Rojas;Alvear 8648;Rosario de la Cruz;Buenos Aires;ignaciorojas@correo.com;74;41684076
Elena;Silva;Belgrano 810;Gral. Pico;Entre Ríos;elenasilva@correo.com;84;28056033
Abril;Rodríguez;Urquiza 8426;Rosario de la Cruz;Chaco;abrilrodriguez@correo.com;54;27640046
Elena;Álvarez;Av. San Martín 2271;San Miguel;Entre Ríos;elenaalvarez@correo.com;28;33735143
Nicolás;Flores;Lavalle 3390;9 de Julio;Neuquén;nicolasflores@correo.com;19;26278772
Santiago;Giménez;Lavalle 2751;9 de Julio;Buenos Aires;santiagogimenez@correo.com;63;22648704
Sara;Silva;Alvear 7932;San Miguel;Tucumán;sarasilva@correo.com;57;33935544
Martina;Acosta;Alvear 5792;Capitan Mendoza;Salta;martinaacosta@correo.com;25;39272974
Camila;Vidal;Pueyrredón 4317;Inmaculada Concepcion;Salta;camilavidal@correo.com;82;46333881
Valeria;Vidal;Sarmiento 958;9 de Julio;Mendoza;valeriavidal@correo.com;47;22390225
Ignacio;Castro;Sarmiento 2766;Capitan Mendoza;Entre Ríos;ignaciocastro@correo.com;68;16708219
Santiago;Silva;Pueyrredón 231;Inmaculada Concepcion;Córdoba;santiagosilva@correo.com;80;44670384
Ignacio;Aguirre;Rivadavia 9767;San Miguel;Buenos Aires;ignacioaguirre@correo.com;41;38953621
Daniela;Pérez;Rivadavia 5829;Inmaculada Concepcion;Córdoba;danielaperez@correo.com;46;40092756
Natalia;Rodríguez;Av. San Martín 2849;San Martin;Misiones;nataliarodriguez@correo.com;80;11974531
Victoria;Fernández;Belgrano 4215;Inmaculada Concepcion;Buenos Aires;victoriafernandez@correo.com;62;16855550
Camila;Torres;Rivadavia 99;La Palta;Buenos Aires;camilatorres@correo.com;81;16659183
Paula;Flores;Pueyrredón 6384;Inmaculada Concepcion;Entre Ríos;paulaflores@correo.com;52;14286726
Victoria;Peralta;Sarmiento 1459;Inmaculada Concepcion;Mendoza;victoriaperalta@correo.com;61;47732591
Ezequiel;Acosta;Urquiza 8199;San Martin;Misiones;ezequielacosta@correo.com;51;30660340
Agustín;Molina;Urquiza 5003;9 de Julio;Salta;agustinmolina@correo.com;33;20989902
Martina;Álvarez;Av. de Mayo 2158;San Miguel;Mendoza;martinaalvarez@correo.com;70;19207017
Sara;Vidal;Mitre 8847;Gral. Pico;Buenos Aires;saravidal@correo.com;77;13696869
Gabriel;Giménez;Belgrano 9309;San Martin;Neuquén;gabrielgimenez@correo.com;49;20315172
Javier;Ramírez;Urquiza 4565;Palermo;Córdoba;javierramirez@correo.com;64;37744486
Joaquín;Acosta;Rivadavia 3855;San Miguel;Córdoba;joaquinacosta@correo.com;18;42407052
Sofía;Díaz;Alvear 6578;La Palta;Entre Ríos;sofiadiaz@correo.com;79;46089722
Martina;Benítez;Lavalle 5449;9 de Julio;Neuquén;martinabenitez@correo.com;78;18758835
Daniela;Romero;Mitre 3206;San Miguel;Entre Ríos;danielaromero@correo.com;37;13453319
Javier;Benítez;Rivadavia 2330;San Miguel;Misiones;javierbenitez@correo.com;76;44628553
Isabella;Guzmán;Av. San Martín 930;Palermo;Neuquén;isabellaguzman@correo.com;37;26891736
Ignacio;Álvarez;Av. San Martín 5404;Rosario de la Cruz;Mendoza;ignacioalvarez@correo.com;42;16294728
Mateo;López;Urquiza 9042;9 de Julio;Misiones;mateolopez@correo.com;19;20723712
Valeria;López;Lavalle 9809;Gral. Pico;Córdoba;valerialopez@correo.com;55;15187592
Diego;Álvarez;Av. San Martín 9178;La Palta;Entre Ríos;diegoalvarez@correo.com;66;26653174
Martina;Álvarez;Av. de Mayo 6020;Gral. Pico;Neuquén;martinaalvarez@correo.com;23;21764054
Gonzalo;Aguirre;Pueyrredón 4285;25 de Mayo;Neuquén;gonzaloaguirre@correo.com;50;42669712
Santiago;Ruiz;Sarmiento 3674;Inmaculada Concepcion;Tucumán;santiagoruiz@correo.com;21;19805049
Ana;Ruiz;Pueyrredón 2265;San Martin;Santa Fe;anaruiz@correo.com;43;21135514
Ignacio;Torres;Belgrano 6971;Inmaculada Concepcion;Santa Fe;ignaciotorres@correo.com;77;26725826
Joaquín;González;Sarmiento 5965;9 de Julio;Chaco;joaquingonzalez@correo.com;61;47466649
Luis;Giménez;Pueyrredón 6522;Gral. Pico;Entre Ríos;luisgimenez@correo.com;30;41824883
Natalia;Silva;Pueyrredón 245;San Martin;Mendoza;nataliasilva@correo.com;32;45177410
Lucía;Acosta;Rivadavia 2585;San Martin;Salta;luciaacosta@correo.com;45;45713606
Diego;Ruiz;Lavalle 9575;San Miguel;Córdoba;diegoruiz@correo.com;68;29214560
Abril;Gómez;Lavalle 8623;Capitan Mendoza;Santa Fe;abrilgomez@correo.com;48;20584322
Agustín;González;Belgrano 4340;Rosario de la Cruz;Chaco;agustingonzalez@correo.com;84;44151257
Daniela;Pérez;Mitre 6698;Rosario de la Cruz;Santa Fe;danielaperez@correo.com;23;32074024
Luis;Giménez;Alvear 3709;San Martin;Santa Fe;luisgimenez@correo.com;55;42074589
Joaquín;Silva;Lavalle 6051;Rosario de la Cruz;Misiones;joaquinsilva@correo.com;25;12211305
Agustín;Vidal;Lavalle 7881;Rosario de la Cruz;Santa Fe;agustinvidal@correo.com;23;28644304
Abril;Ramírez;Av. de Mayo 9116;La Palta;Neuquén;abrilramirez@correo.com;43;21020988
Nicolás;Fernández;Av. de Mayo 6470;25 de Mayo;Chaco;nicolasfernandez@correo.com;43;15221417
Valeria;Sosa;Alvear 8186;Gral. Pico;Neuquén;valeriasosa@correo.com;32;26195754
Elena;Álvarez;Belgrano 4450;9 de Julio;Salta;elenaalvarez@correo.com;69;37017943
Lucas;Medina;Mitre 1031;Gral. Pico;Chaco;lucasmedina@correo.com;67;11623858
Carlos;Acosta;Sarmiento 6954;Rosario de la Cruz;Entre Ríos;carlosacosta@correo.com;66;39924643
Ana;Medina;Rivadavia 670;La Palta;Mendoza;anamedina@correo.com;32;20674324
Victoria;Vidal;Pueyrredón 4227;San Martin;Mendoza;victoriavidal@correo.com;22;38478713
Ezequiel;Sosa;Pueyrredón 1254;Palermo;Neuquén;ezequielsosa@correo.com;36;43308338
Lucía;Benítez;Urquiza 1789;San Miguel;Buenos Aires;luciabenitez@correo.com;48;43572989
Lucas;Aguirre;Belgrano 1091;Gral. Pico;Mendoza;lucasaguirre@correo.com;44;44567940
Gabriel;Sosa;Av. de Mayo 6533;Rosario de la Cruz;Tucumán;gabrielsosa@correo.com;31;19024273
Victoria;Guzmán;Av. San Martín 2819;Inmaculada Concepcion;Buenos Aires;victoriaguzman@correo.com;51;37745538
Gonzalo;Peralta;Av. de Mayo 9062;Inmaculada Concepcion;Córdoba;gonzaloperalta@correo.com;76;39421053
Ana;Acosta;Rivadavia 8139;Rosario de la Cruz;Neuquén;anaacosta@correo.com;21;21947899
Martina;Molina;Mitre 8559;San Martin;Tucumán;martinamolina@correo.com;22;30048852
Victoria;Fernández;Belgrano 4182;San Miguel;Neuquén;victoriafernandez@correo.com;31;16592851
Martina;Giménez;Belgrano 947;San Miguel;Córdoba;martinagimenez@correo.com;78;12326177
Daniela;Herrera;Belgrano 8446;San Martin;Salta;danielaherrera@correo.com;19;38673787
Valeria;Pérez;Sarmiento 5770;Inmaculada Concepcion;Salta;valeriaperez@correo.com;80;26188898
Javier;Aguirre;Urquiza 4784;San Miguel;Entre Ríos;javieraguirre@correo.com;35;22245871
Valeria;García;Belgrano 1611;Inmaculada Concepcion;Salta;valeriagarcia@correo.com;22;38018564
Joaquín;Herrera;Pueyrredón 6647;25 de Mayo;Chaco;joaquinherrera@correo.com;80;34198545
Lucía;Silva;Urquiza 2901;La Palta;Tucumán;luciasilva@correo.com;53;32261570
Victoria;Acosta;Alvear 6026;25 de Mayo;Entre Ríos;victoriaacosta@correo.com;61;40327494
Lucía;López;Belgrano 5065;La Palta;Tucumán;lucialopez@correo.com;77;13393893
Valeria;Sánchez;Av. San Martín 9207;Rosario de la Cruz;Misiones;valeriasanchez@correo.com;44;30620686
Tomas;Rojas;Alvear 9274;Gral. Pico;Mendoza;tomasrojas@correo.com;63;21643104
Sofía;Ruiz;Av. de Mayo 7148;25 de Mayo;Córdoba;sofiaruiz@correo.com;80;24244930
Isabella;Gómez;Rivadavia 9696;Palermo;Chaco;isabellagomez@correo.com;31;39587518
Gonzalo;Ramírez;Pueyrredón 6127;Gral. Pico;Córdoba;gonzaloramirez@correo.com;76;19399752
Tomas;Álvarez;Lavalle 6756;San Martin;Córdoba;tomasalvarez@correo.com;73;31981769
Ezequiel;Molina;Pueyrredón 3079;25 de Mayo;Neuquén;ezequielmolina@correo.com;32;37424229
Lucía;González;Lavalle 9663;San Miguel;Salta;luciagonzalez@correo.com;62;40787045
Mateo;Ruiz;Lavalle 6134;Palermo;Salta;mateoruiz@correo.com;38;29862129
Agustín;Vidal;Rivadavia 1207;Palermo;Mendoza;agustinvidal@correo.com;40;37918934
María;Álvarez;Rivadavia 2916;Gral. Pico;Entre Ríos;mariaalvarez@correo.com;61;13731519
Ezequiel;Flores;Rivadavia 69;Palermo;Entre Ríos;ezequielflores@correo.com;41;43575993
Santiago;Peralta;Av. de Mayo 8588;Palermo;Chaco;santiagoperalta@correo.com;22;40939368
Ignacio;Torres;Av. San Martín 7736;Inmaculada Concepcion;Santa Fe;ignaciotorres@correo.com;47;34230900
Daniela;López;Belgrano 5633;9 de Julio;Buenos Aires;danielalopez@correo.com;53;19655163
Martina;Pérez;Alvear 9764;Gral. Pico;Córdoba;martinaperez@correo.com;54;12691049
Camila;López;Alvear 8149;Capitan Mendoza;Neuquén;camilalopez@correo.com;58;15188157
Elena;Flores;Rivadavia 721;Capitan Mendoza;Tucumán;elenaflores@correo.com;34;19560971
Ignacio;López;Pueyrredón 3162;San Martin;Tucumán;ignaciolopez@correo.com;39;31989072
Ana;Vidal;Av. de Mayo 9373;La Palta;Santa Fe;anavidal@correo.com;60;36038078
Victoria;Gómez;Alvear 263;San Miguel;Misiones;victoriagomez@correo.com;75;24561783
Camila;Sánchez;Pueyrredón 8312;La Palta;Salta;camilasanchez@correo.com;25;20424637
Isabella;López;Alvear 6565;Palermo;Tucumán;isabellalopez@correo.com;60;40366699
Sara;Molina;Lavalle 3590;Capitan Mendoza;Neuquén;saramolina@correo.com;75;14919231
Isabella;Benítez;Sarmiento 4556;Gral. Pico;Tucumán;isabellabenitez@correo.com;40;15047343
Camila;Peralta;Pueyrredón 3724;9 de Julio;Misiones;camilaperalta@correo.com;27;35477186
Paula;Gómez;Sarmiento 7682;Inmaculada Concepcion;Mendoza;paulagomez@correo.com;65;46594417
Camila;Giménez;Av. de Mayo 1761;25 de Mayo;Santa Fe;camilagimenez@correo.com;48;27677240
Valeria;Álvarez;Av. de Mayo 3780;Capitan Mendoza;Santa Fe;valeriaalvarez@correo.com;76;13308268
Nicolás;Fernández;Mitre 1104;Palermo;Neuquén;nicolasfernandez@correo.com;39;32371802
Gabriel;Medina;Mitre 1419;San Martin;Entre Ríos;gabrielmedina@correo.com;33;13440328
Abril;García;Alvear 3886;Capitan Mendoza;Tucumán;abrilgarcia@correo.com;38;26116898
Nicolás;Medina;Urquiza 9945;La Palta;Santa Fe;nicolasmedina@correo.com;55;30372990
Javier;Rodríguez;Alvear 6839;25 de Mayo;Chaco;javierrodriguez@correo.com;78;12468144
Mateo;Acosta;Pueyrredón 8094;25 de Mayo;Córdoba;mateoacosta@correo.com;82;39002269
Nicolás;López;Lavalle 1764;La Palta;Entre Ríos;nicolaslopez@correo.com;74;29198999
Isabella;Flores;Alvear 4589;25 de Mayo;Tucumán;isabellaflores@correo.com;38;44270607
Mateo;González;Rivadavia 1319;San Miguel;Entre Ríos;mateogonzalez@correo.com;37;27495914
Lucía;Torres;Pueyrredón 242;Gral. Pico;Neuquén;luciatorres@correo.com;34;47135194
Ezequiel;García;Alvear 919;Palermo;Chaco;ezequielgarcia@correo.com;31;13897343
Santiago;Díaz;Pueyrredón 7423;Capitan Mendoza;Neuquén;santiagodiaz@correo.com;42;26210500
Santiago;Guzmán;Pueyrredón 8275;Capitan Mendoza;Chaco;santiagoguzman@correo.com;56;20034260
María;Flores;Sarmiento 1726;Rosario de la Cruz;Salta;mariaflores@correo.com;66;24512870
Ezequiel;Martínez;Rivadavia 7530;Palermo;Misiones;ezequielmartinez@correo.com;46;24454547
Martina;Martínez;Rivadavia 4398;San Miguel;Córdoba;martinamartinez@correo.com;40;14386354
Diego;García;Urquiza 3358;9 de Julio;Buenos Aires;diegogarcia@correo.com;40;12668032
Lucas;Martínez;Urquiza 6956;Gral. Pico;Santa Fe;lucasmartinez@correo.com;75;47656346
Victoria;Álvarez;Av. San Martín 2717;San Martin;Chaco;victoriaalvarez@correo.com;42;11946200
Gabriel;Fernández;Belgrano 1587;La Palta;Chaco;gabrielfernandez@correo.com;51;40979715
Martina;González;Av. San Martín 4087;Gral. Pico;Córdoba;martinagonzalez@correo.com;62;30543674
Mateo;Peralta;Mitre 3569;9 de Julio;Tucumán;mateoperalta@correo.com;63;33634662
Sofía;Rojas;Lavalle 9937;Gral. Pico;Mendoza;sofiarojas@correo.com;51;41615155
María;Castro;Rivadavia 4992;Inmaculada Concepcion;Tucumán;mariacastro@correo.com;50;24764842
Sara;Díaz;Urquiza 7928;Inmaculada Concepcion;Misiones;saradiaz@correo.com;81;13821662
Lucas;Rojas;Mitre 6126;9 de Julio;Entre Ríos;lucasrojas@correo.com;30;42361639
Gabriel;Ruiz;Sarmiento 8490;La Palta;Mendoza;gabrielruiz@correo.com;33;23027824
Tomas;Silva;Lavalle 5151;Gral. Pico;Neuquén;tomassilva@correo.com;62;41878654
Lucía;Rojas;Alvear 8600;Inmaculada Concepcion;Entre Ríos;luciarojas@correo.com;66;19733289
Carlos;Álvarez;Mitre 9280;Gral. Pico;Tucumán;carlosalvarez@correo.com;75;25590535
Lucía;Aguirre;Lavalle 8129;Inmaculada Concepcion;Misiones;luciaaguirre@correo.com;44;41002215
Javier;Benítez;Av. de Mayo 767;La Palta;Entre Ríos;javierbenitez@correo.com;70;31281801
Isabella;Fernández;Pueyrredón 4587;Gral. Pico;Santa Fe;isabellafernandez@correo.com;73;37714878
Abril;Rojas;Mitre 150;Capitan Mendoza;Santa Fe;abrilrojas@correo.com;49;12512255
María;Fernández;Lavalle 7619;Capitan Mendoza;Santa Fe;mariafernandez@correo.com;69;35412547
Paula;Ruiz;Av. de Mayo 7057;San Miguel;Mendoza;paularuiz@correo.com;62;12678311
Joaquín;Gómez;Sarmiento 5446;Capitan Mendoza;Tucumán;joaquingomez@correo.com;61;13232022
Gabriel;Rodríguez;Av. San Martín 3293;San Martin;Entre Ríos;gabrielrodriguez@correo.com;48;44514831
Nicolás;Aguirre;Av. San Martín 9031;Capitan Mendoza;Salta;nicolasaguirre@correo.com;74;13000677
Ezequiel;Sosa;Av. San Martín 6471;Inmaculada Concepcion;Chaco;ezequielsosa@correo.com;80;27663124
Camila;Flores;Rivadavia 6317;9 de Julio;Mendoza;camilaflores@correo.com;69;47922726
Ezequiel;Romero;Av. de Mayo 2292;San Martin;Neuquén;ezequielromero@correo.com;24;38909505
Tomas;Medina;Av. San Martín 3988;Palermo;Neuquén;tomasmedina@correo.com;64;45399501
Carlos;Guzmán;Mitre 2573;Inmaculada Concepcion;Santa Fe;carlosguzman@correo.com;57;44007331
Ana;Fernández;Belgrano 3383;9 de Julio;Misiones;anafernandez@correo.com;45;24135460
María;Silva;Av. de Mayo 8159;25 de Mayo;Buenos Aires;mariasilva@correo.com;60;11250146
Sara;Sánchez;Alvear 2800;La Palta;Chaco;sarasanchez@correo.com;38;43432695
Agustín;Sosa;Av. San Martín 6809;Rosario de la Cruz;Neuquén;agustinsosa@correo.com;26;17004608
Joaquín;Vidal;Sarmiento 7816;25 de Mayo;Salta;joaquinvidal@correo.com;78;21143207
Natalia;Torres;Mitre 7904;San Martin;Buenos Aires;nataliatorres@correo.com;27;15700389
Daniela;Sánchez;Lavalle 9498;Rosario de la Cruz;Mendoza;danielasanchez@correo.com;59;34356198
Javier;Aguirre;Lavalle 6067;Rosario de la Cruz;Tucumán;javieraguirre@correo.com;60;46144273
Ana;Gómez;Av. San Martín 4949;San Miguel;Buenos Aires;anagomez@correo.com;73;20431979
Ezequiel;Fernández;Rivadavia 9207;San Martin;Chaco;ezequielfernandez@correo.com;22;43639960
Isabella;Medina;Urquiza 6279;San Miguel;Tucumán;isabellamedina@correo.com;25;19444554
Valeria;Castro;Belgrano 8119;25 de Mayo;Córdoba;valeriacastro@correo.com;63;19316881
Elena;González;Lavalle 2866;Capitan Mendoza;Neuquén;elenagonzalez@correo.com;58;33964389
Mateo;Aguirre;Sarmiento 2601;Palermo;Córdoba;mateoaguirre@correo.com;45;35188039
Paula;Martínez;Urquiza 1899;Palermo;Buenos Aires;paulamartinez@correo.com;65;24827364
Valeria;Fernández;Mitre 9634;25 de Mayo;Chaco;valeriafernandez@correo.com;82;17127272
María;Sosa;Rivadavia 6868;9 de Julio;Entre Ríos;mariasosa@correo.com;57;31485766
Luis;Benítez;Mitre 5908;Rosario de la Cruz;Mendoza;luisbenitez@correo.com;65;39630220
Carlos;Romero;Rivadavia 8704;25 de Mayo;Santa Fe;carlosromero@correo.com;44;41971016
Lucas;Guzmán;Av. de Mayo 7288;Gral. Pico;Neuquén;lucasguzman@correo.com;51;16472110
Mateo;Guzmán;Belgrano 4680;Gral. Pico;Córdoba;mateoguzman@correo.com;33;16945111
Santiago;Ramírez;Alvear 7551;9 de Julio;Misiones;santiagoramirez@correo.com;44;42495989
Diego;Pérez;Belgrano 7180;Palermo;Salta;diegoperez@correo.com;38;38288067
Diego;González;Rivadavia 9212;9 de Julio;Tucumán;diegogonzalez@correo.com;24;47093364
Abril;Molina;Rivadavia 3712;25 de Mayo;Mendoza;abrilmolina@correo.com;32;40099998
Joaquín;Sánchez;Alvear 5114;San Martin;Neuquén;joaquinsanchez@correo.com;39;29445501
Sofía;Molina;Pueyrredón 4423;San Martin;Entre Ríos;sofiamolina@correo.com;82;46810025
Joaquín;Silva;Rivadavia 7412;Rosario de la Cruz;Salta;joaquinsilva@correo.com;42;25135118
Agustín;Gómez;Alvear 7334;Rosario de la Cruz;Entre Ríos;agustingomez@correo.com;23;12260736
Elena;Pérez;Alvear 7199;La Palta;Misiones;elenaperez@correo.com;27;15479329
Abril;Romero;Av. de Mayo 2984;Inmaculada Concepcion;Misiones;abrilromero@correo.com;67;42198152
Carlos;Torres;Sarmiento 3685;Inmaculada Concepcion;Santa Fe;carlostorres@correo.com;20;27383559
Camila;Ruiz;Pueyrredón 5532;Inmaculada Concepcion;Chaco;camilaruiz@correo.com;31;19022589
Agustín;López;Rivadavia 6215;Rosario de la Cruz;Tucumán;agustinlopez@correo.com;42;23679768
Nicolás;Fernández;Rivadavia 5653;La Palta;Buenos Aires;nicolasfernandez@correo.com;76;16496909
Luis;Medina;Pueyrredón 167;Gral. Pico;Entre Ríos;luismedina@correo.com;25;17145145
Sofía;Romero;Rivadavia 5276;San Martin;Santa Fe;sofiaromero@correo.com;51;33695591
Abril;Aguirre;Mitre 6246;9 de Julio;Salta;abrilaguirre@correo.com;54;43381369
Elena;Guzmán;Av. San Martín 4050;9 de Julio;Neuquén;elenaguzman@correo.com;40;16559723
María;Torres;Av. San Martín 1947;San Martin;Córdoba;mariatorres@correo.com;43;32085428
Ana;Fernández;Rivadavia 2137;San Miguel;Misiones;anafernandez@correo.com;31;16752464
Santiago;González;Belgrano 2924;Rosario de la Cruz;Tucumán;santiagogonzalez@correo.com;26;24449763
Paula;Giménez;Mitre 1036;La Palta;Neuquén;paulagimenez@correo.com;73;21526828
Ana;Aguirre;Sarmiento 855;Capitan Mendoza;Santa Fe;anaaguirre@correo.com;82;23989536
María;García;Pueyrredón 2372;Inmaculada Concepcion;Santa Fe;mariagarcia@correo.com;65;42083905
Carlos;Medina;Sarmiento 7804;Rosario de la Cruz;Salta;carlosmedina@correo.com;53;13234258
Gonzalo;Castro;Av. de Mayo 4591;Inmaculada Concepcion;Entre Ríos;gonzalocastro@correo.com;68;32258632
Victoria;Molina;Lavalle 814;Inmaculada Concepcion;Tucumán;victoriamolina@correo.com;56;13306228
Isabella;Torres;Av. de Mayo 7689;San Martin;Misiones;isabellatorres@correo.com;35;18523016
Isabella;Silva;Alvear 6418;Rosario de la Cruz;Entre Ríos;isabellasilva@correo.com;44;11360657
Elena;Aguirre;Lavalle 3642;Palermo;Misiones;elenaaguirre@correo.com;36;16384109
Sofía;Flores;Belgrano 9037;Capitan Mendoza;Chaco;sofiaflores@correo.com;54;15037350
Diego;Giménez;Sarmiento 2483;Inmaculada Concepcion;Misiones;diegogimenez@correo.com;58;29111013
María;Pérez;Urquiza 9058;Palermo;Salta;mariaperez@correo.com;43;19817526
Gonzalo;Díaz;Sarmiento 9306;Inmaculada Concepcion;Salta;gonzalodiaz@correo.com;71;32921365
Carlos;Díaz;Alvear 8019;La Palta;Mendoza;carlosdiaz@correo.com;77;42754893
Ignacio;Rojas;Pueyrredón 623;La Palta;Neuquén;ignaciorojas@correo.com;21;41423259
Sara;Medina;Sarmiento 8174;San Martin;Santa Fe;saramedina@correo.com;45;17590346
Sofía;Guzmán;Belgrano 3363;Inmaculada Concepcion;Misiones;sofiaguzman@correo.com;43;11604661
María;Giménez;Urquiza 8479;25 de Mayo;Tucumán;mariagimenez@correo.com;44;31791815
Luis;Giménez;Mitre 4264;25 de Mayo;Córdoba;luisgimenez@correo.com;68;42849011
Nicolás;García;Pueyrredón 5163;La Palta;Salta;nicolasgarcia@correo.com;29;30714789
Nicolás;Díaz;Sarmiento 6721;San Martin;Santa Fe;nicolasdiaz@correo.com;24;33878253
Victoria;Sánchez;Sarmiento 453;Rosario de la Cruz;Salta;victoriasanchez@correo.com;36;24363888
María;Torres;Rivadavia 8860;25 de Mayo;Entre Ríos;mariatorres@correo.com;73;39345751
Agustín;Ramírez;Belgrano 1272;Rosario de la Cruz;Misiones;agustinramirez@correo.com;50;40833829
Sara;Torres;Av. de Mayo 8565;9 de Julio;Buenos Aires;saratorres@correo.com;55;33904291
Luis;Medina;Pueyrredón 4557;La Palta;Salta;luismedina@correo.com;47;44537920
Tomas;Álvarez;Av. San Martín 2630;Rosario de la Cruz;Tucumán;tomasalvarez@correo.com;29;33117381
Agustín;García;Belgrano 7503;9 de Julio;Mendoza;agustingarcia@correo.com;37;33486010
Valeria;Giménez;Sarmiento 7755;25 de Mayo;Neuquén;valeriagimenez@correo.com;70;42362805
Sofía;Díaz;Sarmiento 4193;25 de Mayo;Entre Ríos;sofiadiaz@correo.com;46;27129937
Gonzalo;Álvarez;Pueyrredón 5417;La Palta;Salta;gonzaloalvarez@correo.com;43;36072793
Joaquín;Castro;Rivadavia 3590;Palermo;Santa Fe;joaquincastro@correo.com;78;29412210
Martina;Sánchez;Mitre 3417;25 de Mayo;Misiones;martinasanchez@correo.com;56;23391210
Isabella;Álvarez;Av. de Mayo 6390;La Palta;Buenos Aires;isabellaalvarez@correo.com;18;46211700
Santiago;Pérez;Sarmiento 4895;San Martin;Santa Fe;santiagoperez@correo.com;36;33635822
Agustín;Torres;Pueyrredón 7266;25 de Mayo;Misiones;agustintorres@correo.com;57;35072284
Sofía;Romero;Urquiza 1805;Capitan Mendoza;Entre Ríos;sofiaromero@correo.com;38;18236661
Elena;Sánchez;Av. San Martín 5353;San Martin;Salta;elenasanchez@correo.com;67;33019734
Victoria;Rojas;Belgrano 2219;San Martin;Misiones;victoriarojas@correo.com;67;29129965
Luis;Giménez;Pueyrredón 6836;La Palta;Tucumán;luisgimenez@correo.com;77;15248324
Sara;Ruiz;Lavalle 2261;9 de Julio;Tucumán;sararuiz@correo.com;38;27885071
Tomas;Pérez;Av. de Mayo 683;Rosario de la Cruz;Neuquén;tomasperez@correo.com;54;14656433
Abril;Ramírez;Pueyrredón 128;9 de Julio;Buenos Aires;abrilramirez@correo.com;84;40101686
Victoria;Fernández;Belgrano 8485;Palermo;Chaco;victoriafernandez@correo.com;33;44136567
Tomas;Peralta;Rivadavia 7701;Capitan Mendoza;Entre Ríos;tomasperalta@correo.com;20;23761790
Joaquín;Sánchez;Rivadavia 7848;Palermo;Córdoba;joaquinsanchez@correo.com;19;34325106
Gonzalo;Fernández;Alvear 7554;Palermo;Chaco;gonzalofernandez@correo.com;80;43048742
Sara;Rojas;Pueyrredón 1140;Inmaculada Concepcion;Córdoba;sararojas@correo.com;48;14685792
Abril;Medina;Rivadavia 7999;Inmaculada Concepcion;Santa Fe;abrilmedina@correo.com;46;27275547
Victoria;Sánchez;Belgrano 5329;Rosario de la Cruz;Entre Ríos;victoriasanchez@correo.com;72;22791935
Sara;Gómez;Rivadavia 4324;Rosario de la Cruz;Entre Ríos;saragomez@correo.com;79;38524953
Natalia;Peralta;Lavalle 6258;25 de Mayo;Córdoba;nataliaperalta@correo.com;35;17944352
Lucía;Vidal;Lavalle 5169;La Palta;Salta;luciavidal@correo.com;33;34316931
Ana;Medina;Rivadavia 1276;Rosario de la Cruz;Córdoba;anamedina@correo.com;43;45013259
Mateo;Pérez;Av. de Mayo 5106;Inmaculada Concepcion;Tucumán;mateoperez@correo.com;30;27542097
Ezequiel;González;Sarmiento 8198;San Martin;Buenos Aires;ezequielgonzalez@correo.com;55;16492565
María;Sosa;Lavalle 807;La Palta;Mendoza;mariasosa@correo.com;59;37875599
Gonzalo;Rojas;Rivadavia 476;Gral. Pico;Chaco;gonzalorojas@correo.com;18;23527171
Nicolás;Guzmán;Mitre 1250;9 de Julio;Neuquén;nicolasguzman@correo.com;66;39913797
Lucas;Álvarez;Mitre 2203;Inmaculada Concepcion;Neuquén;lucasalvarez@correo.com;56;34457769
Martina;García;Pueyrredón 1131;Rosario de la Cruz;Salta;martinagarcia@correo.com;84;15966409
Valeria;García;Sarmiento 8048;La Palta;Santa Fe;valeriagarcia@correo.com;74;14917589
María;Gómez;Rivadavia 6014;La Palta;Tucumán;mariagomez@correo.com;71;35458551
Santiago;Medina;Belgrano 2352;Palermo;Santa Fe;santiagomedina@correo.com;75;19855072
Ignacio;Silva;Lavalle 2021;San Miguel;Misiones;ignaciosilva@correo.com;56;15535358
Luis;Ramírez;Urquiza 6267;Rosario de la Cruz;Neuquén;luisramirez@correo.com;62;23938187
Gabriel;Álvarez;Belgrano 9882;Gral. Pico;Tucumán;gabrielalvarez@correo.com;63;45114082
Gabriel;Gómez;Belgrano 6859;25 de Mayo;Chaco;gabrielgomez@correo.com;78;20795685
Martina;Sosa;Av. San Martín 7978;La Palta;Entre Ríos;martinasosa@correo.com;59;21007788
Paula;Silva;Av. San Martín 7339;La Palta;Buenos Aires;paulasilva@correo.com;36;46097354
Agustín;García;Mitre 497;San Martin;Santa Fe;agustingarcia@correo.com;25;33579083
Diego;Giménez;Sarmiento 3465;Rosario de la Cruz;Mendoza;diegogimenez@correo.com;30;18778792
Mateo;Álvarez;Lavalle 2434;San Miguel;Chaco;mateoalvarez@correo.com;80;31011873
Mateo;Herrera;Rivadavia 3784;La Palta;Santa Fe;mateoherrera@correo.com;25;19651163
Sofía;Torres;Lavalle 3223;San Miguel;Tucumán;sofiatorres@correo.com;63;18206897
Daniela;Medina;Mitre 9173;9 de Julio;Tucumán;danielamedina@correo.com;66;34929516
Gonzalo;Álvarez;Lavalle 1365;25 de Mayo;Buenos Aires;gonzaloalvarez@correo.com;47;28093048
Luis;Giménez;Lavalle 8575;Rosario de la Cruz;Tucumán;luisgimenez@correo.com;42;22306979
María;López;Pueyrredón 936;Inmaculada Concepcion;Entre Ríos;marialopez@correo.com;64;19594940
Joaquín;Giménez;Mitre 9352;Capitan Mendoza;Salta;joaquingimenez@correo.com;32;37412192
María;Aguirre;Alvear 7280;Inmaculada Concepcion;Tucumán;mariaaguirre@correo.com;67;23287013
Diego;Rojas;Lavalle 3045;La Palta;Entre Ríos;diegorojas@correo.com;53;26966033
Victoria;Benítez;Pueyrredón 3964;Inmaculada Concepcion;Neuquén;victoriabenitez@correo.com;63;30460754
Camila;Vidal;Rivadavia 5827;Capitan Mendoza;Santa Fe;camilavidal@correo.com;40;43556296
Abril;Benítez;Lavalle 5060;25 de Mayo;Santa Fe;abrilbenitez@correo.com;31;36339276
Lucía;Silva;Pueyrredón 6584;Capitan Mendoza;Córdoba;luciasilva@correo.com;35;45170874
Abril;Guzmán;Lavalle 6183;San Miguel;Entre Ríos;abrilguzman@correo.com;38;27584280
Victoria;García;Alvear 7519;Rosario de la Cruz;Chaco;victoriagarcia@correo.com;19;32666145
Tomas;Medina;Av. San Martín 5204;San Martin;Chaco;tomasmedina@correo.com;50;42085400
Joaquín;Rodríguez;Urquiza 1526;9 de Julio;Misiones;joaquinrodriguez@correo.com;53;39534565
Santiago;Sosa;Lavalle 5046;Inmaculada Concepcion;Neuquén;santiagososa@correo.com;54;28862449
Valeria;López;Lavalle 9618;Rosario de la Cruz;Misiones;valerialopez@correo.com;30;33078161
Isabella;Flores;Urquiza 4729;25 de Mayo;Neuquén;isabellaflores@correo.com;73;25469051
Valeria;Fernández;Sarmiento 6837;Capitan Mendoza;Chaco;valeriafernandez@correo.com;52;25903071
Mateo;Peralta;Urquiza 4191;La Palta;Salta;mateoperalta@correo.com;37;42614155
Luis;Flores;Av. de Mayo 8140;Gral. Pico;Neuquén;luisflores@correo.com;80;40001244
Abril;Rojas;Rivadavia 7928;Inmaculada Concepcion;Santa Fe;abrilrojas@correo.com;84;12276136
Paula;Romero;Sarmiento 4785;Inmaculada Concepcion;Santa Fe;paularomero@correo.com;66;35360105
Daniela;Ruiz;Av. San Martín 2628;Palermo;Entre Ríos;danielaruiz@correo.com;38;41069340
Gabriel;Díaz;Rivadavia 1512;Inmaculada Concepcion;Santa Fe;gabrieldiaz@correo.com;60;29142486
Camila;Gómez;Mitre 379;Inmaculada Concepcion;Salta;camilagomez@correo.com;75;40737280
Isabella;Castro;Sarmiento 8104;Capitan Mendoza;Entre Ríos;isabellacastro@correo.com;19;45760506
Isabella;Herrera;Sarmiento 1162;La Palta;Entre Ríos;isabellaherrera@correo.com;67;33693413
Valeria;Medina;Sarmiento 4697;Gral. Pico;Córdoba;valeriamedina@correo.com;84;19359401
Ezequiel;Díaz;Pueyrredón 6023;Inmaculada Concepcion;Neuquén;ezequieldiaz@correo.com;82;47024721
Tomas;Rodríguez;Urquiza 2573;Capitan Mendoza;Entre Ríos;tomasrodriguez@correo.com;21;36788565
Paula;Ruiz;Av. de Mayo 4213;San Miguel;Tucumán;paularuiz@correo.com;44;40525164
Martina;González;Sarmiento 2953;25 de Mayo;Buenos Aires;martinagonzalez@correo.com;68;45515606
Diego;Romero;Lavalle 2008;San Miguel;Misiones;diegoromero@correo.com;31;43983541
Martina;Flores;Pueyrredón 7520;Inmaculada Concepcion;Córdoba;martinaflores@correo.com;73;20297703
Victoria;Castro;Urquiza 3403;25 de Mayo;Neuquén;victoriacastro@correo.com;63;39277036
Sara;Torres;Av. San Martín 4332;Inmaculada Concepcion;Mendoza;saratorres@correo.com;40;18809372
Nicolás;González;Urquiza 8722;San Miguel;Entre Ríos;nicolasgonzalez@correo.com;35;16567907
Ana;Herrera;Av. San Martín 3633;Palermo;Chaco;anaherrera@correo.com;61;46816066
Luis;Herrera;Av. de Mayo 6545;Gral. Pico;Salta;luisherrera@correo.com;40;16615355
Paula;García;Av. San Martín 4566;25 de Mayo;Buenos Aires;paulagarcia@correo.com;74;36899442
Sofía;Sosa;Lavalle 3460;Inmaculada Concepcion;Salta;sofiasosa@correo.com;36;11691188
Daniela;Torres;Belgrano 5935;Rosario de la Cruz;Buenos Aires;danielatorres@correo.com;32;36581853
Elena;Giménez;Urquiza 5638;9 de Julio;Mendoza;elenagimenez@correo.com;80;42744550
Elena;Álvarez;Sarmiento 6973;San Miguel;Buenos Aires;elenaalvarez@correo.com;23;45494823
Valeria;Medina;Belgrano 1406;Rosario de la Cruz;Misiones;valeriamedina@correo.com;45;16544169
Luis;Giménez;Av. de Mayo 8209;Gral. Pico;Salta;luisgimenez@correo.com;34;34539993
Isabella;Herrera;Av. de Mayo 4077;Inmaculada Concepcion;Salta;isabellaherrera@correo.com;84;35997469
Valeria;Rojas;Sarmiento 2321;9 de Julio;Chaco;valeriarojas@correo.com;62;45175039
Ana;Silva;Mitre 5034;Capitan Mendoza;Santa Fe;anasilva@correo.com;69;40150278
Natalia;Ramírez;Mitre 4235;9 de Julio;Chaco;nataliaramirez@correo.com;51;30748436
Ignacio;Rojas;Alvear 4817;9 de Julio;Córdoba;ignaciorojas@correo.com;31;32914984
Ezequiel;García;Rivadavia 4800;San Martin;Misiones;ezequielgarcia@correo.com;51;33347321
Paula;Giménez;Rivadavia 8644;Rosario de la Cruz;Córdoba;paulagimenez@correo.com;40;20730046
Martina;Vidal;Belgrano 3672;Rosario de la Cruz;Mendoza;martinavidal@correo.com;49;29410736
Camila;Castro;Mitre 6510;Gral. Pico;Neuquén;camilacastro@correo.com;45;36819444
Paula;Fernández;Mitre 2346;Rosario de la Cruz;Chaco;paulafernandez@correo.com;29;33853073
Natalia;Flores;Alvear 2294;La Palta;Mendoza;nataliaflores@correo.com;29;28120727
Ezequiel;González;Av. San Martín 6883;Capitan Mendoza;Salta;ezequielgonzalez@correo.com;37;46189150
Nicolás;Ruiz;Av. de Mayo 953;San Miguel;Santa Fe;nicolasruiz@correo.com;31;18095454
Agustín;Castro;Alvear 5415;25 de Mayo;Tucumán;agustincastro@correo.com;76;13603618
Joaquín;Vidal;Belgrano 2198;9 de Julio;Neuquén;joaquinvidal@correo.com;47;25981657
Lucas;López;Sarmiento 3929;Inmaculada Concepcion;Entre Ríos;lucaslopez@correo.com;50;39535703
Sofía;González;Lavalle 5814;San Miguel;Mendoza;sofiagonzalez@correo.com;44;41860661
Carlos;Guzmán;Pueyrredón 9323;Capitan Mendoza;Buenos Aires;carlosguzman@correo.com;40;11749217
Camila;Flores;Sarmiento 8101;Palermo;Santa Fe;camilaflores@correo.com;39;46184237
Lucas;Ramírez;Pueyrredón 8381;San Miguel;Córdoba;lucasramirez@correo.com;35;37739980
Lucía;Fernández;Sarmiento 5725;Palermo;Entre Ríos;luciafernandez@correo.com;65;28982252
Daniela;Silva;Alvear 6624;25 de Mayo;Misiones;danielasilva@correo.com;23;18487695
Isabella;Gómez;Rivadavia 6236;Inmaculada Concepcion;Córdoba;isabellagomez@correo.com;26;43242146
Diego;Álvarez;Sarmiento 4482;Capitan Mendoza;Santa Fe;diegoalvarez@correo.com;44;29600654
Camila;López;Mitre 4589;Palermo;Tucumán;camilalopez@correo.com;59;18975250
Luis;Guzmán;Pueyrredón 2995;San Miguel;Entre Ríos;luisguzman@correo.com;31;22863017
Joaquín;Silva;Alvear 6287;La Palta;Salta;joaquinsilva@correo.com;22;36197376
Agustín;Vidal;Rivadavia 371;25 de Mayo;Salta;agustinvidal@correo.com;22;17611507
Elena;Silva;Belgrano 4815;Gral. Pico;Córdoba;elenasilva@correo.com;39;14647419
Javier;Peralta;Av. San Martín 1638;Inmaculada Concepcion;Entre Ríos;javierperalta@correo.com;81;34837296
Paula;Vidal;Rivadavia 9768;Gral. Pico;Misiones;paulavidal@correo.com;71;13485856
Daniela;Peralta;Belgrano 9341;Rosario de la Cruz;Tucumán;danielaperalta@correo.com;80;11506070
Ezequiel;Fernández;Mitre 2021;Rosario de la Cruz;Buenos Aires;ezequielfernandez@correo.com;40;16651631
Nicolás;Ruiz;Alvear 9669;25 de Mayo;Santa Fe;nicolasruiz@correo.com;48;44198069
Javier;Romero;Av. de Mayo 970;9 de Julio;Misiones;javierromero@correo.com;60;45968254
Martina;Ramírez;Rivadavia 4415;Rosario de la Cruz;Neuquén;martinaramirez@correo.com;64;34555246
Lucía;Herrera;Belgrano 2777;Palermo;Tucumán;luciaherrera@correo.com;24;33018937
Gabriel;Álvarez;Lavalle 4243;San Miguel;Neuquén;gabrielalvarez@correo.com;65;33243574
María;Rodríguez;Pueyrredón 2078;Rosario de la Cruz;Entre Ríos;mariarodriguez@correo.com;53;45906953
Abril;Silva;Alvear 2204;Gral. Pico;Salta;abrilsilva@correo.com;69;39647094
Agustín;Flores;Sarmiento 4853;25 de Mayo;Entre Ríos;agustinflores@correo.com;53;13157872
Javier;Silva;Belgrano 8171;25 de Mayo;Entre Ríos;javiersilva@correo.com;67;24920283
Daniela;Vidal;Belgrano 3466;Inmaculada Concepcion;Mendoza;danielavidal@correo.com;41;30271253
Javier;López;Rivadavia 9460;Gral. Pico;Misiones;javierlopez@correo.com;81;47442187
Paula;Giménez;Alvear 6317;La Palta;Córdoba;paulagimenez@correo.com;41;15097493
Sara;Fernández;Av. San Martín 8135;Palermo;Misiones;sarafernandez@correo.com;64;33579002
María;Acosta;Urquiza 1003;La Palta;Córdoba;mariaacosta@correo.com;80;45338186
Isabella;Castro;Lavalle 7801;Inmaculada Concepcion;Córdoba;isabellacastro@correo.com;49;30044013
Elena;Álvarez;Belgrano 8459;25 de Mayo;Neuquén;elenaalvarez@correo.com;80;24381151
Nicolás;Vidal;Sarmiento 821;9 de Julio;Mendoza;nicolasvidal@correo.com;76;46666485
Ignacio;Peralta;Rivadavia 227;Inmaculada Concepcion;Neuquén;ignacioperalta@correo.com;55;35551008
Victoria;Vidal;Urquiza 8139;Palermo;Neuquén;victoriavidal@correo.com;65;46534328
Tomas;Flores;Pueyrredón 8102;9 de Julio;Salta;tomasflores@correo.com;37;46311977
Joaquín;Álvarez;Belgrano 5797;San Miguel;Córdoba;joaquinalvarez@correo.com;55;15369254
Valeria;Torres;Alvear 2199;Inmaculada Concepcion;Buenos Aires;valeriatorres@correo.com;43;36596425
Sofía;Castro;Sarmiento 6836;San Miguel;Santa Fe;sofiacastro@correo.com;30;42451077
Elena;Molina;Av. de Mayo 7613;San Martin;Entre Ríos;elenamolina@correo.com;24;46327382
Daniela;Sosa;Av. San Martín 2757;La Palta;Buenos Aires;danielasosa@correo.com;31;15046798
Sara;Rojas;Sarmiento 2370;25 de Mayo;Buenos Aires;sararojas@correo.com;73;13612927
Gabriel;Flores;Sarmiento 5549;Palermo;Córdoba;gabrielflores@correo.com;54;31115905
Paula;Vidal;Rivadavia 142;25 de Mayo;Misiones;paulavidal@correo.com;22;47607968
Diego;Rojas;Rivadavia 4878;25 de Mayo;Chaco;diegorojas@correo.com;71;43409377
María;Sosa;Mitre 1912;Rosario de la Cruz;Chaco;mariasosa@correo.com;83;38228014
Javier;Peralta;Lavalle 2401;La Palta;Neuquén;javierperalta@correo.com;48;11169280
Gabriel;Flores;Sarmiento 6167;Gral. Pico;Neuquén;gabrielflores@correo.com;58;45433457
Valeria;Guzmán;Belgrano 8203;La Palta;Mendoza;valeriaguzman@correo.com;32;23978569
Ana;Molina;Belgrano 9794;Capitan Mendoza;Buenos Aires;anamolina@correo.com;42;13488825
Lucía;Pérez;Alvear 7323;San Miguel;Chaco;luciaperez@correo.com;28;41149890
Santiago;Medina;Mitre 3430;Rosario de la Cruz;Tucumán;santiagomedina@correo.com;59;34711111
Javier;Vidal;Mitre 1370;Palermo;Tucumán;javiervidal@correo.com;52;25309374
Isabella;Fernández;Alvear 9419;Rosario de la Cruz;Santa Fe;isabellafernandez@correo.com;34;47348904
Martina;González;Sarmiento 6437;Gral. Pico;Neuquén;martinagonzalez@correo.com;60;14788558
Luis;Benítez;Sarmiento 9758;Rosario de la Cruz;Santa Fe;luisbenitez@correo.com;52;34960013
Lucas;Medina;Belgrano 7120;9 de Julio;Salta;lucasmedina@correo.com;22;47360445
Sara;Vidal;Pueyrredón 3166;San Miguel;Entre Ríos;saravidal@correo.com;23;19712247
Martina;Ruiz;Urquiza 5000;9 de Julio;Córdoba;martinaruiz@correo.com;78;28911665
Abril;Molina;Urquiza 260;La Palta;Salta;abrilmolina@correo.com;55;38813790
Carlos;Silva;Pueyrredón 887;25 de Mayo;Chaco;carlossilva@correo.com;23;33057299
Paula;Molina;Sarmiento 637;9 de Julio;Santa Fe;paulamolina@correo.com;63;34572551
Nicolás;Fernández;Av. de Mayo 7483;Gral. Pico;Neuquén;nicolasfernandez@correo.com;29;14433647
Sara;Sánchez;Urquiza 7514;San Martin;Salta;sarasanchez@correo.com;78;23940287
Victoria;González;Lavalle 7965;San Miguel;Salta;victoriagonzalez@correo.com;22;28491785
Martina;Ramírez;Alvear 6783;Gral. Pico;Mendoza;martinaramirez@correo.com;34;26684876
María;Sosa;Urquiza 1083;Gral. Pico;Entre Ríos;mariasosa@correo.com;80;46198793
Agustín;Benítez;Belgrano 1092;25 de Mayo;Entre Ríos;agustinbenitez@correo.com;33;28556384
Lucas;González;Rivadavia 632;25 de Mayo;Neuquén;lucasgonzalez@correo.com;30;27865321
Camila;Ruiz;Mitre 6109;Gral. Pico;Buenos Aires;camilaruiz@correo.com;58;25122770
Agustín;García;Rivadavia 9812;Capitan Mendoza;Salta;agustingarcia@correo.com;83;42991859
Natalia;Ramírez;Rivadavia 2639;San Martin;Tucumán;nataliaramirez@correo.com;22;44994345
Sara;Herrera;Belgrano 9839;La Palta;Tucumán;saraherrera@correo.com;44;36028909
Sofía;Pérez;Av. de Mayo 8401;Rosario de la Cruz;Santa Fe;sofiaperez@correo.com;37;13593291
Isabella;Romero;Mitre 4969;9 de Julio;Tucumán;isabellaromero@correo.com;31;38872211
Agustín;Rodríguez;Sarmiento 1872;La Palta;Misiones;agustinrodriguez@correo.com;38;28782203
Lucía;Rojas;Belgrano 6743;Gral. Pico;Entre Ríos;luciarojas@correo.com;78;29636949
Elena;Herrera;Sarmiento 6538;Inmaculada Concepcion;Mendoza;elenaherrera@correo.com;75;43287893
Daniela;Martínez;Av. San Martín 1911;9 de Julio;Córdoba;danielamartinez@correo.com;55;35114660
Sara;Ramírez;Urquiza 8066;Rosario de la Cruz;Buenos Aires;sararamirez@correo.com;73;27491624
Valeria;Silva;Pueyrredón 7140;Palermo;Córdoba;valeriasilva@correo.com;80;35653187
Gabriel;Molina;Pueyrredón 4531;San Miguel;Santa Fe;gabrielmolina@correo.com;53;38050589
María;Fernández;Belgrano 826;9 de Julio;Santa Fe;mariafernandez@correo.com;70;42429825
María;Ramírez;Av. San Martín 8566;Gral. Pico;Entre Ríos;mariaramirez@correo.com;84;45882965
Joaquín;García;Av. de Mayo 7140;9 de Julio;Misiones;joaquingarcia@correo.com;24;44104613
Javier;Fernández;Sarmiento 8170;Rosario de la Cruz;Córdoba;javierfernandez@correo.com;73;32648724
Valeria;González;Mitre 9509;San Martin;Misiones;valeriagonzalez@correo.com;28;35490602
Valeria;Sosa;Urquiza 1250;Rosario de la Cruz;Santa Fe;valeriasosa@correo.com;28;47644623
Gabriel;Pérez;Av. San Martín 5770;Gral. Pico;Salta;gabrielperez@correo.com;74;43196660
Camila;Giménez;Belgrano 5471;Palermo;Chaco;camilagimenez@correo.com;57;44582855
Sofía;Romero;Urquiza 8713;Inmaculada Concepcion;Córdoba;sofiaromero@correo.com;75;13606942
Ignacio;Acosta;Av. San Martín 3804;Gral. Pico;Córdoba;ignacioacosta@correo.com;26;22645839
Tomas;Peralta;Belgrano 3190;Inmaculada Concepcion;Buenos Aires;tomasperalta@correo.com;47;37457751
Camila;Ramírez;Mitre 8392;San Miguel;Santa Fe;camilaramirez@correo.com;20;24293114
Tomas;González;Av. San Martín 5584;La Palta;Chaco;tomasgonzalez@correo.com;51;18174357
Gabriel;Flores;Urquiza 4067;25 de Mayo;Córdoba;gabrielflores@correo.com;42;22477112
Nicolás;Sánchez;Av. de Mayo 8831;Rosario de la Cruz;Tucumán;nicolassanchez@correo.com;59;46151954
Ignacio;Herrera;Lavalle 1048;Inmaculada Concepcion;Chaco;ignacioherrera@correo.com;39;47805810
Paula;Flores;Alvear 7068;25 de Mayo;Mendoza;paulaflores@correo.com;34;15576198
Javier;Fernández;Rivadavia 222;Palermo;Córdoba;javierfernandez@correo.com;18;25605337
Daniela;Pérez;Alvear 7558;Rosario de la Cruz;Córdoba;danielaperez@correo.com;43;39999995
Nicolás;Molina;Lavalle 1921;La Palta;Misiones;nicolasmolina@correo.com;47;36195589
Valeria;Flores;Pueyrredón 1058;San Martin;Mendoza;valeriaflores@correo.com;47;32310010
Valeria;Ruiz;Urquiza 1153;Palermo;Misiones;valeriaruiz@correo.com;51;25751706
Joaquín;González;Alvear 6684;Inmaculada Concepcion;Misiones;joaquingonzalez@correo.com;44;19959630
Joaquín;Herrera;Lavalle 1160;San Miguel;Santa Fe;joaquinherrera@correo.com;30;38664213
Ignacio;Sánchez;Lavalle 3724;Rosario de la Cruz;Santa Fe;ignaciosanchez@correo.com;23;41467079
Nicolás;García;Sarmiento 2813;La Palta;Buenos Aires;nicolasgarcia@correo.com;62;43251686
Valeria;Acosta;Rivadavia 4355;25 de Mayo;Neuquén;valeriaacosta@correo.com;71;39451538
Gonzalo;Aguirre;Alvear 758;San Miguel;Tucumán;gonzaloaguirre@correo.com;54;17149563
Carlos;García;Alvear 813;Palermo;Córdoba;carlosgarcia@correo.com;29;42094904
Ezequiel;Ramírez;Belgrano 5444;Gral. Pico;Salta;ezequielramirez@correo.com;45;20632555
Elena;Díaz;Alvear 8371;Palermo;Salta;elenadiaz@correo.com;24;37953369
Elena;Herrera;Alvear 4711;25 de Mayo;Entre Ríos;elenaherrera@correo.com;66;19077149
Elena;Romero;Mitre 1506;Capitan Mendoza;Buenos Aires;elenaromero@correo.com;44;29250686
Abril;Molina;Av. San Martín 6289;San Miguel;Córdoba;abrilmolina@correo.com;67;13326044
Javier;Acosta;Mitre 788;San Martin;Tucumán;javieracosta@correo.com;83;37967457
Martina;Sosa;Alvear 2969;Gral. Pico;Chaco;martinasosa@correo.com;54;29632961
Nicolás;Herrera;Belgrano 5128;Gral. Pico;Misiones;nicolasherrera@correo.com;52;13744965
Victoria;Vidal;Urquiza 5688;San Miguel;Mendoza;victoriavidal@correo.com;67;43055301
Isabella;Peralta;Alvear 6352;Rosario de la Cruz;Tucumán;isabellaperalta@correo.com;43;32692455
Abril;Ramírez;Av. San Martín 6918;Gral. Pico;Córdoba;abrilramirez@correo.com;74;39948008
María;Fernández;Sarmiento 6241;Inmaculada Concepcion;Misiones;mariafernandez@correo.com;64;45540533
Gonzalo;Martínez;Urquiza 1314;Rosario de la Cruz;Santa Fe;gonzalomartinez@correo.com;45;46833836
Ana;Rodríguez;Belgrano 9219;Palermo;Neuquén;anarodriguez@correo.com;35;45782307
Javier;Herrera;Av. de Mayo 7516;Capitan Mendoza;Chaco;javierherrera@correo.com;32;14281842
Joaquín;Torres;Urquiza 1946;9 de Julio;Salta;joaquintorres@correo.com;55;21489296
Sara;García;Rivadavia 4231;25 de Mayo;Chaco;saragarcia@correo.com;26;43037259
Tomas;Martínez;Mitre 9084;Rosario de la Cruz;Tucumán;tomasmartinez@correo.com;59;25289764
Ignacio;Rodríguez;Sarmiento 4283;Palermo;Neuquén;ignaciorodriguez@correo.com;59;35552632
María;Ruiz;Av. de Mayo 195;Rosario de la Cruz;Misiones;mariaruiz@correo.com;54;21992864
Diego;Benítez;Alvear 6655;Capitan Mendoza;Córdoba;diegobenitez@correo.com;47;43043128
Diego;Sánchez;Pueyrredón 8797;Gral. Pico;Santa Fe;diegosanchez@correo.com;31;11002277
Nicolás;López;Urquiza 8974;Rosario de la Cruz;Salta;nicolaslopez@correo.com;36;39673606
Mateo;Ruiz;Pueyrredón 9237;Capitan Mendoza;Misiones;mateoruiz@correo.com;80;12008445
Gabriel;Rojas;Av. San Martín 5217;Inmaculada Concepcion;Santa Fe;gabrielrojas@correo.com;84;44167514
Carlos;García;Belgrano 1507;Gral. Pico;Tucumán;carlosgarcia@correo.com;67;38993280
Ezequiel;Rodríguez;Alvear 6230;25 de Mayo;Mendoza;ezequielrodriguez@correo.com;25;18766514
Diego;Acosta;Rivadavia 2209;9 de Julio;Córdoba;diegoacosta@correo.com;61;26280231
Isabella;Giménez;Sarmiento 4451;Inmaculada Concepcion;Chaco;isabellagimenez@correo.com;23;42350588
Sara;Rojas;Sarmiento 500;San Miguel;Tucumán;sararojas@correo.com;29;43216920
Valeria;Pérez;Av. San Martín 6471;San Miguel;Mendoza;valeriaperez@correo.com;77;12769078
María;Sánchez;Av. San Martín 7650;Gral. Pico;Tucumán;mariasanchez@correo.com;25;45180231
Santiago;Castro;Av. de Mayo 5145;25 de Mayo;Neuquén;santiagocastro@correo.com;39;46032970
Diego;Silva;Urquiza 5028;Gral. Pico;Entre Ríos;diegosilva@correo.com;51;35964930
Lucas;Flores;Urquiza 5057;San Martin;Chaco;lucasflores@correo.com;50;27829556
María;Sánchez;Pueyrredón 8170;25 de Mayo;Neuquén;mariasanchez@correo.com;46;40476172
Ana;Ruiz;Belgrano 5421;San Martin;Córdoba;anaruiz@correo.com;72;40283445
Mateo;López;Pueyrredón 8552;Inmaculada Concepcion;Mendoza;mateolopez@correo.com;35;20466748
Lucía;García;Sarmiento 1366;La Palta;Entre Ríos;luciagarcia@correo.com;46;12319367
Isabella;Medina;Belgrano 4887;Palermo;Misiones;isabellamedina@correo.com;31;29568555
Martina;Benítez;Sarmiento 543;Gral. Pico;Córdoba;martinabenitez@correo.com;63;29964725
Isabella;Fernández;Urquiza 2507;Rosario de la Cruz;Buenos Aires;isabellafernandez@correo.com;74;19634136
Gabriel;Flores;Sarmiento 8259;Gral. Pico;Salta;gabrielflores@correo.com;58;11905117
Abril;Giménez;Urquiza 2131;Gral. Pico;Tucumán;abrilgimenez@correo.com;25;14915483
Javier;Martínez;Av. San Martín 4910;San Miguel;Chaco;javiermartinez@correo.com;66;22637778
Carlos;Castro;Rivadavia 1517;San Martin;Tucumán;carloscastro@correo.com;59;36582743
Mateo;Medina;Mitre 389;9 de Julio;Mendoza;mateomedina@correo.com;78;38586366
Nicolás;Flores;Av. San Martín 7693;Palermo;Santa Fe;nicolasflores@correo.com;30;18552198
Ezequiel;Rodríguez;Alvear 8104;La Palta;Santa Fe;ezequielrodriguez@correo.com;27;33634413
Isabella;Peralta;Pueyrredón 198;Capitan Mendoza;Buenos Aires;isabellaperalta@correo.com;71;44934726
Camila;Torres;Pueyrredón 5510;Inmaculada Concepcion;Misiones;camilatorres@correo.com;46;45717635
Nicolás;Benítez;Lavalle 2202;25 de Mayo;Tucumán;nicolasbenitez@correo.com;79;31675913
Elena;Benítez;Lavalle 8898;San Martin;Entre Ríos;elenabenitez@correo.com;41;27818324
María;Castro;Alvear 6185;La Palta;Salta;mariacastro@correo.com;49;33622523
Natalia;Sosa;Rivadavia 2665;San Martin;Buenos Aires;nataliasosa@correo.com;77;43042026
Mateo;Gómez;Rivadavia 947;Capitan Mendoza;Chaco;mateogomez@correo.com;23;11493198
Carlos;Peralta;Pueyrredón 5596;9 de Julio;Salta;carlosperalta@correo.com;79;42292330
María;Pérez;Rivadavia 4667;Rosario de la Cruz;Buenos Aires;mariaperez@correo.com;18;21851905
Ana;Rojas;Lavalle 3419;25 de Mayo;Neuquén;anarojas@correo.com;75;22257205
Gabriel;López;Av. San Martín 8327;25 de Mayo;Chaco;gabriellopez@correo.com;49;12056420
Mateo;Gómez;Belgrano 4660;La Palta;Córdoba;mateogomez@correo.com;52;40312643
Mateo;Ruiz;Av. San Martín 8996;San Martin;Chaco;mateoruiz@correo.com;77;35492606
Camila;Álvarez;Urquiza 4353;San Martin;Buenos Aires;camilaalvarez@correo.com;56;33111288
Javier;González;Belgrano 4499;9 de Julio;Neuquén;javiergonzalez@correo.com;34;34273024
Agustín;García;Av. San Martín 6697;Rosario de la Cruz;Córdoba;agustingarcia@correo.com;81;47163996
Mateo;Rodríguez;Av. San Martín 3349;Palermo;Chaco;mateorodriguez@correo.com;29;18711343
Paula;Sosa;Alvear 7070;La Palta;Santa Fe;paulasosa@correo.com;20;38447437
María;Flores;Urquiza 9589;Gral. Pico;Misiones;mariaflores@correo.com;72;43709696
Isabella;Giménez;Sarmiento 3396;Rosario de la Cruz;Mendoza;isabellagimenez@correo.com;23;15466155
Victoria;Pérez;Alvear 8678;Rosario de la Cruz;Tucumán;victoriaperez@correo.com;82;12234366
Lucía;Peralta;Mitre 5525;Gral. Pico;Mendoza;luciaperalta@correo.com;44;38341822
Isabella;Medina;Belgrano 8589;Rosario de la Cruz;Buenos Aires;isabellamedina@correo.com;75;16961489
Camila;Gómez;Urquiza 3903;Rosario de la Cruz;Neuquén;camilagomez@correo.com;37;26952586
Victoria;Martínez;Pueyrredón 2087;Inmaculada Concepcion;Misiones;victoriamartinez@correo.com;23;43207740
Javier;Flores;Pueyrredón 6363;Rosario de la Cruz;Santa Fe;javierflores@correo.com;53;28259944
Victoria;Torres;Sarmiento 5451;9 de Julio;Chaco;victoriatorres@correo.com;50;40652844
Diego;García;Sarmiento 6554;25 de Mayo;Santa Fe;diegogarcia@correo.com;77;39913247
Luis;Medina;Av. de Mayo 4259;La Palta;Entre Ríos;luismedina@correo.com;33;35834348
Mateo;Acosta;Belgrano 2352;Capitan Mendoza;Misiones;mateoacosta@correo.com;73;35614015
Mateo;Benítez;Urquiza 8502;Palermo;Córdoba;mateobenitez@correo.com;40;40445388
Mateo;Romero;Pueyrredón 4031;Gral. Pico;Buenos Aires;mateoromero@correo.com;56;17522012
Valeria;Romero;Alvear 8308;Capitan Mendoza;Neuquén;valeriaromero@correo.com;54;35408333
Lucas;Sosa;Alvear 231;9 de Julio;Salta;lucassosa@correo.com;65;19615407
Lucía;Romero;Av. San Martín 1890;San Miguel;Salta;luciaromero@correo.com;66;39706339
María;López;Sarmiento 6080;9 de Julio;Tucumán;marialopez@correo.com;25;39421218
María;Castro;Urquiza 6464;San Martin;Tucumán;mariacastro@correo.com;48;15540285
Javier;Medina;Belgrano 5123;San Martin;Santa Fe;javiermedina@correo.com;19;17184206
Agustín;Rodríguez;Av. de Mayo 6944;San Miguel;Santa Fe;agustinrodriguez@correo.com;20;37685036
Isabella;Rojas;Urquiza 6626;Rosario de la Cruz;Entre Ríos;isabellarojas@correo.com;18;27527387
Valeria;Herrera;Lavalle 515;Inmaculada Concepcion;Chaco;valeriaherrera@correo.com;73;18303746
Daniela;Pérez;Sarmiento 9453;Capitan Mendoza;Chaco;danielaperez@correo.com;82;36930374
Santiago;González;Urquiza 797;25 de Mayo;Misiones;santiagogonzalez@correo.com;25;15125036
Tomas;Medina;Sarmiento 7456;25 de Mayo;Santa Fe;tomasmedina@correo.com;78;30088655
Joaquín;Sánchez;Alvear 7051;Gral. Pico;Misiones;joaquinsanchez@correo.com;41;46101814
Isabella;Romero;Mitre 8825;25 de Mayo;Buenos Aires;isabellaromero@correo.com;73;37717228
Javier;Ramírez;Av. San Martín 2414;Palermo;Santa Fe;javierramirez@correo.com;22;29436965
Lucía;Herrera;Pueyrredón 2165;San Martin;Mendoza;luciaherrera@correo.com;84;41738548
Agustín;Torres;Mitre 6517;Palermo;Salta;agustintorres@correo.com;45;35389807
Tomas;Castro;Rivadavia 920;Rosario de la Cruz;Entre Ríos;tomascastro@correo.com;53;41150359
Santiago;Acosta;Rivadavia 832;25 de Mayo;Entre Ríos;santiagoacosta@correo.com;38;31468950
Victoria;Guzmán;Rivadavia 796;9 de Julio;Buenos Aires;victoriaguzman@correo.com;57;41458185
Martina;Peralta;Pueyrredón 1804;Capitan Mendoza;Tucumán;martinaperalta@correo.com;56;20888563
Paula;García;Belgrano 3740;9 de Julio;Mendoza;paulagarcia@correo.com;36;18014210
Ezequiel;Guzmán;Lavalle 2214;San Miguel;Neuquén;ezequielguzman@correo.com;69;13518047
Joaquín;Herrera;Av. de Mayo 5451;Capitan Mendoza;Santa Fe;joaquinherrera@correo.com;69;33096785
Javier;Díaz;Lavalle 3082;9 de Julio;Salta;javierdiaz@correo.com;21;12007544
Joaquín;Fernández;Mitre 7134;Capitan Mendoza;Córdoba;joaquinfernandez@correo.com;32;28157030
Javier;Álvarez;Lavalle 3000;San Martin;Córdoba;javieralvarez@correo.com;57;12815767
Gonzalo;Sánchez;Av. de Mayo 4480;Inmaculada Concepcion;Mendoza;gonzalosanchez@correo.com;84;30425622
Valeria;Pérez;Alvear 1948;Palermo;Chaco;valeriaperez@correo.com;82;18940341
Lucía;Guzmán;Lavalle 626;Gral. Pico;Misiones;luciaguzman@correo.com;36;27542681
María;Giménez;Av. de Mayo 1799;25 de Mayo;Neuquén;mariagimenez@correo.com;59;44338959
Gonzalo;Vidal;Sarmiento 8032;Palermo;Santa Fe;gonzalovidal@correo.com;27;44563397
Javier;Herrera;Av. de Mayo 5833;Capitan Mendoza;Neuquén;javierherrera@correo.com;33;24586590
Abril;Gómez;Pueyrredón 4538;Palermo;Entre Ríos;abrilgomez@correo.com;61;25880888
Ezequiel;Torres;Belgrano 3089;Gral. Pico;Buenos Aires;ezequieltorres@correo.com;47;30860861
Natalia;Ruiz;Alvear 3009;La Palta;Salta;nataliaruiz@correo.com;47;29365327
Carlos;González;Lavalle 8700;9 de Julio;Mendoza;carlosgonzalez@correo.com;80;15494903
Ignacio;López;Av. de Mayo 7784;9 de Julio;Chaco;ignaciolopez@correo.com;54;42750381
Carlos;Herrera;Mitre 6582;Capitan Mendoza;Misiones;carlosherrera@correo.com;19;19247652
Valeria;Fernández;Alvear 3252;Gral. Pico;Chaco;valeriafernandez@correo.com;64;32436122
Sofía;Rodríguez;Alvear 7277;Rosario de la Cruz;Tucumán;sofiarodriguez@correo.com;29;44768814
Paula;Martínez;Urquiza 3599;25 de Mayo;Chaco;paulamartinez@correo.com;45;42261745
Sofía;Peralta;Rivadavia 9198;La Palta;Chaco;sofiaperalta@correo.com;56;25435393
Valeria;Romero;Rivadavia 5333;Gral. Pico;Mendoza;valeriaromero@correo.com;66;22235167
Martina;Díaz;Mitre 4698;Palermo;Entre Ríos;martinadiaz@correo.com;57;39109421
Martina;Guzmán;Lavalle 9678;La Palta;Salta;martinaguzman@correo.com;52;39789279
Lucas;Ramírez;Alvear 6735;San Martin;Santa Fe;lucasramirez@correo.com;62;45565042
Sofía;Pérez;Rivadavia 209;Capitan Mendoza;Santa Fe;sofiaperez@correo.com;36;36785414
Luis;Sosa;Urquiza 3158;La Palta;Neuquén;luissosa@correo.com;21;41921670
Sara;Herrera;Av. de Mayo 2575;Capitan Mendoza;Córdoba;saraherrera@correo.com;55;25434595
Diego;Fernández;Mitre 768;Inmaculada Concepcion;Neuquén;diegofernandez@correo.com;73;21286419
Javier;Vidal;Av. San Martín 90;San Martin;Mendoza;javiervidal@correo.com;59;16146716
Valeria;Flores;Av. San Martín 6132;Rosario de la Cruz;Entre Ríos;valeriaflores@correo.com;55;23648886
Agustín;Peralta;Alvear 8409;Gral. Pico;Salta;agustinperalta@correo.com;55;47411586
Ana;Vidal;Mitre 529;Capitan Mendoza;Salta;anavidal@correo.com;53;14050905
Sofía;Medina;Mitre 7576;Rosario de la Cruz;Córdoba;sofiamedina@correo.com;18;40909948
Natalia;Sánchez;Urquiza 8503;San Martin;Santa Fe;nataliasanchez@correo.com;42;15485789
Elena;Gómez;Urquiza 6497;9 de Julio;Misiones;elenagomez@correo.com;51;34890683
Mateo;González;Pueyrredón 6011;Inmaculada Concepcion;Tucumán;mateogonzalez@correo.com;35;31235545
Camila;Acosta;Av. de Mayo 5719;Capitan Mendoza;Misiones;camilaacosta@correo.com;70;25414314
Nicolás;Guzmán;Urquiza 2972;Palermo;Mendoza;nicolasguzman@correo.com;24;12461665
Mateo;Silva;Av. San Martín 5188;Palermo;Salta;mateosilva@correo.com;40;44798355
Ana;Molina;Mitre 4051;San Miguel;Misiones;anamolina@correo.com;49;14712913
Abril;Peralta;Av. de Mayo 1650;San Miguel;Santa Fe;abrilperalta@correo.com;74;41315454
Carlos;López;Av. de Mayo 1546;San Miguel;Salta;carloslopez@correo.com;70;46637769
Carlos;Medina;Mitre 5512;San Martin;Chaco;carlosmedina@correo.com;34;44503247
Ana;Flores;Sarmiento 1858;San Miguel;Buenos Aires;anaflores@correo.com;56;43073622
Valeria;Gómez;Av. de Mayo 4332;25 de Mayo;Mendoza;valeriagomez@correo.com;51;36843574
Daniela;Castro;Belgrano 3566;Capitan Mendoza;Chaco;danielacastro@correo.com;37;14739419
Javier;Gómez;Rivadavia 2588;25 de Mayo;Buenos Aires;javiergomez@correo.com;30;21006823
Elena;Rojas;Mitre 5066;25 de Mayo;Tucumán;elenarojas@correo.com;60;45439824
Lucas;Ramírez;Sarmiento 5633;9 de Julio;Córdoba;lucasramirez@correo.com;57;32461225
Joaquín;Flores;Sarmiento 836;Inmaculada Concepcion;Entre Ríos;joaquinflores@correo.com;35;43317873
Javier;Fernández;Sarmiento 9370;25 de Mayo;Chaco;javierfernandez@correo.com;74;35939107
Carlos;Gómez;Sarmiento 2501;25 de Mayo;Córdoba;carlosgomez@correo.com;56;20099567
Sofía;Flores;Mitre 7928;Rosario de la Cruz;Tucumán;sofiaflores@correo.com;23;40248044
Carlos;Martínez;Rivadavia 5719;San Martin;Buenos Aires;carlosmartinez@correo.com;72;31210047
Valeria;Álvarez;Alvear 7138;9 de Julio;Mendoza;valeriaalvarez@correo.com;43;15804940
Elena;Flores;Alvear 7265;Capitan Mendoza;Neuquén;elenaflores@correo.com;39;18373073
Valeria;Rodríguez;Alvear 6504;Palermo;Tucumán;valeriarodriguez@correo.com;79;29258667
Agustín;Giménez;Av. de Mayo 7249;San Martin;Chaco;agustingimenez@correo.com;33;47525120
Sofía;Acosta;Belgrano 1410;Capitan Mendoza;Santa Fe;sofiaacosta@correo.com;19;16522169
Elena;Martínez;Av. San Martín 6233;25 de Mayo;Santa Fe;elenamartinez@correo.com;23;41140892
Valeria;González;Av. San Martín 5604;Gral. Pico;Buenos Aires;valeriagonzalez@correo.com;45;46438067
Joaquín;Sánchez;Av. de Mayo 5362;Rosario de la Cruz;Neuquén;joaquinsanchez@correo.com;81;35747402
Gabriel;Vidal;Belgrano 4383;Inmaculada Concepcion;Salta;gabrielvidal@correo.com;39;46325791
Ezequiel;González;Av. de Mayo 7406;9 de Julio;Tucumán;ezequielgonzalez@correo.com;77;47038277
Agustín;Acosta;Rivadavia 6849;Palermo;Chaco;agustinacosta@correo.com;65;33832049
Gabriel;Gómez;Av. San Martín 4893;Gral. Pico;Córdoba;gabrielgomez@correo.com;42;23370970
Natalia;Díaz;Av. San Martín 9465;La Palta;Entre Ríos;nataliadiaz@correo.com;53;19237648
Nicolás;Herrera;Mitre 3734;Palermo;Entre Ríos;nicolasherrera@correo.com;78;41572065
Carlos;Romero;Rivadavia 378;San Martin;Neuquén;carlosromero@correo.com;56;16977711
Nicolás;Rojas;Belgrano 2804;Inmaculada Concepcion;Entre Ríos;nicolasrojas@correo.com;31;31898688
Lucía;Rodríguez;Mitre 8487;Gral. Pico;Tucumán;luciarodriguez@correo.com;25;39051359
Camila;Romero;Av. de Mayo 2613;9 de Julio;Chaco;camilaromero@correo.com;71;41025217
Diego;Peralta;Urquiza 7209;Palermo;Tucumán;diegoperalta@correo.com;75;24076345
Santiago;García;Belgrano 8794;Gral. Pico;Córdoba;santiagogarcia@correo.com;23;25026467
Gabriel;Castro;Rivadavia 3387;Inmaculada Concepcion;Entre Ríos;gabrielcastro@correo.com;57;24834983
Luis;Fernández;Rivadavia 3055;Rosario de la Cruz;Tucumán;luisfernandez@correo.com;81;20120048
Natalia;Flores;Av. San Martín 6501;Gral. Pico;Salta;nataliaflores@correo.com;31;43393272
Lucas;González;Rivadavia 1581;9 de Julio;Misiones;lucasgonzalez@correo.com;21;17325506
Lucía;Guzmán;Mitre 7161;Palermo;Córdoba;luciaguzman@correo.com;72;38607031
Martina;Díaz;Lavalle 9686;25 de Mayo;Buenos Aires;martinadiaz@correo.com;29;12361311
Ezequiel;Sosa;Alvear 9580;9 de Julio;Chaco;ezequielsosa@correo.com;76;35787606
Lucas;Giménez;Alvear 8259;9 de Julio;Mendoza;lucasgimenez@correo.com;34;28404655
Luis;Herrera;Av. de Mayo 3798;Palermo;Santa Fe;luisherrera@correo.com;35;29125526
Sofía;Molina;Lavalle 1063;9 de Julio;Mendoza;sofiamolina@correo.com;29;41360890
Javier;González;Belgrano 2897;San Martin;Entre Ríos;javiergonzalez@correo.com;30;27298960
Carlos;Herrera;Belgrano 5302;9 de Julio;Chaco;carlosherrera@correo.com;63;30832054
Abril;Aguirre;Lavalle 6630;Inmaculada Concepcion;Córdoba;abrilaguirre@correo.com;79;32179146
Ana;Flores;Mitre 9040;San Miguel;Entre Ríos;anaflores@correo.com;31;23826090
Diego;Benítez;Av. San Martín 3952;San Miguel;Santa Fe;diegobenitez@correo.com;79;26462813
Martina;Sánchez;Av. de Mayo 9226;La Palta;Misiones;martinasanchez@correo.com;77;21348237
Ezequiel;Flores;Sarmiento 2942;San Miguel;Neuquén;ezequielflores@correo.com;21;34675747
Lucas;Vidal;Av. San Martín 869;San Miguel;Neuquén;lucasvidal@correo.com;82;35004015
Luis;Aguirre;Av. San Martín 1635;San Miguel;Tucumán;luisaguirre@correo.com;81;26709115
Joaquín;Ruiz;Av. San Martín 2620;25 de Mayo;Chaco;joaquinruiz@correo.com;65;21845470
Elena;Rodríguez;Belgrano 245;San Miguel;Córdoba;elenarodriguez@correo.com;55;31901170
Martina;Molina;Av. de Mayo 5320;Capitan Mendoza;Buenos Aires;martinamolina@correo.com;84;40319695
Victoria;Guzmán;Mitre 2047;Rosario de la Cruz;Buenos Aires;victoriaguzman@correo.com;24;20425471
Camila;Castro;Belgrano 4484;9 de Julio;Salta;camilacastro@correo.com;77;13164805
Abril;Aguirre;Lavalle 6045;Palermo;Neuquén;abrilaguirre@correo.com;41;30629010
Agustín;Ramírez;Rivadavia 9224;Gral. Pico;Entre Ríos;agustinramirez@correo.com;58;42899056
Daniela;Sosa;Av. San Martín 1736;Rosario de la Cruz;Entre Ríos;danielasosa@correo.com;75;37083407
Gabriel;Medina;Sarmiento 833;Gral. Pico;Mendoza;gabrielmedina@correo.com;70;29551356
Lucía;Vidal;Sarmiento 4507;Palermo;Neuquén;luciavidal@correo.com;63;44280426
Mateo;Giménez;Lavalle 8258;Capitan Mendoza;Neuquén;mateogimenez@correo.com;81;40087857
Ignacio;Rodríguez;Belgrano 4042;Inmaculada Concepcion;Santa Fe;ignaciorodriguez@correo.com;56;43138950
Lucía;Álvarez;Urquiza 4344;25 de Mayo;Chaco;luciaalvarez@correo.com;74;25548283
Martina;Flores;Av. San Martín 8514;25 de Mayo;Chaco;martinaflores@correo.com;19;31965013
Abril;Silva;Rivadavia 3769;Capitan Mendoza;Chaco;abrilsilva@correo.com;66;26508821
Gonzalo;Sánchez;Urquiza 4545;Rosario de la Cruz;Córdoba;gonzalosanchez@correo.com;63;29517190
Carlos;Fernández;Pueyrredón 4482;Inmaculada Concepcion;Chaco;carlosfernandez@correo.com;52;26638615
Natalia;Sosa;Av. San Martín 4884;Palermo;Misiones;nataliasosa@correo.com;31;21789154
Luis;Sánchez;Urquiza 1054;Palermo;Mendoza;luissanchez@correo.com;79;29587737
Sofía;Ruiz;Urquiza 7337;La Palta;Chaco;sofiaruiz@correo.com;71;47755867
Ignacio;Ramírez;Belgrano 7555;9 de Julio;Buenos Aires;ignacioramirez@correo.com;72;19538003
Gonzalo;Sosa;Sarmiento 9591;Inmaculada Concepcion;Santa Fe;gonzalososa@correo.com;72;11410539
Gabriel;Flores;Alvear 3062;Capitan Mendoza;Buenos Aires;gabrielflores@correo.com;80;40568004
Martina;Giménez;Av. San Martín 8634;San Miguel;Tucumán;martinagimenez@correo.com;33;47279925
Camila;Ramírez;Rivadavia 2978;Capitan Mendoza;Santa Fe;camilaramirez@correo.com;84;42425283
Elena;Martínez;Av. de Mayo 6162;Gral. Pico;Entre Ríos;elenamartinez@correo.com;80;17267710
Nicolás;Medina;Mitre 8373;San Martin;Córdoba;nicolasmedina@correo.com;46;38421292
Victoria;Sosa;Av. de Mayo 8906;Palermo;Tucumán;victoriasosa@correo.com;72;22328749
Gabriel;Giménez;Av. de Mayo 5384;25 de Mayo;Buenos Aires;gabrielgimenez@correo.com;32;38644961
Diego;Ruiz;Mitre 4793;La Palta;Entre Ríos;diegoruiz@correo.com;31;40467712
Agustín;Pérez;Rivadavia 611;9 de Julio;Buenos Aires;agustinperez@correo.com;53;32311857
Tomas;Torres;Av. de Mayo 640;9 de Julio;Salta;tomastorres@correo.com;21;36586053
Luis;López;Sarmiento 4793;La Palta;Chaco;luislopez@correo.com;76;42271253
Santiago;Martínez;Sarmiento 7307;Palermo;Mendoza;santiagomartinez@correo.com;46;43751913
Lucas;Sánchez;Belgrano 1459;La Palta;Chaco;lucassanchez@correo.com;72;25105212
Mateo;Ruiz;Lavalle 9685;Gral. Pico;Santa Fe;mateoruiz@correo.com;67;27317324
Javier;Acosta;Belgrano 4407;Gral. Pico;Misiones;javieracosta@correo.com;33;31030567
Natalia;García;Av. San Martín 2545;San Miguel;Santa Fe;nataliagarcia@correo.com;23;13342828
Ana;Vidal;Av. de Mayo 4638;Rosario de la Cruz;Tucumán;anavidal@correo.com;64;39184918
Lucas;Gómez;Av. San Martín 3235;La Palta;Salta;lucasgomez@correo.com;43;27215306
Camila;Gómez;Pueyrredón 6904;San Martin;Salta;camilagomez@correo.com;49;18452080
Paula;Aguirre;Pueyrredón 5014;Rosario de la Cruz;Neuquén;paulaaguirre@correo.com;33;32559771
Lucas;Ramírez;Lavalle 3344;San Miguel;Neuquén;lucasramirez@correo.com;36;30717658
Isabella;Ruiz;Alvear 9443;La Palta;Córdoba;isabellaruiz@correo.com;69;32698865
Camila;López;Alvear 1434;La Palta;Santa Fe;camilalopez@correo.com;20;35149441
Santiago;Giménez;Rivadavia 7183;La Palta;Mendoza;santiagogimenez@correo.com;38;43990133
Victoria;Molina;Urquiza 9052;San Miguel;Buenos Aires;victoriamolina@correo.com;63;46001265
Javier;Giménez;Belgrano 3733;Gral. Pico;Neuquén;javiergimenez@correo.com;34;25224162
Joaquín;Álvarez;Mitre 6870;La Palta;Santa Fe;joaquinalvarez@correo.com;44;40240290
Luis;Aguirre;Belgrano 1897;9 de Julio;Misiones;luisaguirre@correo.com;68;17354988
Abril;Álvarez;Rivadavia 299;25 de Mayo;Misiones;abrilalvarez@correo.com;43;28606469
Ignacio;Díaz;Av. de Mayo 7757;San Martin;Entre Ríos;ignaciodiaz@correo.com;72;47437054
Abril;Flores;Mitre 1168;Palermo;Córdoba;abrilflores@correo.com;61;46741535
Gonzalo;Aguirre;Alvear 2538;Capitan Mendoza;Córdoba;gonzaloaguirre@correo.com;60;19752588
Nicolás;Castro;Belgrano 2795;9 de Julio;Córdoba;nicolascastro@correo.com;53;28594982
Ezequiel;Pérez;Urquiza 1246;San Martin;Misiones;ezequielperez@correo.com;24;27496949
Ana;Fernández;Urquiza 1034;9 de Julio;Santa Fe;anafernandez@correo.com;21;15927552
Paula;López;Belgrano 8419;Palermo;Salta;paulalopez@correo.com;52;45955660
Nicolás;Torres;Urquiza 8459;Gral. Pico;Buenos Aires;nicolastorres@correo.com;68;24326825
Daniela;Benítez;Av. de Mayo 786;San Martin;Neuquén;danielabenitez@correo.com;63;22331995
Javier;Sosa;Pueyrredón 445;Inmaculada Concepcion;Chaco;javiersosa@correo.com;83;34071067
Paula;Benítez;Pueyrredón 989;Rosario de la Cruz;Tucumán;paulabenitez@correo.com;67;24370738
Valeria;Martínez;Alvear 6212;Gral. Pico;Córdoba;valeriamartinez@correo.com;79;41533988
Agustín;Acosta;Pueyrredón 6236;25 de Mayo;Buenos Aires;agustinacosta@correo.com;48;26514478
Tomas;Silva;Lavalle 6050;La Palta;Santa Fe;tomassilva@correo.com;55;21582756
Ana;Pérez;Av. de Mayo 8166;Rosario de la Cruz;Entre Ríos;anaperez@correo.com;77;12272180
Camila;Herrera;Alvear 561;Gral. Pico;Mendoza;camilaherrera@correo.com;73;28946206
Daniela;Ruiz;Pueyrredón 8014;San Martin;Buenos Aires;danielaruiz@correo.com;69;34712787
Camila;Giménez;Belgrano 3411;Palermo;Neuquén;camilagimenez@correo.com;18;36826398
Joaquín;Sánchez;Belgrano 6265;Inmaculada Concepcion;Tucumán;joaquinsanchez@correo.com;37;45797137
Joaquín;Sosa;Belgrano 1934;San Miguel;Misiones;joaquinsosa@correo.com;28;24297500
Gonzalo;Álvarez;Sarmiento 371;La Palta;Salta;gonzaloalvarez@correo.com;70;28053317
Martina;García;Mitre 2884;Capitan Mendoza;Entre Ríos;martinagarcia@correo.com;37;15499403
Joaquín;Vidal;Mitre 3269;Palermo;Neuquén;joaquinvidal@correo.com;79;28029293
Mateo;Benítez;Av. San Martín 4618;9 de Julio;Salta;mateobenitez@correo.com;65;36872244
Sara;Giménez;Sarmiento 868;Inmaculada Concepcion;Chaco;saragimenez@correo.com;70;32536118
Gonzalo;Pérez;Av. de Mayo 8557;Palermo;Entre Ríos;gonzaloperez@correo.com;22;39440335
Paula;Fernández;Mitre 4421;La Palta;Misiones;paulafernandez@correo.com;61;12132113
Victoria;Torres;Belgrano 4447;Palermo;Neuquén;victoriatorres@correo.com;24;44206463
Javier;Romero;Sarmiento 9159;Gral. Pico;Buenos Aires;javierromero@correo.com;45;11708053
Sara;Romero;Lavalle 4855;Rosario de la Cruz;Mendoza;sararomero@correo.com;57;37270527
Victoria;Díaz;Urquiza 6776;Capitan Mendoza;Córdoba;victoriadiaz@correo.com;19;18612163
Martina;González;Alvear 3174;Palermo;Salta;martinagonzalez@correo.com;25;23927469
Daniela;Rodríguez;Pueyrredón 8622;25 de Mayo;Buenos Aires;danielarodriguez@correo.com;43;36872854
Paula;Herrera;Rivadavia 9489;La Palta;Entre Ríos;paulaherrera@correo.com;36;45066499
Abril;Herrera;Pueyrredón 598;La Palta;Misiones;abrilherrera@correo.com;30;44485961
Victoria;Sánchez;Av. de Mayo 1459;Palermo;Neuquén;victoriasanchez@correo.com;28;39792411
Lucas;Aguirre;Alvear 4411;Rosario de la Cruz;Córdoba;lucasaguirre@correo.com;39;25819445
Paula;Ruiz;Av. San Martín 9738;9 de Julio;Misiones;paularuiz@correo.com;59;13189152
Victoria;Martínez;Lavalle 6105;Inmaculada Concepcion;Neuquén;victoriamartinez@correo.com;62;19058176
Valeria;Acosta;Av. San Martín 1076;Inmaculada Concepcion;Entre Ríos;valeriaacosta@correo.com;54;37818350
Martina;Ruiz;Mitre 3842;Inmaculada Concepcion;Tucumán;martinaruiz@correo.com;31;13553403
Ezequiel;Torres;Lavalle 8326;Palermo;Neuquén;ezequieltorres@correo.com;69;16972421
Natalia;Aguirre;Alvear 1523;9 de Julio;Salta;nataliaaguirre@correo.com;79;28491728
Sofía;Medina;Rivadavia 956;9 de Julio;Córdoba;sofiamedina@correo.com;68;39389782
Sara;González;Alvear 1247;Gral. Pico;Córdoba;saragonzalez@correo.com;75;39733817
Javier;Álvarez;Alvear 1985;Capitan Mendoza;Córdoba;javieralvarez@correo.com;40;17449629
Joaquín;Rojas;Sarmiento 7111;Capitan Mendoza;Buenos Aires;joaquinrojas@correo.com;22;33490550
Nicolás;Fernández;Alvear 4689;Capitan Mendoza;Buenos Aires;nicolasfernandez@correo.com;42;26966413
Ignacio;López;Rivadavia 6012;La Palta;Chaco;ignaciolopez@correo.com;43;33733174
Javier;Sánchez;Rivadavia 5755;San Miguel;Mendoza;javiersanchez@correo.com;47;40056024
Sofía;Benítez;Urquiza 8466;Gral. Pico;Salta;sofiabenitez@correo.com;33;16900907
María;Álvarez;Alvear 1267;Capitan Mendoza;Chaco;mariaalvarez@correo.com;59;28904947
Diego;Pérez;Mitre 1661;9 de Julio;Tucumán;diegoperez@correo.com;35;35223043
Paula;Aguirre;Av. San Martín 6400;Gral. Pico;Mendoza;paulaaguirre@correo.com;23;42459001
Paula;Rodríguez;Av. San Martín 6751;San Martin;Salta;paularodriguez@correo.com;36;25478177
Ignacio;Álvarez;Alvear 9959;25 de Mayo;Mendoza;ignacioalvarez@correo.com;82;33130558
Abril;González;Mitre 7676;San Martin;Misiones;abrilgonzalez@correo.com;43;44232411
Agustín;Álvarez;Av. San Martín 4795;La Palta;Misiones;agustinalvarez@correo.com;28;19073634
Carlos;López;Belgrano 9667;Gral. Pico;Mendoza;carloslopez@correo.com;74;22869755
Martina;Ruiz;Mitre 7418;Gral. Pico;Buenos Aires;martinaruiz@correo.com;49;13178021
Lucía;Rodríguez;Lavalle 6158;25 de Mayo;Santa Fe;luciarodriguez@correo.com;45;38412100
Abril;López;Sarmiento 6026;Rosario de la Cruz;Tucumán;abrillopez@correo.com;58;29043916
Ignacio;Romero;Av. de Mayo 3720;Palermo;Santa Fe;ignacioromero@correo.com;67;47936778
Martina;Álvarez;Sarmiento 6218;Capitan Mendoza;Salta;martinaalvarez@correo.com;83;12981909
Daniela;Herrera;Lavalle 5175;Gral. Pico;Salta;danielaherrera@correo.com;71;23419763
Isabella;Ruiz;Mitre 8182;Palermo;Misiones;isabellaruiz@correo.com;71;14196655
Javier;Romero;Av. de Mayo 8257;Gral. Pico;Neuquén;javierromero@correo.com;59;38482513
Javier;Peralta;Av. San Martín 5787;Palermo;Santa Fe;javierperalta@correo.com;51;41154607
Isabella;Rodríguez;Mitre 3765;San Martin;Tucumán;isabellarodriguez@correo.com;63;47556004
Ignacio;Sosa;Av. San Martín 4750;San Martin;Chaco;ignaciososa@correo.com;53;43194046
Ignacio;Rodríguez;Urquiza 2513;Gral. Pico;Salta;ignaciorodriguez@correo.com;27;35747693
Javier;Pérez;Belgrano 2823;9 de Julio;Neuquén;javierperez@correo.com;26;36053400
Ana;Medina;Pueyrredón 4052;Inmaculada Concepcion;Entre Ríos;anamedina@correo.com;67;27561094
Camila;Aguirre;Alvear 5790;La Palta;Tucumán;camilaaguirre@correo.com;46;36436803
Luis;Martínez;Mitre 1080;La Palta;Neuquén;luismartinez@correo.com;55;47839437
Elena;Rojas;Belgrano 5217;Rosario de la Cruz;Santa Fe;elenarojas@correo.com;39;20635084
Agustín;Díaz;Belgrano 3018;25 de Mayo;Santa Fe;agustindiaz@correo.com;78;21402558
Carlos;Álvarez;Urquiza 400;Rosario de la Cruz;Neuquén;carlosalvarez@correo.com;69;19324154
Natalia;Sánchez;Pueyrredón 5679;San Martin;Córdoba;nataliasanchez@correo.com;73;41088190
Luis;Díaz;Rivadavia 6395;Palermo;Tucumán;luisdiaz@correo.com;20;23959014
Joaquín;Acosta;Av. San Martín 7458;La Palta;Neuquén;joaquinacosta@correo.com;56;39924862
Ana;Aguirre;Urquiza 1258;San Martin;Santa Fe;anaaguirre@correo.com;51;25950617
María;Pérez;Sarmiento 8514;25 de Mayo;Misiones;mariaperez@correo.com;30;36836504
Martina;Medina;Lavalle 5689;Palermo;Chaco;martinamedina@correo.com;79;35607729
Agustín;Rodríguez;Mitre 6078;La Palta;Tucumán;agustinrodriguez@correo.com;63;37836669
Mateo;Pérez;Av. de Mayo 316;La Palta;Tucumán;mateoperez@correo.com;77;14829535
Valeria;Ruiz;Lavalle 3186;La Palta;Entre Ríos;valeriaruiz@correo.com;23;39515598
Lucas;Herrera;Av. San Martín 5881;Gral. Pico;Entre Ríos;lucasherrera@correo.com;75;38488847
Gonzalo;Castro;Av. San Martín 592;25 de Mayo;Neuquén;gonzalocastro@correo.com;49;43516603
Abril;Torres;Lavalle 9874;San Miguel;Entre Ríos;abriltorres@correo.com;65;13581507
Santiago;Herrera;Belgrano 1128;Gral. Pico;Mendoza;santiagoherrera@correo.com;57;45526988
Abril;Rodríguez;Av. San Martín 8272;San Miguel;Santa Fe;abrilrodriguez@correo.com;72;23869154
Sofía;Ruiz;Urquiza 5286;Rosario de la Cruz;Entre Ríos;sofiaruiz@correo.com;57;34765226
Abril;Rojas;Mitre 3482;Rosario de la Cruz;Mendoza;abrilrojas@correo.com;31;47737606
Isabella;Sánchez;Urquiza 939;San Miguel;Neuquén;isabellasanchez@correo.com;25;37239501
Paula;Rodríguez;Av. San Martín 8990;San Miguel;Misiones;paularodriguez@correo.com;75;45327522
María;Ramírez;Sarmiento 3288;9 de Julio;Chaco;mariaramirez@correo.com;20;27181494
Luis;Ramírez;Belgrano 8095;Capitan Mendoza;Entre Ríos;luisramirez@correo.com;55;38275450
Paula;Romero;Mitre 1690;Palermo;Entre Ríos;paularomero@correo.com;32;42212216
Lucas;Molina;Rivadavia 9584;Inmaculada Concepcion;Entre Ríos;lucasmolina@correo.com;42;30676920
Luis;Ruiz;Lavalle 4646;25 de Mayo;Salta;luisruiz@correo.com;18;38954362
Martina;Herrera;Sarmiento 8082;La Palta;Chaco;martinaherrera@correo.com;65;44758357
Camila;Herrera;Lavalle 9736;Inmaculada Concepcion;Misiones;camilaherrera@correo.com;48;36736902
Tomas;Rodríguez;Sarmiento 7944;Capitan Mendoza;Entre Ríos;tomasrodriguez@correo.com;63;36930513
Valeria;Álvarez;Mitre 8752;San Martin;Córdoba;valeriaalvarez@correo.com;54;46006354
Camila;González;Alvear 5840;Rosario de la Cruz;Chaco;camilagonzalez@correo.com;23;26467817
María;Acosta;Belgrano 1029;Rosario de la Cruz;Salta;mariaacosta@correo.com;63;41648578
Ana;Sosa;Av. de Mayo 1155;Gral. Pico;Córdoba;anasosa@correo.com;46;18269043
Javier;García;Rivadavia 1620;Capitan Mendoza;Salta;javiergarcia@correo.com;69;46100961
Sofía;Sánchez;Belgrano 7523;San Martin;Tucumán;sofiasanchez@correo.com;40;42607148
Sara;Peralta;Av. San Martín 3237;Gral. Pico;Tucumán;saraperalta@correo.com;70;43196630
Tomas;Gómez;Rivadavia 7070;25 de Mayo;Chaco;tomasgomez@correo.com;70;13690387
Luis;Flores;Sarmiento 5158;Palermo;Buenos Aires;luisflores@correo.com;47;19731840
Ignacio;Ramírez;Belgrano 5410;Inmaculada Concepcion;Misiones;ignacioramirez@correo.com;44;33670944
Ezequiel;Vidal;Belgrano 5796;Inmaculada Concepcion;Chaco;ezequielvidal@correo.com;39;42420509
Luis;Ruiz;Av. San Martín 8898;Gral. Pico;Chaco;luisruiz@correo.com;68;18311022
Natalia;Molina;Av. San Martín 1668;Gral. Pico;Córdoba;nataliamolina@correo.com;55;44643729
Elena;Sánchez;Mitre 987;Capitan Mendoza;Tucumán;elenasanchez@correo.com;22;30552732
Ana;Gómez;Urquiza 3625;Gral. Pico;Salta;anagomez@correo.com;69;43346848
Martina;Peralta;Rivadavia 6016;25 de Mayo;Córdoba;martinaperalta@correo.com;24;25965361
Elena;Peralta;Pueyrredón 1544;25 de Mayo;Neuquén;elenaperalta@correo.com;79;15379784
Isabella;Martínez;Av. de Mayo 5948;San Martin;Córdoba;isabellamartinez@correo.com;39;29195813
Nicolás;Torres;Av. San Martín 2312;9 de Julio;Santa Fe;nicolastorres@correo.com;75;35058304
Luis;Medina;Mitre 7385;Capitan Mendoza;Santa Fe;luismedina@correo.com;51;31013316
Nicolás;Sosa;Rivadavia 3193;Rosario de la Cruz;Tucumán;nicolassosa@correo.com;53;40146430
Elena;Fernández;Av. San Martín 3455;Gral. Pico;Neuquén;elenafernandez@correo.com;82;26430243
Lucas;Medina;Av. de Mayo 6054;Rosario de la Cruz;Santa Fe;lucasmedina@correo.com;63;22201254
Isabella;Peralta;Sarmiento 3710;Palermo;Entre Ríos;isabellaperalta@correo.com;27;30186214
Paula;López;Urquiza 7152;25 de Mayo;Entre Ríos;paulalopez@correo.com;40;15713737
Paula;Rojas;Lavalle 4358;Gral. Pico;Buenos Aires;paularojas@correo.com;40;45728009
Agustín;Pérez;Alvear 2252;Palermo;Santa Fe;agustinperez@correo.com;42;46332114
Abril;Ramírez;Alvear 1024;9 de Julio;Córdoba;abrilramirez@correo.com;22;18545292
Joaquín;Molina;Pueyrredón 6775;9 de Julio;Misiones;joaquinmolina@correo.com;39;25867688
Lucas;Gómez;Belgrano 3055;Gral. Pico;Santa Fe;lucasgomez@correo.com;28;21971505
Gabriel;Martínez;Av. de Mayo 2202;Capitan Mendoza;Chaco;gabrielmartinez@correo.com;39;40567003
Paula;Álvarez;Mitre 7866;Inmaculada Concepcion;Neuquén;paulaalvarez@correo.com;19;27579777
Ezequiel;López;Pueyrredón 1248;Palermo;Misiones;ezequiellopez@correo.com;20;18012831
Victoria;Flores;Urquiza 5735;La Palta;Buenos Aires;victoriaflores@correo.com;24;32130049
Ezequiel;Castro;Av. de Mayo 1409;Gral. Pico;Salta;ezequielcastro@correo.com;21;18206600
Luis;Martínez;Alvear 846;9 de Julio;Buenos Aires;luismartinez@correo.com;53;14150189
Lucía;Giménez;Av. San Martín 2830;Palermo;Salta;luciagimenez@correo.com;18;19784305
Diego;Silva;Belgrano 6539;San Miguel;Córdoba;diegosilva@correo.com;47;25819695
Elena;Silva;Belgrano 6910;Gral. Pico;Chaco;elenasilva@correo.com;67;39209337
Ignacio;Sánchez;Belgrano 6292;San Martin;Misiones;ignaciosanchez@correo.com;66;30560282
Diego;Acosta;Mitre 3170;25 de Mayo;Tucumán;diegoacosta@correo.com;49;24521924
Camila;Guzmán;Lavalle 2041;San Martin;Santa Fe;camilaguzman@correo.com;28;27733472
Javier;Ramírez;Alvear 4548;San Miguel;Córdoba;javierramirez@correo.com;76;25518922
Nicolás;Rojas;Urquiza 7807;9 de Julio;Mendoza;nicolasrojas@correo.com;62;34188792
Diego;Sosa;Lavalle 4705;Gral. Pico;Tucumán;diegososa@correo.com;59;11918548
Mateo;Sánchez;Lavalle 997;Capitan Mendoza;Salta;mateosanchez@correo.com;50;18711202
Luis;López;Rivadavia 2526;La Palta;Misiones;luislopez@correo.com;50;26385842
Camila;Díaz;Sarmiento 832;Gral. Pico;Misiones;camiladiaz@correo.com;83;14167152
Daniela;Peralta;Lavalle 287;Gral. Pico;Tucumán;danielaperalta@correo.com;44;44902509
Ezequiel;Martínez;Lavalle 3462;La Palta;Chaco;ezequielmartinez@correo.com;18;40244188
Abril;Álvarez;Pueyrredón 2111;Capitan Mendoza;Buenos Aires;abrilalvarez@correo.com;81;18470109
Gabriel;Vidal;Sarmiento 3155;San Martin;Santa Fe;gabrielvidal@correo.com;55;13543039
Mateo;López;Lavalle 9099;25 de Mayo;Santa Fe;mateolopez@correo.com;67;21386144
Valeria;Sánchez;Alvear 2486;Inmaculada Concepcion;Buenos Aires;valeriasanchez@correo.com;18;27471145
Elena;Ruiz;Belgrano 8970;San Martin;Buenos Aires;elenaruiz@correo.com;33;20686746
Ignacio;Pérez;Mitre 3435;Capitan Mendoza;Mendoza;ignacioperez@correo.com;62;33854520
Ana;Ruiz;Rivadavia 718;Palermo;Neuquén;anaruiz@correo.com;69;23934292
Isabella;Rojas;Urquiza 8469;25 de Mayo;Chaco;isabellarojas@correo.com;57;21161958
Paula;Castro;Urquiza 7489;La Palta;Córdoba;paulacastro@correo.com;50;11897729
Isabella;Rojas;Lavalle 636;9 de Julio;Entre Ríos;isabellarojas@correo.com;28;29016042
María;Sosa;Pueyrredón 2366;San Martin;Tucumán;mariasosa@correo.com;67;26804402
Diego;Benítez;Rivadavia 7011;9 de Julio;Neuquén;diegobenitez@correo.com;51;17729283
Ana;Flores;Rivadavia 8146;Gral. Pico;Santa Fe;anaflores@correo.com;46;17521349
Mateo;Guzmán;Alvear 2593;La Palta;Entre Ríos;mateoguzman@correo.com;48;44032287
Paula;Ramírez;Sarmiento 2224;Palermo;Buenos Aires;paularamirez@correo.com;81;44311522
Sofía;Ramírez;Belgrano 2166;Rosario de la Cruz;Mendoza;sofiaramirez@correo.com;44;13173786
Ana;Castro;Av. San Martín 4833;Inmaculada Concepcion;Tucumán;anacastro@correo.com;36;21765386
Lucía;Sosa;Pueyrredón 2802;25 de Mayo;Buenos Aires;luciasosa@correo.com;54;27631017
Sara;Aguirre;Mitre 9271;Inmaculada Concepcion;Entre Ríos;saraaguirre@correo.com;37;22807482
Daniela;González;Sarmiento 4797;San Martin;Neuquén;danielagonzalez@correo.com;67;28853231
Gonzalo;Silva;Pueyrredón 7065;Inmaculada Concepcion;Mendoza;gonzalosilva@correo.com;39;16757256
Paula;Aguirre;Sarmiento 1705;San Martin;Entre Ríos;paulaaguirre@correo.com;31;26966304
Gonzalo;Guzmán;Lavalle 969;Rosario de la Cruz;Misiones;gonzaloguzman@correo.com;35;13978807
Joaquín;Flores;Sarmiento 1546;La Palta;Tucumán;joaquinflores@correo.com;37;22390505
Ezequiel;García;Mitre 9263;San Martin;Santa Fe;ezequielgarcia@correo.com;62;19517249
Luis;Ruiz;Urquiza 6027;La Palta;Salta;luisruiz@correo.com;58;25654311
Nicolás;Flores;Av. de Mayo 808;La Palta;Córdoba;nicolasflores@correo.com;70;20179331
Sara;Álvarez;Sarmiento 599;Gral. Pico;Chaco;saraalvarez@correo.com;18;19060058
Gonzalo;Romero;Rivadavia 6139;Rosario de la Cruz;Misiones;gonzaloromero@correo.com;72;22583336
Agustín;Medina;Pueyrredón 6375;25 de Mayo;Chaco;agustinmedina@correo.com;46;15627961
Ignacio;Acosta;Lavalle 7958;Rosario de la Cruz;Córdoba;ignacioacosta@correo.com;25;43640367
Ignacio;Benítez;Pueyrredón 1939;Capitan Mendoza;Neuquén;ignaciobenitez@correo.com;18;20716604
Luis;Romero;Av. de Mayo 5027;Inmaculada Concepcion;Santa Fe;luisromero@correo.com;75;40542471
Daniela;Flores;Lavalle 2795;Rosario de la Cruz;Tucumán;danielaflores@correo.com;43;45477708
Sofía;García;Av. San Martín 1548;Capitan Mendoza;Salta;sofiagarcia@correo.com;48;12064234
Sofía;Rojas;Av. San Martín 9609;Inmaculada Concepcion;Salta;sofiarojas@correo.com;68;24207938
Luis;López;Mitre 7807;Rosario de la Cruz;Misiones;luislopez@correo.com;53;17000476
María;Sánchez;Pueyrredón 3694;9 de Julio;Chaco;mariasanchez@correo.com;31;22863186
Gonzalo;Rodríguez;Av. de Mayo 6301;La Palta;Salta;gonzalorodriguez@correo.com;57;24949596
Martina;Flores;Av. San Martín 5622;La Palta;Santa Fe;martinaflores@correo.com;75;22722187
Lucía;Torres;Av. San Martín 4599;Capitan Mendoza;Chaco;luciatorres@correo.com;53;44158386
Valeria;Romero;Belgrano 6139;25 de Mayo;Córdoba;valeriaromero@correo.com;65;16352493
Carlos;Sosa;Belgrano 5930;San Miguel;Salta;carlossosa@correo.com;59;17170017
Natalia;Aguirre;Mitre 9870;Capitan Mendoza;Buenos Aires;nataliaaguirre@correo.com;47;43895236
Camila;Pérez;Urquiza 5189;Capitan Mendoza;Misiones;camilaperez@correo.com;76;13894427
Carlos;Flores;Alvear 4998;La Palta;Misiones;carlosflores@correo.com;54;44533645
Martina;Ruiz;Av. San Martín 669;Inmaculada Concepcion;Misiones;martinaruiz@correo.com;75;21843932
Daniela;Castro;Sarmiento 49;Capitan Mendoza;Buenos Aires;danielacastro@correo.com;31;31035000
Joaquín;Acosta;Alvear 9840;La Palta;Neuquén;joaquinacosta@correo.com;71;34386830
Mateo;García;Sarmiento 5205;Capitan Mendoza;Buenos Aires;mateogarcia@correo.com;83;38025232
Tomas;Benítez;Alvear 2219;Inmaculada Concepcion;Neuquén;tomasbenitez@correo.com;55;37746165
Paula;Sánchez;Av. de Mayo 2975;25 de Mayo;Buenos Aires;paulasanchez@correo.com;82;43579660
Carlos;Sánchez;Alvear 1810;La Palta;Salta;carlossanchez@correo.com;41;15285340
Ezequiel;López;Lavalle 2913;La Palta;Entre Ríos;ezequiellopez@correo.com;53;18926567
Mateo;Flores;Pueyrredón 7277;Gral. Pico;Misiones;mateoflores@correo.com;73;47455768
Gonzalo;Molina;Urquiza 9116;Gral. Pico;Tucumán;gonzalomolina@correo.com;44;11279101
Ana;Sánchez;Av. San Martín 5823;Inmaculada Concepcion;Mendoza;anasanchez@correo.com;72;15874813
Mateo;Martínez;Pueyrredón 2569;Rosario de la Cruz;Neuquén;mateomartinez@correo.com;69;45529360
Carlos;Torres;Mitre 1523;Gral. Pico;Córdoba;carlostorres@correo.com;59;30952184
Valeria;Rodríguez;Lavalle 9692;San Martin;Salta;valeriarodriguez@correo.com;44;13649976
Sara;Pérez;Belgrano 1846;Inmaculada Concepcion;Entre Ríos;saraperez@correo.com;39;39996916
Ana;Ruiz;Av. de Mayo 2441;Inmaculada Concepcion;Córdoba;anaruiz@correo.com;51;43796609
Lucía;Fernández;Belgrano 368;San Miguel;Tucumán;luciafernandez@correo.com;34;16616429
Agustín;Rodríguez;Rivadavia 8761;San Miguel;Córdoba;agustinrodriguez@correo.com;18;16420848
Paula;Sosa;Urquiza 8737;Gral. Pico;Tucumán;paulasosa@correo.com;32;22524655
Lucía;Sánchez;Belgrano 2220;Palermo;Misiones;luciasanchez@correo.com;59;41784738
Natalia;Vidal;Belgrano 1776;Rosario de la Cruz;Mendoza;nataliavidal@correo.com;83;36239594
Lucas;Benítez;Av. de Mayo 3827;Gral. Pico;Córdoba;lucasbenitez@correo.com;37;43437920
Luis;Herrera;Rivadavia 6887;La Palta;Córdoba;luisherrera@correo.com;57;18216625
Santiago;Vidal;Mitre 7625;La Palta;Entre Ríos;santiagovidal@correo.com;65;24327900
Joaquín;Flores;Alvear 6932;Palermo;Santa Fe;joaquinflores@correo.com;78;22192185
Sara;Álvarez;Mitre 1317;Capitan Mendoza;Mendoza;saraalvarez@correo.com;59;34395049
Ezequiel;Peralta;Av. San Martín 4950;Palermo;Santa Fe;ezequielperalta@correo.com;34;26069103
Daniela;Torres;Sarmiento 2426;San Martin;Salta;danielatorres@correo.com;41;24848660
Victoria;Silva;Av. de Mayo 6755;Palermo;Tucumán;victoriasilva@correo.com;20;26845563
Ana;Rodríguez;Urquiza 5370;San Miguel;Santa Fe;anarodriguez@correo.com;31;21618573
Elena;Rojas;Lavalle 4466;San Martin;Salta;elenarojas@correo.com;32;24114404
Camila;Díaz;Rivadavia 6974;La Palta;Buenos Aires;camiladiaz@correo.com;59;16575828
Valeria;Fernández;Av. de Mayo 6231;San Miguel;Mendoza;valeriafernandez@correo.com;28;34960907
Gabriel;Sánchez;Sarmiento 227;25 de Mayo;Salta;gabrielsanchez@correo.com;39;28721584
Gonzalo;González;Alvear 9028;Gral. Pico;Neuquén;gonzalogonzalez@correo.com;29;14939875
Abril;Molina;Belgrano 264;Gral. Pico;Neuquén;abrilmolina@correo.com;73;27402723
Ezequiel;Acosta;Urquiza 2577;San Miguel;Córdoba;ezequielacosta@correo.com;75;38056296
Paula;Benítez;Sarmiento 3134;La Palta;Misiones;paulabenitez@correo.com;32;31417258
Santiago;Romero;Urquiza 7097;Inmaculada Concepcion;Córdoba;santiagoromero@correo.com;42;29842382
María;Herrera;Alvear 2282;Capitan Mendoza;Entre Ríos;mariaherrera@correo.com;57;27188835
Abril;Rodríguez;Av. San Martín 1348;Rosario de la Cruz;Salta;abrilrodriguez@correo.com;25;32447699
Camila;Peralta;Lavalle 6156;Gral. Pico;Misiones;camilaperalta@correo.com;81;42649968
Paula;Molina;Lavalle 4685;San Miguel;Buenos Aires;paulamolina@correo.com;45;46831494
Camila;Molina;Pueyrredón 7263;Rosario de la Cruz;Misiones;camilamolina@correo.com;39;15844439
Victoria;Pérez;Sarmiento 8718;Capitan Mendoza;Salta;victoriaperez@correo.com;44;42821327
Lucía;Guzmán;Rivadavia 2261;Gral. Pico;Buenos Aires;luciaguzman@correo.com;35;16463996
Carlos;Rodríguez;Pueyrredón 882;Inmaculada Concepcion;Salta;carlosrodriguez@correo.com;76;46176682
Nicolás;Pérez;Alvear 7707;San Martin;Buenos Aires;nicolasperez@correo.com;39;31805416
Elena;Herrera;Urquiza 6059;Capitan Mendoza;Tucumán;elenaherrera@correo.com;61;41403945
Martina;Aguirre;Rivadavia 5134;Rosario de la Cruz;Córdoba;martinaaguirre@correo.com;23;37955987
Lucas;Fernández;Belgrano 3465;Capitan Mendoza;Mendoza;lucasfernandez@correo.com;28;47698729
Lucas;Flores;Rivadavia 1481;Capitan Mendoza;Santa Fe;lucasflores@correo.com;29;28314544
Elena;Silva;Sarmiento 7092;Gral. Pico;Mendoza;elenasilva@correo.com;24;42939683
Mateo;Herrera;Alvear 2985;Rosario de la Cruz;Tucumán;mateoherrera@correo.com;40;36515433
Sofía;Vidal;Rivadavia 5942;Capitan Mendoza;Chaco;sofiavidal@correo.com;82;40852084
Mateo;Sánchez;Mitre 905;La Palta;Santa Fe;mateosanchez@correo.com;49;24563720
Javier;Rodríguez;Mitre 8287;9 de Julio;Tucumán;javierrodriguez@correo.com;61;15421567
Victoria;Aguirre;Mitre 8738;Capitan Mendoza;Entre Ríos;victoriaaguirre@correo.com;32;37294557
Tomas;Benítez;Sarmiento 2464;Inmaculada Concepcion;Neuquén;tomasbenitez@correo.com;51;28043688
Victoria;Torres;Alvear 231;La Palta;Córdoba;victoriatorres@correo.com;84;45744406
Paula;Pérez;Belgrano 8069;La Palta;Misiones;paulaperez@correo.com;22;22448844
Victoria;Peralta;Pueyrredón 635;25 de Mayo;Santa Fe;victoriaperalta@correo.com;33;23585084
Mateo;Ruiz;Lavalle 8283;San Miguel;Chaco;mateoruiz@correo.com;70;47162414
María;Romero;Av. San Martín 216;Inmaculada Concepcion;Mendoza;mariaromero@correo.com;27;39794691
Victoria;Herrera;Pueyrredón 6078;San Miguel;Córdoba;victoriaherrera@correo.com;52;24421576
Ezequiel;Sánchez;Pueyrredón 6319;Inmaculada Concepcion;Buenos Aires;ezequielsanchez@correo.com;32;26159788
Abril;García;Mitre 2742;9 de Julio;Neuquén;abrilgarcia@correo.com;21;33778858
Joaquín;Medina;Rivadavia 9419;25 de Mayo;Chaco;joaquinmedina@correo.com;45;22938906
Gabriel;Flores;Rivadavia 6283;9 de Julio;Tucumán;gabrielflores@correo.com;75;22861387
Ignacio;Aguirre;Av. de Mayo 1562;25 de Mayo;Córdoba;ignacioaguirre@correo.com;50;27199558
Ezequiel;Flores;Sarmiento 2011;Palermo;Mendoza;ezequielflores@correo.com;45;40641825
Santiago;Ramírez;Pueyrredón 63;9 de Julio;Chaco;santiagoramirez@correo.com;42;38008682
Luis;Fernández;Belgrano 9287;Inmaculada Concepcion;Neuquén;luisfernandez@correo.com;19;46426203
Javier;Ramírez;Av. San Martín 941;La Palta;Santa Fe;javierramirez@correo.com;65;39627636
Elena;Peralta;Av. San Martín 2940;Inmaculada Concepcion;Neuquén;elenaperalta@correo.com;30;32117581
Valeria;Ruiz;Mitre 4168;Inmaculada Concepcion;Misiones;valeriaruiz@correo.com;59;39561159
Natalia;Sosa;Av. de Mayo 3937;25 de Mayo;Mendoza;nataliasosa@correo.com;52;12469528
Lucía;Silva;Lavalle 3729;Rosario de la Cruz;Neuquén;luciasilva@correo.com;21;41867483
Ignacio;Ramírez;Mitre 9676;25 de Mayo;Mendoza;ignacioramirez@correo.com;67;32630715
Natalia;García;Alvear 9613;Gral. Pico;Córdoba;nataliagarcia@correo.com;45;42562065
Martina;González;Urquiza 1309;Palermo;Entre Ríos;martinagonzalez@correo.com;65;13317854
Luis;Martínez;Mitre 5161;Palermo;Misiones;luismartinez@correo.com;18;29332785
Paula;Díaz;Belgrano 116;San Martin;Salta;pauladiaz@correo.com;29;36751029
Javier;Peralta;Rivadavia 8371;Palermo;Tucumán;javierperalta@correo.com;49;46853049
Carlos;Fernández;Belgrano 7807;9 de Julio;Córdoba;carlosfernandez@correo.com;36;11045392
Gonzalo;Aguirre;Mitre 5301;Palermo;Buenos Aires;gonzaloaguirre@correo.com;54;39013459
Sara;Díaz;Alvear 9418;25 de Mayo;Mendoza;saradiaz@correo.com;60;32616901
María;Ramírez;Alvear 9650;25 de Mayo;Misiones;mariaramirez@correo.com;30;33609834
Abril;Peralta;Av. San Martín 3440;Inmaculada Concepcion;Neuquén;abrilperalta@correo.com;54;25781726
Isabella;González;Pueyrredón 9554;Rosario de la Cruz;Misiones;isabellagonzalez@correo.com;47;47059610
Abril;Álvarez;Alvear 3098;Rosario de la Cruz;Chaco;abrilalvarez@correo.com;51;33421230
Lucas;Flores;Urquiza 8988;La Palta;Entre Ríos;lucasflores@correo.com;44;33542632
Paula;García;Belgrano 518;Capitan Mendoza;Buenos Aires;paulagarcia@correo.com;25;12508814
Santiago;Flores;Av. de Mayo 3730;25 de Mayo;Buenos Aires;santiagoflores@correo.com;39;43799563
Ezequiel;Sosa;Belgrano 1340;Inmaculada Concepcion;Entre Ríos;ezequielsosa@correo.com;78;35565088
Martina;Sánchez;Urquiza 9035;Inmaculada Concepcion;Santa Fe;martinasanchez@correo.com;73;21082532
Santiago;García;Av. de Mayo 8054;Inmaculada Concepcion;Misiones;santiagogarcia@correo.com;36;35630308
Gabriel;Giménez;Alvear 5249;Rosario de la Cruz;Mendoza;gabrielgimenez@correo.com;58;38271413
Gabriel;Ramírez;Alvear 7868;Palermo;Misiones;gabrielramirez@correo.com;18;36141927
Ignacio;Benítez;Sarmiento 3515;San Miguel;Mendoza;ignaciobenitez@correo.com;81;42281009
Daniela;Guzmán;Av. San Martín 309;Inmaculada Concepcion;Mendoza;danielaguzman@correo.com;54;16488996
Carlos;Aguirre;Lavalle 2258;San Miguel;Santa Fe;carlosaguirre@correo.com;74;24870567
Ignacio;Ruiz;Alvear 1308;La Palta;Mendoza;ignacioruiz@correo.com;50;38815308
Nicolás;Aguirre;Sarmiento 597;Rosario de la Cruz;Salta;nicolasaguirre@correo.com;29;30280374
Luis;Díaz;Rivadavia 6979;La Palta;Buenos Aires;luisdiaz@correo.com;39;39154924
Ezequiel;Giménez;Mitre 8265;Rosario de la Cruz;Mendoza;ezequielgimenez@correo.com;22;18702833
Abril;Molina;Mitre 5132;Inmaculada Concepcion;Buenos Aires;abrilmolina@correo.com;70;30206809
Paula;Gómez;Pueyrredón 7619;San Miguel;Chaco;paulagomez@correo.com;79;44694844
Agustín;Flores;Av. San Martín 1265;Gral. Pico;Misiones;agustinflores@correo.com;83;46095782
Martina;Fernández;Lavalle 469;Capitan Mendoza;Chaco;martinafernandez@correo.com;40;31608412
Mateo;Martínez;Rivadavia 2539;9 de Julio;Tucumán;mateomartinez@correo.com;40;26621336
Santiago;Martínez;Rivadavia 8561;La Palta;Santa Fe;santiagomartinez@correo.com;59;27483094
Elena;Ruiz;Lavalle 2268;San Miguel;Entre Ríos;elenaruiz@correo.com;40;29507336
Santiago;Ramírez;Sarmiento 9040;Palermo;Mendoza;santiagoramirez@correo.com;29;47616486
Sofía;Silva;Mitre 343;Rosario de la Cruz;Salta;sofiasilva@correo.com;20;43496063
Joaquín;Gómez;Av. San Martín 965;Rosario de la Cruz;Chaco;joaquingomez@correo.com;45;47756005
Ignacio;González;Lavalle 3265;Inmaculada Concepcion;Santa Fe;ignaciogonzalez@correo.com;27;40205190
Sara;Sánchez;Sarmiento 2068;San Martin;Neuquén;sarasanchez@correo.com;30;43233893
Camila;Aguirre;Lavalle 1331;San Miguel;Tucumán;camilaaguirre@correo.com;53;23831196
Lucas;Molina;Rivadavia 5518;San Martin;Tucumán;lucasmolina@correo.com;78;17425992
Diego;López;Mitre 5948;25 de Mayo;Mendoza;diegolopez@correo.com;43;17709543
Lucía;Medina;Alvear 4738;Palermo;Mendoza;luciamedina@correo.com;23;37197597
Abril;Rojas;Av. San Martín 8314;La Palta;Entre Ríos;abrilrojas@correo.com;43;39082211
Ignacio;Rodríguez;Rivadavia 5270;Inmaculada Concepcion;Neuquén;ignaciorodriguez@correo.com;75;27967539
Luis;Fernández;Belgrano 6170;San Martin;Santa Fe;luisfernandez@correo.com;75;29210635
Ezequiel;Fernández;Lavalle 2659;Gral. Pico;Buenos Aires;ezequielfernandez@correo.com;46;32225437
Isabella;Rodríguez;Urquiza 7153;San Martin;Santa Fe;isabellarodriguez@correo.com;43;34421452
Valeria;González;Lavalle 4118;Capitan Mendoza;Misiones;valeriagonzalez@correo.com;52;44278945
Santiago;Aguirre;Sarmiento 6900;La Palta;Misiones;santiagoaguirre@correo.com;82;44585844
Ezequiel;Rodríguez;Belgrano 5436;9 de Julio;Buenos Aires;ezequielrodriguez@correo.com;61;23736826
Nicolás;González;Pueyrredón 5448;La Palta;Santa Fe;nicolasgonzalez@correo.com;20;33335301
Paula;Rodríguez;Sarmiento 1007;San Martin;Tucumán;paularodriguez@correo.com;53;47952993
Carlos;Peralta;Sarmiento 5882;9 de Julio;Tucumán;carlosperalta@correo.com;53;14754534
Victoria;López;Urquiza 2541;25 de Mayo;Neuquén;victorialopez@correo.com;23;45044749
Victoria;Giménez;Av. de Mayo 2439;San Martin;Neuquén;victoriagimenez@correo.com;62;34890918
Mateo;Castro;Belgrano 5950;San Martin;Misiones;mateocastro@correo.com;75;30426363
Victoria;Pérez;Rivadavia 5994;Gral. Pico;Entre Ríos;victoriaperez@correo.com;70;14640245
Agustín;Díaz;Av. de Mayo 7552;25 de Mayo;Córdoba;agustindiaz@correo.com;31;46095520
Natalia;Rojas;Sarmiento 1581;Rosario de la Cruz;Chaco;nataliarojas@correo.com;29;40812372
Joaquín;Medina;Alvear 2903;9 de Julio;Chaco;joaquinmedina@correo.com;40;21609342
Mateo;Giménez;Av. de Mayo 6493;Inmaculada Concepcion;Tucumán;mateogimenez@correo.com;77;20448248
Sara;Rodríguez;Lavalle 2560;Capitan Mendoza;Santa Fe;sararodriguez@correo.com;84;16090750
Tomas;Rojas;Rivadavia 1481;La Palta;Entre Ríos;tomasrojas@correo.com;57;23578967
Martina;García;Av. de Mayo 1715;Capitan Mendoza;Santa Fe;martinagarcia@correo.com;68;40721626
Joaquín;Romero;Belgrano 1777;Capitan Mendoza;Chaco;joaquinromero@correo.com;31;43963303
Paula;Rojas;Urquiza 2091;Gral. Pico;Salta;paularojas@correo.com;71;31003194
Lucía;Sánchez;Belgrano 3048;Inmaculada Concepcion;Tucumán;luciasanchez@correo.com;46;39287678
Nicolás;Sánchez;Rivadavia 116;San Martin;Córdoba;nicolassanchez@correo.com;39;33127442
Luis;Pérez;Av. de Mayo 7025;Palermo;Chaco;luisperez@correo.com;48;21186838
Luis;Flores;Urquiza 7828;Palermo;Salta;luisflores@correo.com;74;30629014
Joaquín;Castro;Av. San Martín 2363;Capitan Mendoza;Chaco;joaquincastro@correo.com;20;45424345
Gonzalo;Benítez;Av. de Mayo 1444;Capitan Mendoza;Salta;gonzalobenitez@correo.com;20;44600773
Daniela;Peralta;Urquiza 8783;Rosario de la Cruz;Buenos Aires;danielaperalta@correo.com;81;45004123
Carlos;Herrera;Av. de Mayo 8928;25 de Mayo;Chaco;carlosherrera@correo.com;55;43903631
Gonzalo;Rojas;Lavalle 6857;San Miguel;Tucumán;gonzalorojas@correo.com;75;38196551
Natalia;Aguirre;Rivadavia 9579;Inmaculada Concepcion;Córdoba;nataliaaguirre@correo.com;57;43315093
Victoria;Rojas;Mitre 4436;Palermo;Misiones;victoriarojas@correo.com;55;29870490
Abril;Torres;Urquiza 6338;Palermo;Tucumán;abriltorres@correo.com;25;44559245
Sara;Peralta;Av. San Martín 2057;San Martin;Tucumán;saraperalta@correo.com;61;24577699
Sofía;Rojas;Sarmiento 4213;25 de Mayo;Neuquén;sofiarojas@correo.com;32;34413226
Camila;Gómez;Av. de Mayo 3617;Capitan Mendoza;Mendoza;camilagomez@correo.com;49;37479170
Camila;Rojas;Alvear 431;Gral. Pico;Entre Ríos;camilarojas@correo.com;51;36416285
Mateo;Romero;Sarmiento 7948;Rosario de la Cruz;Mendoza;mateoromero@correo.com;20;11263869
Gabriel;Aguirre;Belgrano 3679;San Miguel;Misiones;gabrielaguirre@correo.com;23;27222244
Sofía;Romero;Mitre 1240;25 de Mayo;Santa Fe;sofiaromero@correo.com;42;33557321
Nicolás;Rodríguez;Av. San Martín 8394;9 de Julio;Misiones;nicolasrodriguez@correo.com;19;30421201
Victoria;García;Belgrano 7475;25 de Mayo;Entre Ríos;victoriagarcia@correo.com;44;37825887
Sofía;Díaz;Mitre 2526;Capitan Mendoza;Neuquén;sofiadiaz@correo.com;27;45983945
Luis;Castro;Mitre 6661;Gral. Pico;Santa Fe;luiscastro@correo.com;53;19397008
Camila;Molina;Urquiza 790;Palermo;Neuquén;camilamolina@correo.com;30;44049791
Luis;Rojas;Sarmiento 5619;9 de Julio;Chaco;luisrojas@correo.com;50;34883137
Isabella;Peralta;Alvear 2485;San Martin;Mendoza;isabellaperalta@correo.com;52;19869560
Javier;Castro;Alvear 8379;25 de Mayo;Misiones;javiercastro@correo.com;68;31395886
Victoria;Silva;Urquiza 4708;San Martin;Entre Ríos;victoriasilva@correo.com;31;28123646
Victoria;Rojas;Lavalle 8052;Rosario de la Cruz;Salta;victoriarojas@correo.com;20;20637096
Isabella;Flores;Alvear 7644;La Palta;Santa Fe;isabellaflores@correo.com;47;18515935
Santiago;Ruiz;Sarmiento 143;San Miguel;Chaco;santiagoruiz@correo.com;60;46413591
Gabriel;Flores;Mitre 3006;San Martin;Misiones;gabrielflores@correo.com;35;44410795
Sofía;Castro;Pueyrredón 246;Inmaculada Concepcion;Salta;sofiacastro@correo.com;42;28467747
Victoria;Romero;Belgrano 3195;Rosario de la Cruz;Misiones;victoriaromero@correo.com;53;29996019
Javier;Sosa;Pueyrredón 6671;San Martin;Misiones;javiersosa@correo.com;27;43303207
Lucía;Rojas;Sarmiento 4636;Palermo;Santa Fe;luciarojas@correo.com;76;19949874
Ana;Molina;Mitre 2847;Inmaculada Concepcion;Córdoba;anamolina@correo.com;36;26025007
Lucas;Giménez;Urquiza 9313;Rosario de la Cruz;Buenos Aires;lucasgimenez@correo.com;53;30840393
Natalia;Rojas;Lavalle 6943;La Palta;Salta;nataliarojas@correo.com;27;18683496
Martina;Sánchez;Mitre 7387;9 de Julio;Buenos Aires;martinasanchez@correo.com;67;15707174
Tomas;Ruiz;Urquiza 6233;9 de Julio;Buenos Aires;tomasruiz@correo.com;52;25187057
Victoria;Romero;Alvear 8005;Palermo;Mendoza;victoriaromero@correo.com;22;30897959
Ignacio;Ruiz;Rivadavia 9632;San Martin;Buenos Aires;ignacioruiz@correo.com;47;29915602
Diego;Sosa;Pueyrredón 491;La Palta;Tucumán;diegososa@correo.com;31;40367263
Valeria;Rodríguez;Lavalle 7975;Capitan Mendoza;Buenos Aires;valeriarodriguez@correo.com;60;29524250
Paula;Rodríguez;Mitre 1398;Gral. Pico;Santa Fe;paularodriguez@correo.com;52;20802463
Diego;Aguirre;Rivadavia 972;Gral. Pico;Misiones;diegoaguirre@correo.com;50;13772077
Tomas;Molina;Alvear 5776;Capitan Mendoza;Buenos Aires;tomasmolina@correo.com;56;14516571
Victoria;Sosa;Av. San Martín 3800;La Palta;Salta;victoriasosa@correo.com;48;25059694
Ignacio;Acosta;Sarmiento 6559;San Miguel;Mendoza;ignacioacosta@correo.com;54;30974542
Martina;Giménez;Rivadavia 6598;Rosario de la Cruz;Chaco;martinagimenez@correo.com;69;20401725
Nicolás;Álvarez;Rivadavia 4068;25 de Mayo;Córdoba;nicolasalvarez@correo.com;54;45474416
Carlos;Vidal;Rivadavia 9526;25 de Mayo;Mendoza;carlosvidal@correo.com;72;11277415
Martina;Sosa;Urquiza 5612;Capitan Mendoza;Chaco;martinasosa@correo.com;43;39854055
Elena;Sánchez;Sarmiento 8169;25 de Mayo;Santa Fe;elenasanchez@correo.com;40;15622108
María;Ramírez;Lavalle 619;La Palta;Salta;mariaramirez@correo.com;41;19789474
Gabriel;Flores;Av. San Martín 680;La Palta;Tucumán;gabrielflores@correo.com;78;36030411
Ignacio;Silva;Lavalle 3598;25 de Mayo;Neuquén;ignaciosilva@correo.com;68;22456088
Carlos;Castro;Lavalle 5548;9 de Julio;Tucumán;carloscastro@correo.com;46;41492111
Gabriel;González;Sarmiento 3791;Palermo;Misiones;gabrielgonzalez@correo.com;46;24600912
Natalia;Díaz;Sarmiento 6090;Gral. Pico;Salta;nataliadiaz@correo.com;57;40086553
Lucía;Rojas;Mitre 1981;Gral. Pico;Chaco;luciarojas@correo.com;73;40164116
Santiago;Giménez;Pueyrredón 3967;25 de Mayo;Entre Ríos;santiagogimenez@correo.com;65;36251456
Ana;Rojas;Av. San Martín 5199;San Miguel;Entre Ríos;anarojas@correo.com;29;18179346
Paula;Martínez;Av. San Martín 7104;San Martin;Santa Fe;paulamartinez@correo.com;23;29378112
Javier;Silva;Lavalle 2681;Inmaculada Concepcion;Buenos Aires;javiersilva@correo.com;84;35751546
Diego;Castro;Lavalle 5792;San Miguel;Misiones;diegocastro@correo.com;73;32274502
Daniela;Rojas;Belgrano 3472;San Martin;Santa Fe;danielarojas@correo.com;57;17637382
Ana;Aguirre;Belgrano 5945;Gral. Pico;Misiones;anaaguirre@correo.com;58;46147181
Agustín;Vidal;Urquiza 3833;Gral. Pico;Santa Fe;agustinvidal@correo.com;82;20335613
Tomas;Medina;Belgrano 4051;25 de Mayo;Mendoza;tomasmedina@correo.com;49;24316402
Santiago;Martínez;Lavalle 9776;La Palta;Salta;santiagomartinez@correo.com;38;27990045
Ezequiel;Guzmán;Av. San Martín 9886;Gral. Pico;Tucumán;ezequielguzman@correo.com;40;27305534
Paula;Peralta;Av. San Martín 6636;Rosario de la Cruz;Misiones;paulaperalta@correo.com;78;18662133
Daniela;Giménez;Mitre 6316;Gral. Pico;Tucumán;danielagimenez@correo.com;32;21299941
Elena;Martínez;Sarmiento 3413;Gral. Pico;Chaco;elenamartinez@correo.com;62;33312956
Javier;Giménez;Av. San Martín 3913;Inmaculada Concepcion;Misiones;javiergimenez@correo.com;66;16212691
María;Aguirre;Av. San Martín 7712;San Miguel;Salta;mariaaguirre@correo.com;57;33306128
Camila;Fernández;Urquiza 4397;San Martin;Mendoza;camilafernandez@correo.com;50;27999996
Ana;Sosa;Rivadavia 5574;Inmaculada Concepcion;Tucumán;anasosa@correo.com;79;30461659
Diego;Sosa;Pueyrredón 662;Gral. Pico;Buenos Aires;diegososa@correo.com;83;27893038
Mateo;Sosa;Mitre 9833;Palermo;Tucumán;mateososa@correo.com;51;46922965
Nicolás;Vidal;Lavalle 600;San Martin;Neuquén;nicolasvidal@correo.com;50;25495235
Paula;Ramírez;Lavalle 2957;La Palta;Córdoba;paularamirez@correo.com;63;12296090
Isabella;Romero;Lavalle 5956;9 de Julio;Entre Ríos;isabellaromero@correo.com;32;14236076
Valeria;Díaz;Av. San Martín 4028;9 de Julio;Neuquén;valeriadiaz@correo.com;55;20421734
Javier;Díaz;Pueyrredón 4003;La Palta;Entre Ríos;javierdiaz@correo.com;26;21894773
Joaquín;Rojas;Belgrano 6492;Capitan Mendoza;Neuquén;joaquinrojas@correo.com;39;12784925
María;Gómez;Lavalle 7994;25 de Mayo;Salta;mariagomez@correo.com;36;42651054
Ezequiel;Sosa;Lavalle 6119;Rosario de la Cruz;Salta;ezequielsosa@correo.com;81;47963996
Natalia;Silva;Sarmiento 2513;Capitan Mendoza;Mendoza;nataliasilva@correo.com;53;33750950
Sofía;Acosta;Pueyrredón 1820;La Palta;Entre Ríos;sofiaacosta@correo.com;26;34053072
Valeria;Torres;Av. San Martín 4829;Gral. Pico;Córdoba;valeriatorres@correo.com;67;12780289
Gabriel;Rodríguez;Av. de Mayo 2036;25 de Mayo;Salta;gabrielrodriguez@correo.com;30;43584185
Natalia;González;Alvear 8980;Gral. Pico;Chaco;nataliagonzalez@correo.com;59;21822011
Sofía;Fernández;Belgrano 248;San Martin;Tucumán;sofiafernandez@correo.com;48;31502519
Martina;Álvarez;Av. San Martín 1839;9 de Julio;Buenos Aires;martinaalvarez@correo.com;35;39267822
Tomas;Peralta;Lavalle 4039;Gral. Pico;Entre Ríos;tomasperalta@correo.com;67;16922888
Carlos;Gómez;Urquiza 7331;9 de Julio;Santa Fe;carlosgomez@correo.com;54;28025334
Gabriel;Rodríguez;Lavalle 2313;25 de Mayo;Córdoba;gabrielrodriguez@correo.com;51;20668228
Lucas;Díaz;Sarmiento 5912;Palermo;Mendoza;lucasdiaz@correo.com;70;47045871
Sofía;Flores;Sarmiento 848;La Palta;Buenos Aires;sofiaflores@correo.com;83;38092103
Abril;Castro;Mitre 1208;La Palta;Santa Fe;abrilcastro@correo.com;21;32745578
Diego;García;Av. de Mayo 7171;San Martin;Tucumán;diegogarcia@correo.com;84;35323011
Gabriel;Torres;Alvear 1145;La Palta;Entre Ríos;gabrieltorres@correo.com;23;33721109
Agustín;Giménez;Rivadavia 1877;Capitan Mendoza;Córdoba;agustingimenez@correo.com;77;12370215
Diego;Benítez;Lavalle 5579;La Palta;Córdoba;diegobenitez@correo.com;63;34048207
Sara;Vidal;Av. San Martín 7684;San Martin;Mendoza;saravidal@correo.com;23;21625509
Gabriel;Castro;Rivadavia 5787;Rosario de la Cruz;Neuquén;gabrielcastro@correo.com;79;46205928
Tomas;García;Pueyrredón 8841;Palermo;Neuquén;tomasgarcia@correo.com;82;26055479
Gabriel;Gómez;Mitre 5019;Gral. Pico;Salta;gabrielgomez@correo.com;24;27895930
Nicolás;Medina;Rivadavia 7987;Rosario de la Cruz;Neuquén;nicolasmedina@correo.com;83;34336374
Joaquín;López;Pueyrredón 7541;9 de Julio;Misiones;joaquinlopez@correo.com;22;18092238
Paula;Pérez;Urquiza 9089;San Miguel;Córdoba;paulaperez@correo.com;51;14067839
Sofía;Martínez;Sarmiento 8250;Palermo;Tucumán;sofiamartinez@correo.com;58;14591438
Camila;Sánchez;Lavalle 6156;Rosario de la Cruz;Tucumán;camilasanchez@correo.com;49;43132364
Camila;López;Rivadavia 855;Rosario de la Cruz;Salta;camilalopez@correo.com;45;46122573
Gonzalo;Martínez;Lavalle 660;9 de Julio;Entre Ríos;gonzalomartinez@correo.com;75;15106905
Gabriel;Pérez;Av. San Martín 3792;San Martin;Salta;gabrielperez@correo.com;25;12505092
Lucas;Vidal;Mitre 3492;Rosario de la Cruz;Tucumán;lucasvidal@correo.com;67;36227559
Ignacio;Fernández;Av. de Mayo 686;San Martin;Córdoba;ignaciofernandez@correo.com;70;29464795
Diego;Castro;Alvear 721;25 de Mayo;Córdoba;diegocastro@correo.com;63;22799318
Isabella;Ruiz;Lavalle 6079;La Palta;Entre Ríos;isabellaruiz@correo.com;38;21056864
Ezequiel;Rojas;Alvear 1801;San Miguel;Mendoza;ezequielrojas@correo.com;36;37849874
Natalia;González;Av. de Mayo 230;Capitan Mendoza;Mendoza;nataliagonzalez@correo.com;37;46056997
Ana;Acosta;Sarmiento 5206;San Miguel;Mendoza;anaacosta@correo.com;33;46771426
Ezequiel;Benítez;Rivadavia 8870;San Miguel;Mendoza;ezequielbenitez@correo.com;60;42452614
Elena;Aguirre;Alvear 6943;San Martin;Misiones;elenaaguirre@correo.com;23;24621371
Lucía;Vidal;Urquiza 6538;San Miguel;Córdoba;luciavidal@correo.com;56;38261841
Daniela;López;Lavalle 851;La Palta;Córdoba;danielalopez@correo.com;79;38831621
Ignacio;Ramírez;Urquiza 8347;Palermo;Misiones;ignacioramirez@correo.com;71;13736750
Valeria;Álvarez;Belgrano 149;San Miguel;Santa Fe;valeriaalvarez@correo.com;48;13872064
Martina;Vidal;Av. San Martín 3691;Rosario de la Cruz;Neuquén;martinavidal@correo.com;25;38150510
Gabriel;Torres;Av. San Martín 4216;Rosario de la Cruz;Neuquén;gabrieltorres@correo.com;59;26499126
Martina;Fernández;Lavalle 9837;Inmaculada Concepcion;Chaco;martinafernandez@correo.com;41;34016843
Isabella;Medina;Av. San Martín 3719;San Martin;Entre Ríos;isabellamedina@correo.com;60;41917203
Abril;Medina;Urquiza 8629;9 de Julio;Buenos Aires;abrilmedina@correo.com;29;26012757
Lucía;Ramírez;Sarmiento 8036;San Miguel;Neuquén;luciaramirez@correo.com;52;42006229
Luis;Rodríguez;Alvear 3964;Gral. Pico;Neuquén;luisrodriguez@correo.com;51;26943334
Gabriel;Rodríguez;Sarmiento 8691;San Martin;Chaco;gabrielrodriguez@correo.com;18;14543184
Gabriel;Sánchez;Rivadavia 8988;La Palta;Mendoza;gabrielsanchez@correo.com;25;28589371
Ignacio;González;Sarmiento 1935;Inmaculada Concepcion;Neuquén;ignaciogonzalez@correo.com;22;19965122
Ezequiel;Benítez;Av. San Martín 8161;San Martin;Entre Ríos;ezequielbenitez@correo.com;41;32599175
Diego;Díaz;Rivadavia 1108;25 de Mayo;Mendoza;diegodiaz@correo.com;65;34197467
Paula;Aguirre;Mitre 5585;Palermo;Salta;paulaaguirre@correo.com;64;32424033
Martina;Martínez;Av. San Martín 6035;Inmaculada Concepcion;Mendoza;martinamartinez@correo.com;72;37793219
Gabriel;Benítez;Pueyrredón 9309;Rosario de la Cruz;Neuquén;gabrielbenitez@correo.com;40;11312125
Gabriel;Ruiz;Alvear 6361;Palermo;Entre Ríos;gabrielruiz@correo.com;80;34653007
Victoria;Rojas;Rivadavia 2800;Palermo;Salta;victoriarojas@correo.com;71;42226598
Lucas;Benítez;Av. de Mayo 9875;9 de Julio;Santa Fe;lucasbenitez@correo.com;42;24346361
Elena;Castro;Alvear 6658;9 de Julio;Salta;elenacastro@correo.com;55;41059673
Carlos;Peralta;Pueyrredón 2594;Inmaculada Concepcion;Mendoza;carlosperalta@correo.com;36;45908924
Nicolás;Rojas;Av. de Mayo 3708;Capitan Mendoza;Neuquén;nicolasrojas@correo.com;69;26402966
Gonzalo;Silva;Mitre 4473;9 de Julio;Buenos Aires;gonzalosilva@correo.com;53;19167061
Lucía;Rojas;Lavalle 2784;San Martin;Chaco;luciarojas@correo.com;83;42177083
Agustín;Gómez;Lavalle 5339;9 de Julio;Chaco;agustingomez@correo.com;29;12630728
Abril;Acosta;Alvear 7243;San Miguel;Entre Ríos;abrilacosta@correo.com;57;15441115
Sara;Díaz;Lavalle 4137;San Martin;Entre Ríos;saradiaz@correo.com;56;17582022
Sara;Martínez;Alvear 3848;Inmaculada Concepcion;Neuquén;saramartinez@correo.com;39;26713826
Javier;Peralta;Urquiza 4555;25 de Mayo;Buenos Aires;javierperalta@correo.com;30;30256299
Paula;Acosta;Urquiza 9117;La Palta;Buenos Aires;paulaacosta@correo.com;83;20140513
Sara;Torres;Belgrano 4119;Palermo;Misiones;saratorres@correo.com;39;17078171
Abril;García;Av. de Mayo 3971;Rosario de la Cruz;Neuquén;abrilgarcia@correo.com;18;25747198
Javier;Herrera;Mitre 1295;Inmaculada Concepcion;Mendoza;javierherrera@correo.com;53;23547006
Ezequiel;Giménez;Urquiza 3326;Rosario de la Cruz;Chaco;ezequielgimenez@correo.com;31;17769851
Martina;Ramírez;Rivadavia 8622;San Martin;Chaco;martinaramirez@correo.com;50;45570530
María;Torres;Sarmiento 9766;San Miguel;Neuquén;mariatorres@correo.com;68;41897578
Tomas;Giménez;Mitre 3293;Gral. Pico;Misiones;tomasgimenez@correo.com;55;35293588
Agustín;Gómez;Belgrano 2509;Inmaculada Concepcion;Chaco;agustingomez@correo.com;24;27154050
Nicolás;Giménez;Urquiza 3445;Capitan Mendoza;Buenos Aires;nicolasgimenez@correo.com;24;42783219
Gonzalo;Pérez;Mitre 2739;La Palta;Entre Ríos;gonzaloperez@correo.com;29;38883595
Mateo;Fernández;Urquiza 975;San Miguel;Santa Fe;mateofernandez@correo.com;34;47713481
Carlos;Peralta;Urquiza 9097;Capitan Mendoza;Córdoba;carlosperalta@correo.com;74;25039155
Ignacio;Molina;Av. San Martín 6133;San Martin;Entre Ríos;ignaciomolina@correo.com;26;14982843
Ignacio;Rodríguez;Sarmiento 7576;San Miguel;Buenos Aires;ignaciorodriguez@correo.com;69;43499999
Ezequiel;Sosa;Av. de Mayo 8664;San Miguel;Córdoba;ezequielsosa@correo.com;50;20551431
Gonzalo;Pérez;Av. San Martín 8906;Palermo;Entre Ríos;gonzaloperez@correo.com;46;41865639
Diego;Álvarez;Av. San Martín 7865;Gral. Pico;Santa Fe;diegoalvarez@correo.com;69;36028393
Valeria;Gómez;Av. de Mayo 1521;Rosario de la Cruz;Chaco;valeriagomez@correo.com;35;29102539
Gonzalo;Torres;Urquiza 6971;25 de Mayo;Tucumán;gonzalotorres@correo.com;74;20087197
Natalia;Sánchez;Alvear 1328;25 de Mayo;Buenos Aires;nataliasanchez@correo.com;43;18039612
Ignacio;Romero;Belgrano 4995;Inmaculada Concepcion;Misiones;ignacioromero@correo.com;72;27755022
Ignacio;Martínez;Mitre 3695;Capitan Mendoza;Córdoba;ignaciomartinez@correo.com;68;13036351
Daniela;Fernández;Lavalle 3235;La Palta;Chaco;danielafernandez@correo.com;20;17242860
Natalia;Acosta;Av. San Martín 8413;Palermo;Salta;nataliaacosta@correo.com;41;22796511
Martina;Díaz;Lavalle 9866;9 de Julio;Mendoza;martinadiaz@correo.com;19;17089327
Camila;Guzmán;Urquiza 4998;La Palta;Neuquén;camilaguzman@correo.com;29;38303042
Javier;Martínez;Av. San Martín 9900;Capitan Mendoza;Buenos Aires;javiermartinez@correo.com;49;42684786
Tomas;Molina;Lavalle 3746;9 de Julio;Entre Ríos;tomasmolina@correo.com;75;45385840
Lucas;Ramírez;Av. de Mayo 7676;Palermo;Misiones;lucasramirez@correo.com;29;11403885
Sofía;Castro;Mitre 7075;San Miguel;Tucumán;sofiacastro@correo.com;70;15068797
Victoria;Guzmán;Rivadavia 8967;Gral. Pico;Neuquén;victoriaguzman@correo.com;72;27309297
Paula;Ruiz;Mitre 973;Palermo;Salta;paularuiz@correo.com;71;38946774
Lucía;García;Rivadavia 9846;Gral. Pico;Misiones;luciagarcia@correo.com;76;29372828
Ezequiel;Peralta;Lavalle 8267;Palermo;Tucumán;ezequielperalta@correo.com;51;40801697
Sofía;Guzmán;Lavalle 1530;Gral. Pico;Santa Fe;sofiaguzman@correo.com;84;41694625
Ezequiel;Giménez;Lavalle 7890;La Palta;Entre Ríos;ezequielgimenez@correo.com;31;38201825
Lucas;Flores;Urquiza 688;Inmaculada Concepcion;Santa Fe;lucasflores@correo.com;46;17833206
Javier;Díaz;Sarmiento 8089;Palermo;Chaco;javierdiaz@correo.com;35;21136339
Elena;Castro;Sarmiento 6525;San Miguel;Entre Ríos;elenacastro@correo.com;40;26449133
Sofía;Herrera;Rivadavia 1157;La Palta;Tucumán;sofiaherrera@correo.com;34;29833521
Sofía;Ruiz;Av. San Martín 8006;Inmaculada Concepcion;Neuquén;sofiaruiz@correo.com;58;16243907
Joaquín;Peralta;Pueyrredón 9118;San Miguel;Mendoza;joaquinperalta@correo.com;55;24441568
Victoria;Aguirre;Sarmiento 6689;9 de Julio;Córdoba;victoriaaguirre@correo.com;21;27141207
Joaquín;Acosta;Av. San Martín 6294;La Palta;Neuquén;joaquinacosta@correo.com;27;47781974
Paula;Álvarez;Urquiza 1562;Capitan Mendoza;Mendoza;paulaalvarez@correo.com;59;32346937
Gonzalo;Molina;Belgrano 2510;Palermo;Córdoba;gonzalomolina@correo.com;71;39360710
Ezequiel;Medina;Lavalle 8152;25 de Mayo;Tucumán;ezequielmedina@correo.com;53;25272011
Sofía;Guzmán;Mitre 5395;San Miguel;Santa Fe;sofiaguzman@correo.com;41;15117309
Ana;Aguirre;Lavalle 8163;25 de Mayo;Misiones;anaaguirre@correo.com;58;39951722
Camila;Ruiz;Urquiza 7231;La Palta;Misiones;camilaruiz@correo.com;77;41879435
Tomas;Torres;Urquiza 477;25 de Mayo;Tucumán;tomastorres@correo.com;58;15534283
Daniela;Rodríguez;Alvear 3375;Palermo;Salta;danielarodriguez@correo.com;71;26156326
Diego;Giménez;Rivadavia 8855;La Palta;Santa Fe;diegogimenez@correo.com;52;23947846
Elena;Giménez;Sarmiento 6181;25 de Mayo;Neuquén;elenagimenez@correo.com;33;21201373
Elena;González;Alvear 3393;San Miguel;Chaco;elenagonzalez@correo.com;52;19777844
Abril;Sánchez;Belgrano 6394;Palermo;Neuquén;abrilsanchez@correo.com;34;16580073
Martina;Gómez;Urquiza 7647;Rosario de la Cruz;Salta;martinagomez@correo.com;54;44571747
Ana;Flores;Urquiza 7311;Palermo;Neuquén;anaflores@correo.com;70;36947785
Luis;González;Av. de Mayo 540;Palermo;Neuquén;luisgonzalez@correo.com;33;33233081
Ana;Torres;Lavalle 7811;Inmaculada Concepcion;Neuquén;anatorres@correo.com;84;12262553
Victoria;Rodríguez;Sarmiento 1447;Capitan Mendoza;Neuquén;victoriarodriguez@correo.com;48;11391782
Santiago;Díaz;Av. San Martín 3118;Palermo;Misiones;santiagodiaz@correo.com;40;47583590
Agustín;Fernández;Urquiza 86;Palermo;Misiones;agustinfernandez@correo.com;47;44957718
Paula;Gómez;Av. San Martín 3124;9 de Julio;Entre Ríos;paulagomez@correo.com;56;20947094
Isabella;Torres;Lavalle 9386;La Palta;Córdoba;isabellatorres@correo.com;35;27780320
Nicolás;Aguirre;Av. de Mayo 7782;Gral. Pico;Córdoba;nicolasaguirre@correo.com;60;47527117
Lucía;Rodríguez;Urquiza 5779;Inmaculada Concepcion;Mendoza;luciarodriguez@correo.com;50;21167824
Agustín;Díaz;Pueyrredón 3025;Capitan Mendoza;Mendoza;agustindiaz@correo.com;41;47089587
Joaquín;Fernández;Mitre 6679;Inmaculada Concepcion;Buenos Aires;joaquinfernandez@correo.com;29;45209066
Valeria;García;Av. San Martín 3550;La Palta;Santa Fe;valeriagarcia@correo.com;66;12083125
Carlos;Torres;Alvear 9404;San Miguel;Misiones;carlostorres@correo.com;28;37566377
Gonzalo;Torres;Pueyrredón 1507;9 de Julio;Córdoba;gonzalotorres@correo.com;19;33988694
Gonzalo;Díaz;Rivadavia 5450;25 de Mayo;Mendoza;gonzalodiaz@correo.com;62;19960383
Abril;Álvarez;Rivadavia 8165;Palermo;Salta;abrilalvarez@correo.com;77;15313967
Gonzalo;Fernández;Mitre 2309;San Miguel;Buenos Aires;gonzalofernandez@correo.com;74;42169575
Abril;Aguirre;Rivadavia 2112;Inmaculada Concepcion;Chaco;abrilaguirre@correo.com;80;18198681
Ezequiel;Molina;Urquiza 4806;Rosario de la Cruz;Neuquén;ezequielmolina@correo.com;37;33027176
Agustín;Aguirre;Mitre 7132;9 de Julio;Buenos Aires;agustinaguirre@correo.com;78;15370504
Daniela;Medina;Alvear 1511;San Miguel;Neuquén;danielamedina@correo.com;35;11051128
Mateo;Flores;Av. San Martín 1288;Rosario de la Cruz;Córdoba;mateoflores@correo.com;22;17592351
Daniela;Martínez;Urquiza 6833;Capitan Mendoza;Entre Ríos;danielamartinez@correo.com;26;31180455
Sofía;Giménez;Urquiza 6875;Gral. Pico;Córdoba;sofiagimenez@correo.com;32;38393660
Tomas;González;Pueyrredón 7231;Gral. Pico;Santa Fe;tomasgonzalez@correo.com;28;35699255
Agustín;Molina;Mitre 7275;Rosario de la Cruz;Tucumán;agustinmolina@correo.com;41;19112672
Camila;López;Belgrano 8725;25 de Mayo;Neuquén;camilalopez@correo.com;61;22768164
Sara;Benítez;Mitre 6870;San Miguel;Córdoba;sarabenitez@correo.com;29;15227193
Javier;Díaz;Av. San Martín 6694;25 de Mayo;Córdoba;javierdiaz@correo.com;35;36700032
María;González;Av. San Martín 8514;9 de Julio;Buenos Aires;mariagonzalez@correo.com;66;45429710
Luis;Torres;Alvear 4706;San Martin;Entre Ríos;luistorres@correo.com;30;31879736
Ignacio;Acosta;Pueyrredón 8510;San Martin;Misiones;ignacioacosta@correo.com;46;20213924
Camila;Flores;Av. de Mayo 1149;9 de Julio;Misiones;camilaflores@correo.com;56;22698190
Paula;Molina;Mitre 8160;25 de Mayo;Entre Ríos;paulamolina@correo.com;55;22399425
Isabella;López;Lavalle 5727;9 de Julio;Mendoza;isabellalopez@correo.com;26;21807938
Ignacio;Rojas;Av. de Mayo 9892;Inmaculada Concepcion;Mendoza;ignaciorojas@correo.com;55;33813988
Elena;Romero;Av. de Mayo 4722;San Miguel;Misiones;elenaromero@correo.com;57;47950558
Diego;Guzmán;Mitre 907;Capitan Mendoza;Neuquén;diegoguzman@correo.com;44;46335999
Isabella;Ruiz;Sarmiento 2856;25 de Mayo;Misiones;isabellaruiz@correo.com;40;12716924
Natalia;Sosa;Rivadavia 6863;Gral. Pico;Salta;nataliasosa@correo.com;66;36164116
Ana;López;Av. San Martín 9446;9 de Julio;Buenos Aires;analopez@correo.com;38;36253360
Victoria;González;Sarmiento 2751;9 de Julio;Chaco;victoriagonzalez@correo.com;26;37266182
Lucía;González;Sarmiento 5513;San Miguel;Salta;luciagonzalez@correo.com;22;18747915
Sara;Medina;Alvear 171;Gral. Pico;Santa Fe;saramedina@correo.com;48;24043624
Sofía;Fernández;Sarmiento 9631;San Martin;Chaco;sofiafernandez@correo.com;36;16358520
Ignacio;Fernández;Lavalle 5645;San Miguel;Misiones;ignaciofernandez@correo.com;33;28757970
Ignacio;Rodríguez;Av. de Mayo 4058;25 de Mayo;Neuquén;ignaciorodriguez@correo.com;42;22901562
Martina;Giménez;Urquiza 675;San Miguel;Tucumán;martinagimenez@correo.com;74;34895662
Daniela;Romero;Mitre 2506;9 de Julio;Tucumán;danielaromero@correo.com;43;23539546
Gonzalo;Aguirre;Rivadavia 4140;San Martin;Mendoza;gonzaloaguirre@correo.com;62;42769513
Carlos;Torres;Sarmiento 9672;Palermo;Misiones;carlostorres@correo.com;41;17342238
Gabriel;Rojas;Urquiza 6339;9 de Julio;Córdoba;gabrielrojas@correo.com;53;32957936
Lucía;Guzmán;Rivadavia 9046;Palermo;Tucumán;luciaguzman@correo.com;72;31014161
Diego;López;Mitre 2842;La Palta;Entre Ríos;diegolopez@correo.com;77;30061812
Joaquín;Silva;Urquiza 2595;Gral. Pico;Buenos Aires;joaquinsilva@correo.com;70;28920849
Gabriel;Flores;Sarmiento 9911;25 de Mayo;Buenos Aires;gabrielflores@correo.com;59;44665427
Diego;Flores;Av. de Mayo 8499;San Martin;Santa Fe;diegoflores@correo.com;19;20934787
María;Torres;Alvear 8176;Gral. Pico;Salta;mariatorres@correo.com;33;22090249
Valeria;Ramírez;Belgrano 6153;9 de Julio;Mendoza;valeriaramirez@correo.com;21;16408083
Natalia;Peralta;Sarmiento 7131;Gral. Pico;Salta;nataliaperalta@correo.com;53;36314715
Santiago;Herrera;Mitre 1985;9 de Julio;Neuquén;santiagoherrera@correo.com;39;46362504
Victoria;Martínez;Av. de Mayo 5591;Gral. Pico;Salta;victoriamartinez@correo.com;26;27683374
Isabella;Rojas;Pueyrredón 4558;Rosario de la Cruz;Buenos Aires;isabellarojas@correo.com;36;37359865
Agustín;Acosta;Av. San Martín 7892;Capitan Mendoza;Buenos Aires;agustinacosta@correo.com;23;45289495
Carlos;Benítez;Rivadavia 1096;La Palta;Entre Ríos;carlosbenitez@correo.com;25;38962031
Lucía;Rojas;Av. de Mayo 4760;San Martin;Tucumán;luciarojas@correo.com;42;39116724
Tomas;Pérez;Pueyrredón 8576;25 de Mayo;Chaco;tomasperez@correo.com;29;24893570
Ana;Guzmán;Pueyrredón 9961;Capitan Mendoza;Neuquén;anaguzman@correo.com;60;31734483
Tomas;Aguirre;Pueyrredón 7007;San Miguel;Mendoza;tomasaguirre@correo.com;38;47925501
Camila;Molina;Mitre 2188;9 de Julio;Mendoza;camilamolina@correo.com;84;46758203
Victoria;Castro;Av. San Martín 6287;Capitan Mendoza;Entre Ríos;victoriacastro@correo.com;30;24310941
Abril;Fernández;Av. de Mayo 1469;Capitan Mendoza;Chaco;abrilfernandez@correo.com;51;16522961
Sofía;Herrera;Pueyrredón 5208;Capitan Mendoza;Misiones;sofiaherrera@correo.com;51;32935049
Carlos;Acosta;Av. San Martín 9902;San Miguel;Misiones;carlosacosta@correo.com;51;32615948
Daniela;Fernández;Mitre 8189;Rosario de la Cruz;Chaco;danielafernandez@correo.com;45;32975648
Mateo;Silva;Alvear 6467;Gral. Pico;Tucumán;mateosilva@correo.com;31;37776620
Martina;Pérez;Lavalle 1849;9 de Julio;Córdoba;martinaperez@correo.com;69;19821019
María;Pérez;Av. San Martín 3353;La Palta;Mendoza;mariaperez@correo.com;49;16228942
Lucas;González;Alvear 7168;Capitan Mendoza;Misiones;lucasgonzalez@correo.com;72;31859668
Sofía;Pérez;Av. San Martín 5287;25 de Mayo;Neuquén;sofiaperez@correo.com;84;26349367
María;Romero;Mitre 8908;San Miguel;Mendoza;mariaromero@correo.com;25;18538017
Valeria;Guzmán;Sarmiento 23;Capitan Mendoza;Santa Fe;valeriaguzman@correo.com;38;43617144
Gonzalo;Torres;Mitre 5844;La Palta;Buenos Aires;gonzalotorres@correo.com;65;30228623
Daniela;Pérez;Av. de Mayo 8867;9 de Julio;Tucumán;danielaperez@correo.com;75;39384567
Camila;Sosa;Av. de Mayo 4527;25 de Mayo;Misiones;camilasosa@correo.com;39;31810425
Natalia;Giménez;Av. San Martín 398;Rosario de la Cruz;Córdoba;nataliagimenez@correo.com;48;25453648
Abril;Acosta;Belgrano 7852;San Martin;Misiones;abrilacosta@correo.com;38;21036921
Tomas;Sánchez;Belgrano 2226;San Miguel;Córdoba;tomassanchez@correo.com;30;33793545
Martina;Pérez;Mitre 9001;San Miguel;Santa Fe;martinaperez@correo.com;75;43867514
Javier;Rodríguez;Av. San Martín 1576;San Miguel;Neuquén;javierrodriguez@correo.com;83;29158462
Isabella;Aguirre;Pueyrredón 2969;Palermo;Mendoza;isabellaaguirre@correo.com;37;11700153
Joaquín;Romero;Mitre 7398;Gral. Pico;Chaco;joaquinromero@correo.com;39;20616478
Abril;Castro;Mitre 7583;La Palta;Misiones;abrilcastro@correo.com;23;35704510
Nicolás;Ruiz;Alvear 4174;Rosario de la Cruz;Córdoba;nicolasruiz@correo.com;30;17865183
Abril;Pérez;Sarmiento 5441;9 de Julio;Tucumán;abrilperez@correo.com;65;18491299
Daniela;Álvarez;Rivadavia 3136;La Palta;Salta;danielaalvarez@correo.com;75;38355004
Joaquín;Medina;Mitre 4206;25 de Mayo;Misiones;joaquinmedina@correo.com;33;42754942
Javier;Ramírez;Av. San Martín 3889;Rosario de la Cruz;Neuquén;javierramirez@correo.com;45;13397796
Daniela;Peralta;Pueyrredón 9486;Rosario de la Cruz;Salta;danielaperalta@correo.com;25;20325645
Valeria;Pérez;Alvear 1090;Capitan Mendoza;Mendoza;valeriaperez@correo.com;54;16889686
Agustín;Guzmán;Pueyrredón 3959;San Martin;Misiones;agustinguzman@correo.com;40;13949503
Victoria;Sosa;Belgrano 7856;San Martin;Buenos Aires;victoriasosa@correo.com;48;38101594
Diego;Sosa;Av. San Martín 1561;San Martin;Chaco;diegososa@correo.com;24;14680571
Gonzalo;Flores;Sarmiento 8090;San Miguel;Mendoza;gonzaloflores@correo.com;46;23926450
Gabriel;Sosa;Sarmiento 9047;Rosario de la Cruz;Santa Fe;gabrielsosa@correo.com;61;14859703
Gabriel;Sánchez;Belgrano 9836;9 de Julio;Mendoza;gabrielsanchez@correo.com;63;15331563
Gabriel;Sánchez;Belgrano 7612;Rosario de la Cruz;Córdoba;gabrielsanchez@correo.com;60;24752144
Abril;González;Rivadavia 568;Palermo;Mendoza;abrilgonzalez@correo.com;64;11564819
Diego;Sánchez;Urquiza 6369;Palermo;Buenos Aires;diegosanchez@correo.com;84;33064227
Mateo;Guzmán;Pueyrredón 9563;25 de Mayo;Córdoba;mateoguzman@correo.com;52;26611828
Natalia;Torres;Av. de Mayo 8391;Gral. Pico;Buenos Aires;nataliatorres@correo.com;25;19646589
María;Sosa;Mitre 249;Palermo;Neuquén;mariasosa@correo.com;58;22182714
Santiago;Torres;Mitre 1079;Capitan Mendoza;Córdoba;santiagotorres@correo.com;56;46546737
Diego;Castro;Av. de Mayo 578;La Palta;Mendoza;diegocastro@correo.com;83;38670322
Isabella;Ruiz;Rivadavia 1610;Inmaculada Concepcion;Chaco;isabellaruiz@correo.com;51;27568052
Santiago;Silva;Av. San Martín 7891;9 de Julio;Mendoza;santiagosilva@correo.com;30;26401077
Joaquín;Pérez;Belgrano 9015;25 de Mayo;Neuquén;joaquinperez@correo.com;31;30785746
Camila;Aguirre;Belgrano 9560;Gral. Pico;Mendoza;camilaaguirre@correo.com;63;19880207
Sara;Flores;Av. San Martín 114;San Martin;Neuquén;saraflores@correo.com;21;40069982
Natalia;Sosa;Sarmiento 9129;Rosario de la Cruz;Salta;nataliasosa@correo.com;42;13614523
Lucía;Molina;Rivadavia 6358;La Palta;Santa Fe;luciamolina@correo.com;44;29584261
Gabriel;Rojas;Rivadavia 8341;Palermo;Mendoza;gabrielrojas@correo.com;34;40900770
Mateo;Fernández;Urquiza 3957;9 de Julio;Santa Fe;mateofernandez@correo.com;75;45130728
Victoria;Sánchez;Av. San Martín 3159;Capitan Mendoza;Entre Ríos;victoriasanchez@correo.com;25;20673983
María;López;Belgrano 451;San Miguel;Tucumán;marialopez@correo.com;77;37709751
Martina;Díaz;Rivadavia 5050;9 de Julio;Salta;martinadiaz@correo.com;25;21856005
Sofía;López;Av. San Martín 5668;Rosario de la Cruz;Buenos Aires;sofialopez@correo.com;74;19485078
Joaquín;Herrera;Sarmiento 5917;Gral. Pico;Córdoba;joaquinherrera@correo.com;55;36234416
Mateo;Benítez;Av. de Mayo 166;San Martin;Buenos Aires;mateobenitez@correo.com;24;31057628
Santiago;Romero;Av. de Mayo 5295;9 de Julio;Santa Fe;santiagoromero@correo.com;55;42541941
Mateo;Benítez;Mitre 8841;Gral. Pico;Chaco;mateobenitez@correo.com;35;34131391
Tomas;Castro;Mitre 1688;Capitan Mendoza;Salta;tomascastro@correo.com;44;42280830
Santiago;Sosa;Av. de Mayo 1484;Gral. Pico;Buenos Aires;santiagososa@correo.com;71;34578992
Lucas;Pérez;Sarmiento 5955;La Palta;Misiones;lucasperez@correo.com;76;17307463
Valeria;Herrera;Av. de Mayo 4725;La Palta;Mendoza;valeriaherrera@correo.com;61;31122160
Ignacio;Gómez;Sarmiento 5825;San Martin;Chaco;ignaciogomez@correo.com;48;43824038
Martina;Herrera;Sarmiento 8027;25 de Mayo;Neuquén;martinaherrera@correo.com;57;30283933
Isabella;Guzmán;Av. San Martín 3172;San Martin;Neuquén;isabellaguzman@correo.com;18;21403573
Paula;Romero;Mitre 5977;Inmaculada Concepcion;Córdoba;paularomero@correo.com;29;38109442
Carlos;García;Belgrano 1576;25 de Mayo;Tucumán;carlosgarcia@correo.com;43;13195547
Javier;Rojas;Mitre 8291;Capitan Mendoza;Misiones;javierrojas@correo.com;80;32477179
Lucía;Acosta;Av. San Martín 2904;Rosario de la Cruz;Tucumán;luciaacosta@correo.com;69;32212612
Ezequiel;García;Av. de Mayo 8392;25 de Mayo;Santa Fe;ezequielgarcia@correo.com;51;40527829
Lucas;Fernández;Urquiza 7907;9 de Julio;Neuquén;lucasfernandez@correo.com;41;31476432
Ezequiel;Acosta;Urquiza 9743;San Martin;Mendoza;ezequielacosta@correo.com;71;26047186
Sara;Medina;Mitre 8150;Capitan Mendoza;Chaco;saramedina@correo.com;54;18196434
Lucas;Martínez;Alvear 9532;25 de Mayo;Entre Ríos;lucasmartinez@correo.com;64;13621368
Ezequiel;Acosta;Alvear 9949;Palermo;Córdoba;ezequielacosta@correo.com;51;31603833
Paula;Castro;Urquiza 8598;La Palta;Salta;paulacastro@correo.com;24;17648780
Ana;Torres;Belgrano 3747;Gral. Pico;Córdoba;anatorres@correo.com;64;18347714
Daniela;Sosa;Sarmiento 3084;Gral. Pico;Mendoza;danielasosa@correo.com;20;24345002
Isabella;Ruiz;Mitre 8544;San Miguel;Córdoba;isabellaruiz@correo.com;62;27035252
Gonzalo;Álvarez;Belgrano 4990;Inmaculada Concepcion;Buenos Aires;gonzaloalvarez@correo.com;71;15505409
Tomas;Castro;Pueyrredón 393;Capitan Mendoza;Salta;tomascastro@correo.com;26;45352874
Ezequiel;Peralta;Mitre 8479;Gral. Pico;Chaco;ezequielperalta@correo.com;25;13214891
María;Medina;Rivadavia 6616;25 de Mayo;Misiones;mariamedina@correo.com;34;35010794
Diego;Sosa;Rivadavia 6200;25 de Mayo;Entre Ríos;diegososa@correo.com;29;41349368
Lucas;López;Av. de Mayo 3720;San Miguel;Neuquén;lucaslopez@correo.com;25;30111461
Sara;Torres;Av. San Martín 5078;San Martin;Salta;saratorres@correo.com;36;32409433
Martina;Acosta;Pueyrredón 3427;San Miguel;Chaco;martinaacosta@correo.com;67;24092442
Abril;Sosa;Alvear 9259;Inmaculada Concepcion;Neuquén;abrilsosa@correo.com;41;40691849
Valeria;Silva;Av. San Martín 1100;25 de Mayo;Misiones;valeriasilva@correo.com;63;47634752
Carlos;Vidal;Belgrano 1996;Gral. Pico;Misiones;carlosvidal@correo.com;45;27190109
Sara;Vidal;Rivadavia 7216;La Palta;Chaco;saravidal@correo.com;76;36494373
Gabriel;Ramírez;Av. San Martín 2500;Palermo;Tucumán;gabrielramirez@correo.com;38;20079650
Lucía;Giménez;Urquiza 9430;Rosario de la Cruz;Neuquén;luciagimenez@correo.com;55;24190503
Victoria;Pérez;Belgrano 2064;La Palta;Chaco;victoriaperez@correo.com;23;21982975
Elena;Díaz;Av. de Mayo 2220;25 de Mayo;Mendoza;elenadiaz@correo.com;25;45867063
Nicolás;Rojas;Lavalle 8325;Gral. Pico;Misiones;nicolasrojas@correo.com;51;21881734
Isabella;Giménez;Lavalle 9207;Rosario de la Cruz;Tucumán;isabellagimenez@correo.com;21;32756117
Sara;Medina;Urquiza 4439;Inmaculada Concepcion;Misiones;saramedina@correo.com;83;42894492
Valeria;Acosta;Rivadavia 1402;25 de Mayo;Santa Fe;valeriaacosta@correo.com;73;11287131
Diego;Flores;Pueyrredón 7197;Inmaculada Concepcion;Córdoba;diegoflores@correo.com;39;27293041
Martina;Martínez;Lavalle 3213;La Palta;Salta;martinamartinez@correo.com;27;18885368
Mateo;Romero;Belgrano 6913;Rosario de la Cruz;Santa Fe;mateoromero@correo.com;35;15372593
Paula;Castro;Rivadavia 512;25 de Mayo;Chaco;paulacastro@correo.com;42;35375712
Sofía;Ramírez;Rivadavia 89;San Martin;Córdoba;sofiaramirez@correo.com;43;46689081
Lucas;Fernández;Alvear 2462;San Martin;Buenos Aires;lucasfernandez@correo.com;22;17388860
Natalia;Guzmán;Urquiza 1700;Rosario de la Cruz;Buenos Aires;nataliaguzman@correo.com;64;40720346
Agustín;Medina;Lavalle 6994;San Martin;Misiones;agustinmedina@correo.com;72;45310397
Ana;Guzmán;Mitre 5530;Rosario de la Cruz;Buenos Aires;anaguzman@correo.com;20;40299282
Isabella;Medina;Pueyrredón 4394;Rosario de la Cruz;Salta;isabellamedina@correo.com;40;13134724
Abril;Peralta;Alvear 1771;9 de Julio;Santa Fe;abrilperalta@correo.com;39;37352506
Paula;Díaz;Lavalle 125;9 de Julio;Mendoza;pauladiaz@correo.com;39;17440302
Santiago;Ruiz;Lavalle 4555;Gral. Pico;Salta;santiagoruiz@correo.com;64;44018573
Sofía;Castro;Alvear 2550;Inmaculada Concepcion;Neuquén;sofiacastro@correo.com;20;34069773
Carlos;Acosta;Av. San Martín 4694;Palermo;Misiones;carlosacosta@correo.com;45;35576253
Ignacio;Castro;Mitre 8733;Inmaculada Concepcion;Neuquén;ignaciocastro@correo.com;68;16195840
Abril;González;Lavalle 1653;Rosario de la Cruz;Chaco;abrilgonzalez@correo.com;60;31976701
Mateo;Romero;Av. de Mayo 1356;9 de Julio;Córdoba;mateoromero@correo.com;18;18894420
Sofía;Giménez;Av. de Mayo 2382;9 de Julio;Chaco;sofiagimenez@correo.com;60;45785353
Abril;Ramírez;Mitre 6214;25 de Mayo;Misiones;abrilramirez@correo.com;71;21240414
Agustín;Romero;Urquiza 7647;Palermo;Mendoza;agustinromero@correo.com;64;23778097
Gonzalo;López;Pueyrredón 6950;Palermo;Neuquén;gonzalolopez@correo.com;37;22634150
Ana;Sosa;Rivadavia 6315;Palermo;Mendoza;anasosa@correo.com;70;45190661
Javier;Ruiz;Av. San Martín 2245;Inmaculada Concepcion;Neuquén;javierruiz@correo.com;72;23550566
Santiago;Guzmán;Rivadavia 4854;9 de Julio;Tucumán;santiagoguzman@correo.com;49;28062018
María;Aguirre;Av. San Martín 5449;Inmaculada Concepcion;Mendoza;mariaaguirre@correo.com;71;31138016
Ignacio;Díaz;Mitre 7941;9 de Julio;Salta;ignaciodiaz@correo.com;49;35226066
Santiago;Herrera;Sarmiento 5857;La Palta;Tucumán;santiagoherrera@correo.com;56;20210369
Victoria;Peralta;Sarmiento 3030;Palermo;Neuquén;victoriaperalta@correo.com;63;44785947
Ezequiel;Rodríguez;Av. San Martín 5142;La Palta;Mendoza;ezequielrodriguez@correo.com;58;36657591
Martina;Vidal;Av. de Mayo 4664;La Palta;Misiones;martinavidal@correo.com;46;17075179
Santiago;Guzmán;Pueyrredón 9363;Rosario de la Cruz;Buenos Aires;santiagoguzman@correo.com;83;18524786
Santiago;Ramírez;Alvear 4639;Capitan Mendoza;Neuquén;santiagoramirez@correo.com;79;27705258
Camila;Fernández;Alvear 4371;San Martin;Salta;camilafernandez@correo.com;45;38857294
Nicolás;González;Av. de Mayo 9131;Inmaculada Concepcion;Tucumán;nicolasgonzalez@correo.com;41;42827585
Ezequiel;Ramírez;Av. San Martín 9850;Rosario de la Cruz;Neuquén;ezequielramirez@correo.com;45;28634459
Santiago;García;Pueyrredón 5394;San Miguel;Neuquén;santiagogarcia@correo.com;49;41240156
Gabriel;Martínez;Av. San Martín 3015;Inmaculada Concepcion;Mendoza;gabrielmartinez@correo.com;19;22356286
Sara;Guzmán;Sarmiento 4247;Rosario de la Cruz;Entre Ríos;saraguzman@correo.com;42;42921170
Santiago;Martínez;Pueyrredón 367;25 de Mayo;Neuquén;santiagomartinez@correo.com;34;27161659
Sara;Guzmán;Alvear 4724;Capitan Mendoza;Santa Fe;saraguzman@correo.com;19;32783013
Carlos;Molina;Sarmiento 3441;Inmaculada Concepcion;Córdoba;carlosmolina@correo.com;74;35547799
Gonzalo;Benítez;Rivadavia 9728;Palermo;Chaco;gonzalobenitez@correo.com;50;26084973
Valeria;Giménez;Mitre 8408;9 de Julio;Salta;valeriagimenez@correo.com;47;28446453
Lucas;Álvarez;Belgrano 1269;San Miguel;Chaco;lucasalvarez@correo.com;28;33915775
Natalia;Acosta;Av. San Martín 2838;San Martin;Entre Ríos;nataliaacosta@correo.com;56;36104019
Valeria;Flores;Rivadavia 7065;9 de Julio;Córdoba;valeriaflores@correo.com;79;25837454
Natalia;Medina;Av. de Mayo 1374;La Palta;Córdoba;nataliamedina@correo.com;20;40775036
Gonzalo;Aguirre;Av. San Martín 4648;Inmaculada Concepcion;Córdoba;gonzaloaguirre@correo.com;75;15347135
Agustín;Herrera;Mitre 6289;San Miguel;Misiones;agustinherrera@correo.com;41;38463238
Lucía;Díaz;Rivadavia 822;Inmaculada Concepcion;Salta;luciadiaz@correo.com;55;39583625
Tomas;Díaz;Sarmiento 7600;Palermo;Entre Ríos;tomasdiaz@correo.com;23;47418055
Daniela;Romero;Rivadavia 7983;Rosario de la Cruz;Tucumán;danielaromero@correo.com;81;24538447
Nicolás;González;Rivadavia 9301;La Palta;Entre Ríos;nicolasgonzalez@correo.com;83;45576570
María;Benítez;Alvear 2177;9 de Julio;Neuquén;mariabenitez@correo.com;28;34071271
Ignacio;Rojas;Mitre 9683;Gral. Pico;Mendoza;ignaciorojas@correo.com;28;18958701
Ezequiel;Martínez;Urquiza 2539;25 de Mayo;Santa Fe;ezequielmartinez@correo.com;73;11965999
Gonzalo;Flores;Lavalle 7076;9 de Julio;Neuquén;gonzaloflores@correo.com;64;23812804
Isabella;Giménez;Lavalle 8132;Gral. Pico;Misiones;isabellagimenez@correo.com;39;12841800
Mateo;Aguirre;Pueyrredón 4070;Palermo;Santa Fe;mateoaguirre@correo.com;66;47608970
Martina;Rodríguez;Av. de Mayo 9718;9 de Julio;Chaco;martinarodriguez@correo.com;27;46753837
Lucas;González;Av. San Martín 3568;La Palta;Tucumán;lucasgonzalez@correo.com;45;33390458
Lucía;López;Alvear 4839;Gral. Pico;Mendoza;lucialopez@correo.com;56;22994369
Sara;Torres;Rivadavia 3213;Gral. Pico;Neuquén;saratorres@correo.com;60;24303136
Martina;Benítez;Av. San Martín 1070;La Palta;Tucumán;martinabenitez@correo.com;24;42296940
Nicolás;Guzmán;Sarmiento 8082;San Martin;Mendoza;nicolasguzman@correo.com;58;31560662
Daniela;Acosta;Pueyrredón 6434;San Miguel;Buenos Aires;danielaacosta@correo.com;84;29496898
Valeria;Martínez;Lavalle 7177;San Martin;Córdoba;valeriamartinez@correo.com;54;13062667
Elena;López;Pueyrredón 5068;Inmaculada Concepcion;Chaco;elenalopez@correo.com;36;13913944
Mateo;Silva;Urquiza 5779;San Martin;Chaco;mateosilva@correo.com;45;16797977
Gabriel;López;Sarmiento 7975;Gral. Pico;Entre Ríos;gabriellopez@correo.com;44;34190047
María;Guzmán;Rivadavia 1715;La Palta;Mendoza;mariaguzman@correo.com;46;26453672
Lucía;Álvarez;Belgrano 3823;9 de Julio;Buenos Aires;luciaalvarez@correo.com;64;34603734
Martina;Martínez;Sarmiento 8835;Inmaculada Concepcion;Mendoza;martinamartinez@correo.com;19;19377793
Santiago;Gómez;Av. de Mayo 6082;San Miguel;Chaco;santiagogomez@correo.com;40;28709040
Elena;Fernández;Urquiza 4713;Capitan Mendoza;Entre Ríos;elenafernandez@correo.com;32;27627530
Diego;Romero;Av. San Martín 7007;San Miguel;Córdoba;diegoromero@correo.com;49;29652804
Elena;Herrera;Sarmiento 8787;Inmaculada Concepcion;Entre Ríos;elenaherrera@correo.com;28;22745684
Gonzalo;Castro;Av. San Martín 2205;9 de Julio;Tucumán;gonzalocastro@correo.com;39;27816336
Nicolás;Medina;Belgrano 9365;Capitan Mendoza;Neuquén;nicolasmedina@correo.com;63;40202607
Ignacio;Castro;Urquiza 3122;La Palta;Mendoza;ignaciocastro@correo.com;43;12245406
Carlos;Álvarez;Av. de Mayo 9703;Inmaculada Concepcion;Santa Fe;carlosalvarez@correo.com;67;17415476
Diego;Rojas;Rivadavia 42;La Palta;Entre Ríos;diegorojas@correo.com;48;25394717
Nicolás;Álvarez;Alvear 8931;Rosario de la Cruz;Mendoza;nicolasalvarez@correo.com;29;39218982
Sara;Vidal;Belgrano 1690;Capitan Mendoza;Neuquén;saravidal@correo.com;40;24637150
Ezequiel;Rojas;Belgrano 9106;San Miguel;Córdoba;ezequielrojas@correo.com;44;20659366
Lucía;Pérez;Pueyrredón 4197;Inmaculada Concepcion;Salta;luciaperez@correo.com;23;38245047
Martina;López;Lavalle 4673;La Palta;Neuquén;martinalopez@correo.com;38;43908233
Natalia;Molina;Sarmiento 412;Rosario de la Cruz;Córdoba;nataliamolina@correo.com;54;19697758
Victoria;Aguirre;Rivadavia 435;Capitan Mendoza;Mendoza;victoriaaguirre@correo.com;20;18911969
Martina;Flores;Lavalle 9251;La Palta;Misiones;martinaflores@correo.com;30;32064147
Carlos;Herrera;Alvear 1919;La Palta;Córdoba;carlosherrera@correo.com;28;35336510
Daniela;Peralta;Belgrano 1170;La Palta;Misiones;danielaperalta@correo.com;81;19897766
Diego;Vidal;Av. de Mayo 5075;9 de Julio;Chaco;diegovidal@correo.com;77;13756960
Paula;Giménez;Belgrano 8568;Gral. Pico;Santa Fe;paulagimenez@correo.com;28;12385652
Joaquín;García;Sarmiento 9094;San Miguel;Salta;joaquingarcia@correo.com;79;46549139
Isabella;Vidal;Av. de Mayo 7283;25 de Mayo;Entre Ríos;isabellavidal@correo.com;63;46070239
Mateo;Medina;Alvear 9598;San Martin;Misiones;mateomedina@correo.com;28;28187027
Sara;Martínez;Pueyrredón 9400;Inmaculada Concepcion;Buenos Aires;saramartinez@correo.com;58;27972517
Ignacio;Guzmán;Sarmiento 3046;Rosario de la Cruz;Mendoza;ignacioguzman@correo.com;44;19961269
Luis;Molina;Av. de Mayo 9279;9 de Julio;Salta;luismolina@correo.com;35;34777886
Natalia;Ruiz;Av. de Mayo 3030;9 de Julio;Santa Fe;nataliaruiz@correo.com;67;35116806
Nicolás;Gómez;Belgrano 9424;La Palta;Chaco;nicolasgomez@correo.com;20;15492270
Diego;Sánchez;Rivadavia 4102;Inmaculada Concepcion;Santa Fe;diegosanchez@correo.com;42;21080977
Martina;Silva;Belgrano 8935;25 de Mayo;Tucumán;martinasilva@correo.com;26;22598829
Mateo;Benítez;Av. San Martín 1135;San Miguel;Mendoza;mateobenitez@correo.com;34;39760322
Camila;Pérez;Sarmiento 2526;Capitan Mendoza;Córdoba;camilaperez@correo.com;27;40315029
Nicolás;Romero;Belgrano 8063;San Martin;Córdoba;nicolasromero@correo.com;40;37487216
Santiago;Ruiz;Mitre 5496;Inmaculada Concepcion;Chaco;santiagoruiz@correo.com;78;42091853
Victoria;Giménez;Alvear 3876;Palermo;Santa Fe;victoriagimenez@correo.com;42;23858402
Ezequiel;Rodríguez;Urquiza 6428;9 de Julio;Misiones;ezequielrodriguez@correo.com;78;11267607
Sara;Medina;Urquiza 8738;25 de Mayo;Chaco;saramedina@correo.com;71;26890134
Lucas;García;Rivadavia 9590;Palermo;Entre Ríos;lucasgarcia@correo.com;40;17823323
Ana;Medina;Av. de Mayo 1471;La Palta;Entre Ríos;anamedina@correo.com;42;21860985
Victoria;Torres;Urquiza 8562;9 de Julio;Santa Fe;victoriatorres@correo.com;23;29162582
Ezequiel;Fernández;Belgrano 2614;9 de Julio;Buenos Aires;ezequielfernandez@correo.com;46;26704246
Carlos;Molina;Rivadavia 3981;Capitan Mendoza;Salta;carlosmolina@correo.com;45;26304163
Gabriel;Guzmán;Av. San Martín 6285;Inmaculada Concepcion;Chaco;gabrielguzman@correo.com;67;35533125
Isabella;Guzmán;Sarmiento 7287;25 de Mayo;Mendoza;isabellaguzman@correo.com;77;31371592
Daniela;Medina;Pueyrredón 3456;San Miguel;Buenos Aires;danielamedina@correo.com;51;35245079
Camila;Álvarez;Rivadavia 8052;La Palta;Córdoba;camilaalvarez@correo.com;67;23523213
Mateo;Romero;Rivadavia 6869;Capitan Mendoza;Entre Ríos;mateoromero@correo.com;30;11558603
Victoria;Herrera;Belgrano 4651;Inmaculada Concepcion;Neuquén;victoriaherrera@correo.com;75;22702363
María;Benítez;Mitre 4250;Capitan Mendoza;Neuquén;mariabenitez@correo.com;55;41512628
Ana;Pérez;Mitre 5498;San Miguel;Santa Fe;anaperez@correo.com;25;11584296
María;Sánchez;Alvear 7352;La Palta;Salta;mariasanchez@correo.com;71;44202662
Gonzalo;Giménez;Av. San Martín 3429;La Palta;Buenos Aires;gonzalogimenez@correo.com;75;25951720
Joaquín;Aguirre;Belgrano 6403;San Miguel;Misiones;joaquinaguirre@correo.com;44;45322452
Natalia;Acosta;Belgrano 7269;Rosario de la Cruz;Mendoza;nataliaacosta@correo.com;50;37949655
Luis;Medina;Av. de Mayo 5683;9 de Julio;Buenos Aires;luismedina@correo.com;57;15879210
Paula;Martínez;Pueyrredón 3249;San Miguel;Chaco;paulamartinez@correo.com;36;20910939
Camila;Guzmán;Sarmiento 8706;Palermo;Neuquén;camilaguzman@correo.com;74;30657150
Paula;García;Rivadavia 1632;Palermo;Tucumán;paulagarcia@correo.com;72;44281008
Camila;Álvarez;Mitre 7523;Palermo;Buenos Aires;camilaalvarez@correo.com;56;41510821
Nicolás;Castro;Pueyrredón 7284;San Miguel;Santa Fe;nicolascastro@correo.com;46;15550783
Diego;Silva;Sarmiento 4309;Inmaculada Concepcion;Buenos Aires;diegosilva@correo.com;78;24275974
Isabella;Peralta;Urquiza 9154;25 de Mayo;Córdoba;isabellaperalta@correo.com;37;31859123
Javier;Sánchez;Sarmiento 8010;Capitan Mendoza;Salta;javiersanchez@correo.com;42;21025079
Natalia;Peralta;Av. de Mayo 2645;9 de Julio;Misiones;nataliaperalta@correo.com;46;24032558
Abril;Molina;Alvear 3083;Gral. Pico;Misiones;abrilmolina@correo.com;56;41475040
Abril;González;Mitre 844;Rosario de la Cruz;Tucumán;abrilgonzalez@correo.com;41;27043523
Abril;Medina;Lavalle 3924;Capitan Mendoza;Córdoba;abrilmedina@correo.com;65;14257536
Javier;Romero;Av. San Martín 7017;La Palta;Santa Fe;javierromero@correo.com;75;42419572
Diego;Aguirre;Av. de Mayo 2794;9 de Julio;Santa Fe;diegoaguirre@correo.com;29;41525556
Carlos;Giménez;Alvear 7267;Rosario de la Cruz;Santa Fe;carlosgimenez@correo.com;42;19650651
Natalia;Torres;Belgrano 528;San Martin;Salta;nataliatorres@correo.com;41;28621860
Lucía;Rojas;Lavalle 9653;Palermo;Córdoba;luciarojas@correo.com;70;39879573
Lucas;Sánchez;Av. San Martín 2050;Rosario de la Cruz;Salta;lucassanchez@correo.com;20;40334006
Diego;Giménez;Lavalle 2845;San Miguel;Chaco;diegogimenez@correo.com;27;25537811
Martina;Rodríguez;Urquiza 7683;Inmaculada Concepcion;Santa Fe;martinarodriguez@correo.com;44;23741857
María;Romero;Rivadavia 4082;25 de Mayo;Neuquén;mariaromero@correo.com;44;43469527
Camila;Giménez;Belgrano 5875;San Martin;Chaco;camilagimenez@correo.com;62;15682127
Ezequiel;Castro;Rivadavia 953;La Palta;Chaco;ezequielcastro@correo.com;20;17641455
Agustín;Peralta;Av. de Mayo 4592;25 de Mayo;Mendoza;agustinperalta@correo.com;71;12849103
Ignacio;Fernández;Sarmiento 213;San Miguel;Salta;ignaciofernandez@correo.com;63;21168410
Diego;Martínez;Lavalle 9458;Inmaculada Concepcion;Santa Fe;diegomartinez@correo.com;68;21362871
Sofía;Ramírez;Belgrano 4268;La Palta;Tucumán;sofiaramirez@correo.com;26;25326576
Gonzalo;López;Mitre 508;Gral. Pico;Buenos Aires;gonzalolopez@correo.com;56;39969349
Paula;Rojas;Av. San Martín 5366;25 de Mayo;Chaco;paularojas@correo.com;71;16277491
Victoria;Álvarez;Sarmiento 2569;9 de Julio;Chaco;victoriaalvarez@correo.com;40;36978198
Sara;Díaz;Belgrano 7025;San Martin;Tucumán;saradiaz@correo.com;73;38940111
Victoria;Martínez;Lavalle 7758;Palermo;Tucumán;victoriamartinez@correo.com;56;31034297
Isabella;Herrera;Sarmiento 7162;San Miguel;Misiones;isabellaherrera@correo.com;69;39219868
Tomas;Acosta;Sarmiento 1842;Gral. Pico;Neuquén;tomasacosta@correo.com;69;13471250
Valeria;Vidal;Lavalle 7184;San Martin;Córdoba;valeriavidal@correo.com;44;19480743
Carlos;Guzmán;Belgrano 3480;25 de Mayo;Misiones;carlosguzman@correo.com;64;12055868
Victoria;Castro;Sarmiento 8624;San Miguel;Salta;victoriacastro@correo.com;19;13429100
Valeria;Torres;Pueyrredón 2427;9 de Julio;Santa Fe;valeriatorres@correo.com;59;21317762
Diego;Díaz;Av. de Mayo 7349;9 de Julio;Buenos Aires;diegodiaz@correo.com;58;36770798
Camila;Herrera;Av. de Mayo 6471;San Martin;Buenos Aires;camilaherrera@correo.com;31;29629960
Valeria;López;Av. San Martín 2173;San Martin;Tucumán;valerialopez@correo.com;71;12201401
Gabriel;García;Rivadavia 2512;Inmaculada Concepcion;Córdoba;gabrielgarcia@correo.com;80;17046753
Mateo;Ramírez;Av. de Mayo 8911;San Martin;Córdoba;mateoramirez@correo.com;80;38086657
Natalia;Rojas;Lavalle 4025;Capitan Mendoza;Misiones;nataliarojas@correo.com;24;15794578
Ana;Medina;Av. de Mayo 9860;Capitan Mendoza;Salta;anamedina@correo.com;72;25925542
Camila;Rojas;Belgrano 5423;Gral. Pico;Neuquén;camilarojas@correo.com;65;14113622
Carlos;López;Sarmiento 7403;Palermo;Misiones;carloslopez@correo.com;83;26423422
Natalia;Martínez;Rivadavia 1712;Inmaculada Concepcion;Mendoza;nataliamartinez@correo.com;19;18281944
Camila;García;Av. de Mayo 6999;9 de Julio;Tucumán;camilagarcia@correo.com;19;42471699
Sara;Torres;Sarmiento 7890;La Palta;Misiones;saratorres@correo.com;75;17431149
Gabriel;Guzmán;Av. de Mayo 3888;Palermo;Entre Ríos;gabrielguzman@correo.com;76;11256828
Tomas;Díaz;Pueyrredón 1159;La Palta;Neuquén;tomasdiaz@correo.com;72;23496041
Abril;Rodríguez;Alvear 3667;Gral. Pico;Entre Ríos;abrilrodriguez@correo.com;71;24057011
Gabriel;Fernández;Sarmiento 7734;Inmaculada Concepcion;Neuquén;gabrielfernandez@correo.com;21;32423898
Sara;Herrera;Pueyrredón 6542;Rosario de la Cruz;Salta;saraherrera@correo.com;31;31196709
María;Aguirre;Rivadavia 8175;Inmaculada Concepcion;Misiones;mariaaguirre@correo.com;81;12976639
Camila;Flores;Pueyrredón 6820;Capitan Mendoza;Buenos Aires;camilaflores@correo.com;76;24766750
Ana;Peralta;Pueyrredón 4446;La Palta;Mendoza;anaperalta@correo.com;45;15203172
Diego;Álvarez;Sarmiento 3864;Gral. Pico;Entre Ríos;diegoalvarez@correo.com;46;27992134
Ezequiel;Romero;Belgrano 9137;25 de Mayo;Santa Fe;ezequielromero@correo.com;30;31735628
Javier;López;Av. San Martín 8852;Inmaculada Concepcion;Chaco;javierlopez@correo.com;40;28192723
Nicolás;Acosta;Av. San Martín 6247;25 de Mayo;Córdoba;nicolasacosta@correo.com;76;17160670
Abril;Sosa;Belgrano 8120;Inmaculada Concepcion;Entre Ríos;abrilsosa@correo.com;56;31025510
Sara;López;Sarmiento 5748;25 de Mayo;Salta;saralopez@correo.com;64;24677867
Camila;Ramírez;Lavalle 5397;Inmaculada Concepcion;Córdoba;camilaramirez@correo.com;74;11796849
Martina;Silva;Lavalle 3166;La Palta;Misiones;martinasilva@correo.com;72;28474337
Sara;Silva;Belgrano 8842;Gral. Pico;Córdoba;sarasilva@correo.com;29;18012154
Ezequiel;Ruiz;Av. San Martín 608;9 de Julio;Salta;ezequielruiz@correo.com;78;28959423
Gabriel;Torres;Av. de Mayo 6495;Gral. Pico;Buenos Aires;gabrieltorres@correo.com;43;41205591
Luis;Ramírez;Sarmiento 9897;Inmaculada Concepcion;Entre Ríos;luisramirez@correo.com;76;46043933
Elena;Flores;Mitre 1579;Palermo;Buenos Aires;elenaflores@correo.com;81;29566178
Isabella;Martínez;Belgrano 5144;Gral. Pico;Chaco;isabellamartinez@correo.com;71;25226982
María;Gómez;Lavalle 4094;Rosario de la Cruz;Córdoba;mariagomez@correo.com;71;32782874
Javier;Silva;Pueyrredón 8448;San Miguel;Entre Ríos;javiersilva@correo.com;23;31601794
Martina;Fernández;Pueyrredón 4293;San Martin;Chaco;martinafernandez@correo.com;26;46937896
Natalia;Peralta;Alvear 4428;Capitan Mendoza;Chaco;nataliaperalta@correo.com;45;15150941
Ignacio;García;Belgrano 105;La Palta;Neuquén;ignaciogarcia@correo.com;56;44735166
Ana;García;Alvear 2624;Rosario de la Cruz;Mendoza;anagarcia@correo.com;78;22353801
Ignacio;Sosa;Mitre 4575;Inmaculada Concepcion;Buenos Aires;ignaciososa@correo.com;56;37051676
Diego;Rodríguez;Mitre 5812;9 de Julio;Chaco;diegorodriguez@correo.com;65;41521659
Ignacio;Aguirre;Alvear 651;9 de Julio;Entre Ríos;ignacioaguirre@correo.com;65;29304395
Gabriel;Romero;Belgrano 290;9 de Julio;Chaco;gabrielromero@correo.com;50;14644869
Natalia;Castro;Alvear 7887;San Miguel;Entre Ríos;nataliacastro@correo.com;37;23934326
Ana;Silva;Urquiza 3011;Inmaculada Concepcion;Chaco;anasilva@correo.com;47;22050813
Sara;Acosta;Belgrano 5925;Capitan Mendoza;Córdoba;saraacosta@correo.com;79;17314722
Nicolás;Castro;Sarmiento 1602;Gral. Pico;Santa Fe;nicolascastro@correo.com;46;43040075
Santiago;Peralta;Urquiza 9188;Gral. Pico;Buenos Aires;santiagoperalta@correo.com;56;30866264
Lucía;Molina;Belgrano 8966;La Palta;Neuquén;luciamolina@correo.com;50;27089897
Javier;Molina;Alvear 4828;Capitan Mendoza;Córdoba;javiermolina@correo.com;56;29998901
Elena;Fernández;Rivadavia 8476;9 de Julio;Entre Ríos;elenafernandez@correo.com;18;24290731
Isabella;Acosta;Av. de Mayo 5651;25 de Mayo;Santa Fe;isabellaacosta@correo.com;22;15016903
Camila;Aguirre;Belgrano 373;9 de Julio;Tucumán;camilaaguirre@correo.com;74;17995468
Luis;Aguirre;Lavalle 9631;Rosario de la Cruz;Salta;luisaguirre@correo.com;44;20736856
Luis;Torres;Urquiza 8772;25 de Mayo;Tucumán;luistorres@correo.com;63;13293580
Javier;Pérez;Lavalle 6262;Capitan Mendoza;Entre Ríos;javierperez@correo.com;32;45768110
Valeria;Romero;Sarmiento 2689;Palermo;Salta;valeriaromero@correo.com;80;29559313
Javier;Ramírez;Av. de Mayo 50;Rosario de la Cruz;Mendoza;javierramirez@correo.com;22;33070629
Mateo;Ruiz;Alvear 7704;25 de Mayo;Buenos Aires;mateoruiz@correo.com;41;16896099
Diego;Díaz;Rivadavia 1348;9 de Julio;Mendoza;diegodiaz@correo.com;65;21051544
Lucía;Romero;Sarmiento 6265;La Palta;Misiones;luciaromero@correo.com;20;37100507
Nicolás;Silva;Mitre 7726;25 de Mayo;Buenos Aires;nicolassilva@correo.com;70;28536979
Natalia;López;Alvear 8080;Inmaculada Concepcion;Santa Fe;natalialopez@correo.com;59;12442045
Lucas;González;Belgrano 3485;San Martin;Santa Fe;lucasgonzalez@correo.com;59;36346715
Mateo;Rojas;Rivadavia 9831;Gral. Pico;Chaco;mateorojas@correo.com;41;27818569
Carlos;Silva;Sarmiento 424;La Palta;Mendoza;carlossilva@correo.com;69;21427466
Joaquín;Herrera;Alvear 2182;Inmaculada Concepcion;Misiones;joaquinherrera@correo.com;76;21751983
Natalia;Peralta;Sarmiento 418;25 de Mayo;Córdoba;nataliaperalta@correo.com;74;46309493
Camila;Torres;Pueyrredón 9448;Gral. Pico;Entre Ríos;camilatorres@correo.com;32;38033744
Ana;Díaz;Pueyrredón 7104;La Palta;Mendoza;anadiaz@correo.com;23;22727046
Gonzalo;Pérez;Sarmiento 7887;9 de Julio;Santa Fe;gonzaloperez@correo.com;62;16725633
Daniela;Rodríguez;Mitre 5109;San Martin;Neuquén;danielarodriguez@correo.com;64;12757290
Diego;Rodríguez;Rivadavia 2982;25 de Mayo;Chaco;diegorodriguez@correo.com;35;34622814
Lucas;Silva;Av. San Martín 4507;San Miguel;Entre Ríos;lucassilva@correo.com;53;27248943
Gonzalo;Ruiz;Belgrano 4458;Rosario de la Cruz;Entre Ríos;gonzaloruiz@correo.com;55;36873663
Nicolás;Guzmán;Av. San Martín 3153;San Martin;Mendoza;nicolasguzman@correo.com;78;46214319
Sara;Molina;Belgrano 9811;25 de Mayo;Neuquén;saramolina@correo.com;40;43775355
Ezequiel;Acosta;Alvear 2959;San Martin;Santa Fe;ezequielacosta@correo.com;72;15375555
Ana;Rojas;Av. de Mayo 7700;25 de Mayo;Entre Ríos;anarojas@correo.com;18;38163384
Valeria;Silva;Rivadavia 1024;La Palta;Chaco;valeriasilva@correo.com;59;38847856
Gonzalo;Rojas;Rivadavia 2365;San Martin;Mendoza;gonzalorojas@correo.com;47;20592946
Elena;Herrera;Lavalle 6025;9 de Julio;Entre Ríos;elenaherrera@correo.com;38;36068788
Ana;Guzmán;Pueyrredón 5173;25 de Mayo;Buenos Aires;anaguzman@correo.com;48;18820918
Ezequiel;Aguirre;Av. San Martín 9788;Inmaculada Concepcion;Buenos Aires;ezequielaguirre@correo.com;64;14068423
Agustín;Ruiz;Av. de Mayo 359;Rosario de la Cruz;Tucumán;agustinruiz@correo.com;82;46210751
Elena;Giménez;Rivadavia 4229;San Miguel;Tucumán;elenagimenez@correo.com;69;31438328
Sofía;Giménez;Urquiza 9953;Inmaculada Concepcion;Córdoba;sofiagimenez@correo.com;76;32727004
Javier;Silva;Av. San Martín 5270;San Martin;Entre Ríos;javiersilva@correo.com;81;38227301
Sofía;López;Av. San Martín 421;25 de Mayo;Misiones;sofialopez@correo.com;50;32006833
Agustín;Rodríguez;Alvear 8671;La Palta;Buenos Aires;agustinrodriguez@correo.com;69;43225345
Agustín;Ramírez;Urquiza 8448;Gral. Pico;Santa Fe;agustinramirez@correo.com;47;23570756
Elena;Pérez;Lavalle 9212;Rosario de la Cruz;Neuquén;elenaperez@correo.com;66;18493063
Joaquín;Aguirre;Alvear 8665;Gral. Pico;Buenos Aires;joaquinaguirre@correo.com;84;34393257
Abril;Fernández;Av. de Mayo 6388;Palermo;Neuquén;abrilfernandez@correo.com;83;27123198
Luis;Sosa;Av. San Martín 5219;Capitan Mendoza;Entre Ríos;luissosa@correo.com;61;34562458
Ana;Ruiz;Mitre 4708;San Miguel;Chaco;anaruiz@correo.com;72;38358347
Javier;Flores;Pueyrredón 5799;Palermo;Tucumán;javierflores@correo.com;69;24206298
Ana;López;Sarmiento 4900;Gral. Pico;Tucumán;analopez@correo.com;18;19148274
Diego;Fernández;Sarmiento 8651;La Palta;Mendoza;diegofernandez@correo.com;22;39122690
Luis;Pérez;Rivadavia 3624;Capitan Mendoza;Misiones;luisperez@correo.com;60;43640381
Ignacio;Medina;Rivadavia 5955;Palermo;Salta;ignaciomedina@correo.com;49;28775524
Diego;Silva;Av. San Martín 4218;25 de Mayo;Chaco;diegosilva@correo.com;28;14146468
Nicolás;Herrera;Sarmiento 8357;9 de Julio;Santa Fe;nicolasherrera@correo.com;58;35368337
Luis;López;Alvear 3199;9 de Julio;Buenos Aires;luislopez@correo.com;40;33394437
Lucía;Herrera;Av. de Mayo 879;25 de Mayo;Tucumán;luciaherrera@correo.com;44;45287877
Luis;Peralta;Sarmiento 2610;Rosario de la Cruz;Misiones;luisperalta@correo.com;57;18336681
Camila;González;Av. San Martín 5409;San Miguel;Córdoba;camilagonzalez@correo.com;77;21646041
Abril;Silva;Rivadavia 6493;Capitan Mendoza;Salta;abrilsilva@correo.com;22;11300675
Elena;Rodríguez;Pueyrredón 7532;Palermo;Neuquén;elenarodriguez@correo.com;78;26361740
Tomas;Aguirre;Belgrano 6498;25 de Mayo;Misiones;tomasaguirre@correo.com;64;36092058
Ana;Rojas;Mitre 3141;Capitan Mendoza;Entre Ríos;anarojas@correo.com;38;31968631
Gabriel;Rojas;Lavalle 4948;Palermo;Tucumán;gabrielrojas@correo.com;55;40515722
Nicolás;Silva;Mitre 6077;San Martin;Santa Fe;nicolassilva@correo.com;69;24840035
Gonzalo;Díaz;Lavalle 6800;Capitan Mendoza;Tucumán;gonzalodiaz@correo.com;82;47945063
María;Benítez;Belgrano 2754;25 de Mayo;Chaco;mariabenitez@correo.com;66;28684422
Tomas;Giménez;Mitre 1399;Gral. Pico;Santa Fe;tomasgimenez@correo.com;49;32242270
Lucas;Molina;Av. de Mayo 9919;25 de Mayo;Entre Ríos;lucasmolina@correo.com;77;18271144
Natalia;Peralta;Belgrano 9169;San Martin;Tucumán;nataliaperalta@correo.com;48;26664186
Diego;López;Alvear 1725;Gral. Pico;Chaco;diegolopez@correo.com;23;26474366
Joaquín;Guzmán;Rivadavia 5954;Palermo;Tucumán;joaquinguzman@correo.com;23;41363579
Sara;Flores;Av. San Martín 5323;Capitan Mendoza;Neuquén;saraflores@correo.com;27;45398061
Mateo;Sánchez;Alvear 8618;San Miguel;Chaco;mateosanchez@correo.com;81;19640473
Paula;Rodríguez;Sarmiento 6078;9 de Julio;Entre Ríos;paularodriguez@correo.com;67;11427530
María;Ramírez;Sarmiento 4390;San Martin;Tucumán;mariaramirez@correo.com;46;41170445
Martina;Gómez;Lavalle 8149;La Palta;Chaco;martinagomez@correo.com;18;38322075
Valeria;González;Rivadavia 840;Palermo;Tucumán;valeriagonzalez@correo.com;75;41030835
Camila;Benítez;Urquiza 580;Inmaculada Concepcion;Misiones;camilabenitez@correo.com;23;15879225
Ignacio;Benítez;Av. de Mayo 2571;San Miguel;Mendoza;ignaciobenitez@correo.com;25;17318372
Santiago;Álvarez;Rivadavia 3873;Rosario de la Cruz;Tucumán;santiagoalvarez@correo.com;42;44934799
Santiago;Aguirre;Sarmiento 9155;9 de Julio;Córdoba;santiagoaguirre@correo.com;29;40607684
Daniela;Ramírez;Lavalle 6567;25 de Mayo;Córdoba;danielaramirez@correo.com;48;45435206
Agustín;Molina;Pueyrredón 4945;Capitan Mendoza;Córdoba;agustinmolina@correo.com;51;30194854
Ezequiel;Martínez;Urquiza 6837;San Miguel;Tucumán;ezequielmartinez@correo.com;37;25311274
Sofía;Martínez;Mitre 8821;Capitan Mendoza;Entre Ríos;sofiamartinez@correo.com;37;13465005
Sofía;Ramírez;Belgrano 5435;9 de Julio;Salta;sofiaramirez@correo.com;27;25511216
Daniela;López;Av. de Mayo 6240;San Miguel;Mendoza;danielalopez@correo.com;75;20224441
Elena;Benítez;Lavalle 9783;San Miguel;Salta;elenabenitez@correo.com;21;11663000
Lucía;Molina;Sarmiento 1667;Palermo;Neuquén;luciamolina@correo.com;25;14311905
Nicolás;Rojas;Rivadavia 9565;San Martin;Santa Fe;nicolasrojas@correo.com;63;38653395
María;Rodríguez;Sarmiento 4101;Palermo;Buenos Aires;mariarodriguez@correo.com;77;40293770
Elena;Fernández;Av. de Mayo 1542;La Palta;Buenos Aires;elenafernandez@correo.com;20;11175651
Elena;Sánchez;Mitre 2175;La Palta;Neuquén;elenasanchez@correo.com;57;17399247
Diego;Álvarez;Mitre 897;25 de Mayo;Chaco;diegoalvarez@correo.com;38;33388107
Sofía;Acosta;Belgrano 7904;25 de Mayo;Neuquén;sofiaacosta@correo.com;68;47214640
Gabriel;Vidal;Alvear 1271;Palermo;Tucumán;gabrielvidal@correo.com;42;25344634
Martina;Medina;Belgrano 8503;San Miguel;Neuquén;martinamedina@correo.com;52;24485569
Elena;Molina;Mitre 1099;Capitan Mendoza;Salta;elenamolina@correo.com;71;14250918
Sofía;García;Sarmiento 5528;Palermo;Córdoba;sofiagarcia@correo.com;22;18999840
Lucas;Torres;Rivadavia 8071;Palermo;Tucumán;lucastorres@correo.com;30;31808532
Ignacio;Benítez;Mitre 8272;Rosario de la Cruz;Mendoza;ignaciobenitez@correo.com;43;45644322
Javier;Díaz;Av. de Mayo 8191;La Palta;Mendoza;javierdiaz@correo.com;57;37585216
Abril;Álvarez;Av. San Martín 6299;San Martin;Córdoba;abrilalvarez@correo.com;40;16840535
Joaquín;Sánchez;Urquiza 9094;Palermo;Córdoba;joaquinsanchez@correo.com;71;44174999
Joaquín;Aguirre;Av. San Martín 6496;9 de Julio;Misiones;joaquinaguirre@correo.com;40;11013326
Gabriel;Medina;Av. San Martín 669;San Martin;Córdoba;gabrielmedina@correo.com;36;33487385
Ezequiel;López;Pueyrredón 8959;25 de Mayo;Salta;ezequiellopez@correo.com;41;39256145
Natalia;Medina;Mitre 3596;9 de Julio;Mendoza;nataliamedina@correo.com;28;17244817
Lucas;Gómez;Av. de Mayo 1902;San Miguel;Santa Fe;lucasgomez@correo.com;23;34757021
Luis;Romero;Av. San Martín 6932;San Martin;Neuquén;luisromero@correo.com;45;41205903
Camila;Castro;Urquiza 8808;Capitan Mendoza;Neuquén;camilacastro@correo.com;30;29920781
Lucía;Castro;Urquiza 1779;San Miguel;Entre Ríos;luciacastro@correo.com;78;14968766
Natalia;Ramírez;Mitre 1708;La Palta;Buenos Aires;nataliaramirez@correo.com;22;29489202
Joaquín;Rodríguez;Pueyrredón 2387;9 de Julio;Mendoza;joaquinrodriguez@correo.com;38;12427742
Agustín;Díaz;Urquiza 3452;Palermo;Salta;agustindiaz@correo.com;24;25676990
Martina;Fernández;Lavalle 7133;San Miguel;Buenos Aires;martinafernandez@correo.com;78;22999321
Martina;López;Urquiza 4154;Inmaculada Concepcion;Tucumán;martinalopez@correo.com;79;35113176
Diego;Sosa;Alvear 1394;25 de Mayo;Misiones;diegososa@correo.com;38;20573683
Ezequiel;Benítez;Av. San Martín 7864;Palermo;Entre Ríos;ezequielbenitez@correo.com;55;26640266
Sofía;Álvarez;Av. San Martín 6118;La Palta;Buenos Aires;sofiaalvarez@correo.com;33;12967444
Camila;Sosa;Av. de Mayo 8036;Rosario de la Cruz;Neuquén;camilasosa@correo.com;83;27514689
Victoria;Guzmán;Rivadavia 7804;Palermo;Santa Fe;victoriaguzman@correo.com;38;45804422
Ana;Pérez;Av. de Mayo 794;25 de Mayo;Entre Ríos;anaperez@correo.com;25;31979690
Carlos;García;Urquiza 7165;Inmaculada Concepcion;Mendoza;carlosgarcia@correo.com;22;30551671
Gabriel;Flores;Alvear 2910;San Miguel;Tucumán;gabrielflores@correo.com;38;34360621
Isabella;Álvarez;Urquiza 3553;La Palta;Mendoza;isabellaalvarez@correo.com;26;20632575
Luis;González;Pueyrredón 2043;Rosario de la Cruz;Misiones;luisgonzalez@correo.com;74;11689966
Ana;Vidal;Alvear 2998;25 de Mayo;Buenos Aires;anavidal@correo.com;28;32136370
Martina;Giménez;Pueyrredón 6923;San Martin;Chaco;martinagimenez@correo.com;39;40683361
Lucía;López;Alvear 2984;25 de Mayo;Buenos Aires;lucialopez@correo.com;78;18235082
Gonzalo;Rojas;Belgrano 4196;San Miguel;Tucumán;gonzalorojas@correo.com;67;28404066
Ana;Fernández;Belgrano 6894;9 de Julio;Buenos Aires;anafernandez@correo.com;68;17501108
Carlos;Romero;Av. de Mayo 9343;Palermo;Misiones;carlosromero@correo.com;52;27895764
Nicolás;Martínez;Urquiza 5315;La Palta;Salta;nicolasmartinez@correo.com;81;43931992
Tomas;Sosa;Mitre 708;25 de Mayo;Salta;tomassosa@correo.com;52;41301501
Mateo;Ruiz;Urquiza 7457;Inmaculada Concepcion;Neuquén;mateoruiz@correo.com;52;26273981
Elena;Pérez;Alvear 2136;San Miguel;Tucumán;elenaperez@correo.com;19;41487623
Tomas;Giménez;Pueyrredón 2720;Rosario de la Cruz;Buenos Aires;tomasgimenez@correo.com;52;37394915
Isabella;Giménez;Belgrano 217;San Miguel;Santa Fe;isabellagimenez@correo.com;51;15934168
Victoria;Castro;Mitre 8561;Rosario de la Cruz;Tucumán;victoriacastro@correo.com;28;36532923
Abril;Herrera;Pueyrredón 9280;San Martin;Salta;abrilherrera@correo.com;38;41279817
Diego;Álvarez;Urquiza 2710;Palermo;Chaco;diegoalvarez@correo.com;64;29368495
Gabriel;Medina;Lavalle 6719;Palermo;Córdoba;gabrielmedina@correo.com;42;42850990
Gabriel;González;Pueyrredón 3069;Gral. Pico;Tucumán;gabrielgonzalez@correo.com;64;34077904
Joaquín;Acosta;Lavalle 389;Gral. Pico;Entre Ríos;joaquinacosta@correo.com;57;19606458
Ignacio;García;Pueyrredón 4711;Capitan Mendoza;Buenos Aires;ignaciogarcia@correo.com;49;26879152
Ana;Ruiz;Belgrano 1162;San Martin;Misiones;anaruiz@correo.com;55;18531273
Gonzalo;Guzmán;Sarmiento 9899;La Palta;Mendoza;gonzaloguzman@correo.com;57;34912269
Carlos;Rojas;Sarmiento 2346;Palermo;Neuquén;carlosrojas@correo.com;73;44172982
Mateo;Torres;Mitre 8568;9 de Julio;Neuquén;mateotorres@correo.com;81;44956471
Lucía;Vidal;Av. de Mayo 8204;Inmaculada Concepcion;Córdoba;luciavidal@correo.com;84;25242084
Lucía;Castro;Sarmiento 5618;Gral. Pico;Salta;luciacastro@correo.com;24;23806368
Sara;Guzmán;Av. de Mayo 5461;25 de Mayo;Misiones;saraguzman@correo.com;50;46334198
Elena;Peralta;Av. San Martín 2565;San Miguel;Buenos Aires;elenaperalta@correo.com;34;27217909
Ignacio;Torres;Belgrano 393;Inmaculada Concepcion;Tucumán;ignaciotorres@correo.com;58;17582924
Valeria;Sánchez;Belgrano 6300;Rosario de la Cruz;Neuquén;valeriasanchez@correo.com;65;27394445
Lucas;González;Pueyrredón 5629;Inmaculada Concepcion;Entre Ríos;lucasgonzalez@correo.com;30;47586543
Gabriel;Sosa;Lavalle 8821;La Palta;Mendoza;gabrielsosa@correo.com;73;42617459
Sara;Peralta;Alvear 984;Rosario de la Cruz;Mendoza;saraperalta@correo.com;42;21688181
Luis;Pérez;Sarmiento 1972;Palermo;Neuquén;luisperez@correo.com;58;35648259
Victoria;Guzmán;Pueyrredón 9518;San Miguel;Chaco;victoriaguzman@correo.com;30;23949274
Lucía;Peralta;Alvear 8085;La Palta;Córdoba;luciaperalta@correo.com;83;13518476
Gabriel;Peralta;Rivadavia 4080;San Martin;Tucumán;gabrielperalta@correo.com;59;42063118
Lucas;Romero;Av. San Martín 7423;Inmaculada Concepcion;Salta;lucasromero@correo.com;75;42666357
Elena;Giménez;Pueyrredón 4411;9 de Julio;Córdoba;elenagimenez@correo.com;55;12843973
Isabella;Herrera;Lavalle 6929;San Martin;Buenos Aires;isabellaherrera@correo.com;84;20121548
Javier;Molina;Lavalle 6533;25 de Mayo;Chaco;javiermolina@correo.com;82;37796843
Mateo;Giménez;Sarmiento 6871;Rosario de la Cruz;Tucumán;mateogimenez@correo.com;53;43748967
Javier;Pérez;Pueyrredón 1315;La Palta;Buenos Aires;javierperez@correo.com;52;39057563
Ana;Sánchez;Mitre 4093;Palermo;Entre Ríos;anasanchez@correo.com;30;18756000
María;Álvarez;Urquiza 5203;Capitan Mendoza;Entre Ríos;mariaalvarez@correo.com;59;24997804
Victoria;Ramírez;Belgrano 2277;Gral. Pico;Tucumán;victoriaramirez@correo.com;47;31237682
Valeria;Álvarez;Belgrano 9434;25 de Mayo;Buenos Aires;valeriaalvarez@correo.com;31;34703137
Daniela;Díaz;Belgrano 9191;Gral. Pico;Tucumán;danieladiaz@correo.com;74;36313371
Victoria;Fernández;Sarmiento 4044;Rosario de la Cruz;Mendoza;victoriafernandez@correo.com;28;33792323
Santiago;Martínez;Urquiza 4291;La Palta;Salta;santiagomartinez@correo.com;43;47164160
Lucía;López;Av. San Martín 5906;Palermo;Misiones;lucialopez@correo.com;19;35055160
Gabriel;Silva;Urquiza 3687;25 de Mayo;Córdoba;gabrielsilva@correo.com;77;20049927
Gonzalo;Gómez;Belgrano 7753;Inmaculada Concepcion;Santa Fe;gonzalogomez@correo.com;44;19939429
Sofía;Castro;Rivadavia 5074;Capitan Mendoza;Salta;sofiacastro@correo.com;47;28248460
Sara;Martínez;Urquiza 454;9 de Julio;Santa Fe;saramartinez@correo.com;41;27732439
Gonzalo;Martínez;Av. de Mayo 7729;San Miguel;Chaco;gonzalomartinez@correo.com;74;34743152
Lucas;Peralta;Pueyrredón 9802;San Miguel;Neuquén;lucasperalta@correo.com;24;35286139
Victoria;Pérez;Sarmiento 9034;La Palta;Tucumán;victoriaperez@correo.com;34;27313433
Gabriel;Ramírez;Av. San Martín 2839;San Martin;Tucumán;gabrielramirez@correo.com;45;24171490
Abril;Castro;Av. San Martín 7431;San Miguel;Chaco;abrilcastro@correo.com;41;19295538
Isabella;Silva;Pueyrredón 1634;Capitan Mendoza;Tucumán;isabellasilva@correo.com;66;33037846
Daniela;Fernández;Urquiza 2736;La Palta;Chaco;danielafernandez@correo.com;38;45994253
Daniela;Giménez;Urquiza 8906;9 de Julio;Chaco;danielagimenez@correo.com;40;44648918
Natalia;Herrera;Rivadavia 5024;25 de Mayo;Entre Ríos;nataliaherrera@correo.com;50;41445259
Javier;Gómez;Av. San Martín 3308;Palermo;Salta;javiergomez@correo.com;22;23310224
Luis;González;Belgrano 3986;Inmaculada Concepcion;Mendoza;luisgonzalez@correo.com;68;12007311
Javier;Díaz;Belgrano 1553;Rosario de la Cruz;Misiones;javierdiaz@correo.com;23;29465569
Agustín;Rojas;Belgrano 5511;Gral. Pico;Misiones;agustinrojas@correo.com;52;47339646
Paula;Medina;Mitre 8088;Palermo;Córdoba;paulamedina@correo.com;42;37836252
Javier;Díaz;Rivadavia 3538;Capitan Mendoza;Entre Ríos;javierdiaz@correo.com;41;19824047
Gabriel;Ruiz;Urquiza 9068;San Miguel;Buenos Aires;gabrielruiz@correo.com;70;44629992
Lucas;Pérez;Av. de Mayo 2014;Gral. Pico;Mendoza;lucasperez@correo.com;24;25854267
Gonzalo;Castro;Belgrano 6323;25 de Mayo;Santa Fe;gonzalocastro@correo.com;67;20376058
Daniela;Benítez;Av. de Mayo 51;25 de Mayo;Córdoba;danielabenitez@correo.com;45;44877510
Martina;García;Belgrano 2476;San Miguel;Misiones;martinagarcia@correo.com;68;16954261
Paula;López;Av. de Mayo 6171;Inmaculada Concepcion;Neuquén;paulalopez@correo.com;58;14310905
Diego;Torres;Mitre 1184;9 de Julio;Buenos Aires;diegotorres@correo.com;49;38625073
Lucía;Castro;Av. San Martín 1701;Rosario de la Cruz;Buenos Aires;luciacastro@correo.com;39;43074478
Joaquín;Benítez;Lavalle 2018;San Miguel;Tucumán;joaquinbenitez@correo.com;51;23208616
Gabriel;Molina;Belgrano 267;Gral. Pico;Chaco;gabrielmolina@correo.com;61;23613633
Elena;Flores;Rivadavia 4853;Palermo;Córdoba;elenaflores@correo.com;33;41290329
Sara;Díaz;Pueyrredón 2739;Gral. Pico;Santa Fe;saradiaz@correo.com;64;40617466
Gonzalo;Díaz;Av. de Mayo 5025;9 de Julio;Entre Ríos;gonzalodiaz@correo.com;42;30008754
Camila;González;Pueyrredón 21;Inmaculada Concepcion;Misiones;camilagonzalez@correo.com;64;35883231
Tomas;Castro;Mitre 8840;25 de Mayo;Entre Ríos;tomascastro@correo.com;20;47903339
Joaquín;Benítez;Lavalle 9193;Palermo;Santa Fe;joaquinbenitez@correo.com;24;21633189
Ezequiel;Acosta;Alvear 6826;Gral. Pico;Córdoba;ezequielacosta@correo.com;70;15305485
Gabriel;Guzmán;Lavalle 1641;Inmaculada Concepcion;Chaco;gabrielguzman@correo.com;36;24050575
Agustín;Rodríguez;Mitre 5017;Inmaculada Concepcion;Entre Ríos;agustinrodriguez@correo.com;74;15424897
Paula;Acosta;Sarmiento 4553;9 de Julio;Santa Fe;paulaacosta@correo.com;65;25623607
Diego;Castro;Alvear 3870;9 de Julio;Córdoba;diegocastro@correo.com;51;46332927
Nicolás;Torres;Sarmiento 5785;25 de Mayo;Buenos Aires;nicolastorres@correo.com;72;25943835
Sara;Vidal;Pueyrredón 5596;San Martin;Entre Ríos;saravidal@correo.com;25;22831780
Daniela;Sosa;Av. de Mayo 3847;Inmaculada Concepcion;Neuquén;danielasosa@correo.com;28;43409762
Santiago;Aguirre;Belgrano 1047;La Palta;Tucumán;santiagoaguirre@correo.com;54;23256723
Luis;Medina;Mitre 7298;25 de Mayo;Tucumán;luismedina@correo.com;57;42525671
Sara;Molina;Av. de Mayo 7823;Gral. Pico;Misiones;saramolina@correo.com;26;34306393
Abril;Flores;Av. de Mayo 8465;Gral. Pico;Mendoza;abrilflores@correo.com;56;12005609
Gonzalo;Medina;Av. San Martín 7635;Palermo;Córdoba;gonzalomedina@correo.com;18;21402044
Mateo;Flores;Alvear 3619;Gral. Pico;Santa Fe;mateoflores@correo.com;60;33534696
Mateo;Martínez;Pueyrredón 5955;9 de Julio;Tucumán;mateomartinez@correo.com;25;13939328
Abril;González;Av. de Mayo 6042;9 de Julio;Santa Fe;abrilgonzalez@correo.com;77;16150014
Lucas;Rodríguez;Pueyrredón 5470;La Palta;Mendoza;lucasrodriguez@correo.com;56;38197047
Abril;Ruiz;Pueyrredón 7941;San Miguel;Salta;abrilruiz@correo.com;60;20947340
Carlos;Acosta;Pueyrredón 2736;San Martin;Neuquén;carlosacosta@correo.com;76;44338028
Ezequiel;Pérez;Alvear 1096;San Martin;Mendoza;ezequielperez@correo.com;68;46888562
Gonzalo;Castro;Av. de Mayo 1165;Gral. Pico;Entre Ríos;gonzalocastro@correo.com;63;18174498
Gabriel;Torres;Rivadavia 1342;Inmaculada Concepcion;Salta;gabrieltorres@correo.com;59;23065525
Victoria;Sánchez;Alvear 3496;Gral. Pico;Buenos Aires;victoriasanchez@correo.com;33;30657935
Tomas;Rojas;Mitre 6369;San Martin;Misiones;tomasrojas@correo.com;56;19254017
Abril;Castro;Sarmiento 7362;25 de Mayo;Mendoza;abrilcastro@correo.com;77;46026266
Sofía;Flores;Belgrano 505;La Palta;Mendoza;sofiaflores@correo.com;53;45881008
Lucas;Acosta;Mitre 8979;Capitan Mendoza;Salta;lucasacosta@correo.com;66;15180144
Isabella;Molina;Sarmiento 2490;San Martin;Buenos Aires;isabellamolina@correo.com;81;27950878
Sofía;Sánchez;Lavalle 5650;Rosario de la Cruz;Salta;sofiasanchez@correo.com;43;30482251
Sofía;Sosa;Lavalle 4428;25 de Mayo;Santa Fe;sofiasosa@correo.com;22;20719163
Camila;Rojas;Rivadavia 5182;Inmaculada Concepcion;Misiones;camilarojas@correo.com;28;22318019
Joaquín;Castro;Rivadavia 5501;9 de Julio;Tucumán;joaquincastro@correo.com;47;38913124
Carlos;García;Belgrano 2743;San Martin;Buenos Aires;carlosgarcia@correo.com;47;23947785
Diego;Álvarez;Av. San Martín 3167;9 de Julio;Tucumán;diegoalvarez@correo.com;57;18516880
Victoria;López;Lavalle 2210;La Palta;Córdoba;victorialopez@correo.com;68;15182400
María;Vidal;Alvear 7751;San Martin;Entre Ríos;mariavidal@correo.com;73;19652801
Gonzalo;Rojas;Av. San Martín 5281;9 de Julio;Mendoza;gonzalorojas@correo.com;68;37136697
Lucía;Torres;Alvear 5382;Inmaculada Concepcion;Chaco;luciatorres@correo.com;22;24925607
Sofía;Martínez;Belgrano 5884;San Martin;Entre Ríos;sofiamartinez@correo.com;47;29401408
Lucía;García;Av. San Martín 8161;9 de Julio;Misiones;luciagarcia@correo.com;64;19206063
Carlos;Guzmán;Av. San Martín 880;Palermo;Buenos Aires;carlosguzman@correo.com;29;15238817
Natalia;Rojas;Mitre 5642;Rosario de la Cruz;Misiones;nataliarojas@correo.com;37;33140356
Carlos;Molina;Sarmiento 6273;25 de Mayo;Misiones;carlosmolina@correo.com;78;44066330
Carlos;López;Av. San Martín 530;La Palta;Córdoba;carloslopez@correo.com;46;28694208
Carlos;Sosa;Mitre 9347;Inmaculada Concepcion;Chaco;carlossosa@correo.com;48;24674307
Joaquín;Gómez;Pueyrredón 4506;Capitan Mendoza;Córdoba;joaquingomez@correo.com;76;23701292
Agustín;Castro;Pueyrredón 5521;San Miguel;Tucumán;agustincastro@correo.com;24;29047872
Luis;Rodríguez;Av. San Martín 2038;Gral. Pico;Entre Ríos;luisrodriguez@correo.com;80;28016219
Abril;González;Pueyrredón 2207;Rosario de la Cruz;Mendoza;abrilgonzalez@correo.com;47;28763146
Mateo;Aguirre;Urquiza 9650;San Martin;Buenos Aires;mateoaguirre@correo.com;50;40742456
Sofía;Sosa;Mitre 9787;Inmaculada Concepcion;Santa Fe;sofiasosa@correo.com;56;27279048
Abril;Aguirre;Rivadavia 2682;Inmaculada Concepcion;Santa Fe;abrilaguirre@correo.com;83;12195467
Sara;Díaz;Mitre 9693;Inmaculada Concepcion;Santa Fe;saradiaz@correo.com;58;45471582
Natalia;Molina;Lavalle 574;Capitan Mendoza;Buenos Aires;nataliamolina@correo.com;54;14450998
Sara;Rojas;Av. de Mayo 2991;25 de Mayo;Neuquén;sararojas@correo.com;76;39401162
Lucía;López;Sarmiento 2023;Capitan Mendoza;Mendoza;lucialopez@correo.com;80;18982401
Victoria;Rojas;Mitre 1013;Palermo;Misiones;victoriarojas@correo.com;27;13206891
Paula;Sánchez;Urquiza 1270;9 de Julio;Buenos Aires;paulasanchez@correo.com;84;24540456
Natalia;Aguirre;Rivadavia 3880;Inmaculada Concepcion;Misiones;nataliaaguirre@correo.com;78;39264909
Ana;Silva;Urquiza 8536;La Palta;Santa Fe;anasilva@correo.com;54;15023636
Abril;Aguirre;Belgrano 8795;Inmaculada Concepcion;Neuquén;abrilaguirre@correo.com;56;20467928
Lucía;Gómez;Sarmiento 7219;Palermo;Tucumán;luciagomez@correo.com;68;27182655
Victoria;Flores;Av. de Mayo 4031;Capitan Mendoza;Entre Ríos;victoriaflores@correo.com;48;17946557
Abril;Ramírez;Mitre 5557;La Palta;Entre Ríos;abrilramirez@correo.com;25;39050746
Ana;Torres;Mitre 8843;9 de Julio;Mendoza;anatorres@correo.com;58;32644364
Ignacio;Vidal;Pueyrredón 8822;San Miguel;Chaco;ignaciovidal@correo.com;81;18095740
Gonzalo;Gómez;Av. San Martín 8410;La Palta;Entre Ríos;gonzalogomez@correo.com;69;33789942
Diego;García;Belgrano 4026;Capitan Mendoza;Mendoza;diegogarcia@correo.com;57;31609038
Elena;Torres;Mitre 3268;San Miguel;Chaco;elenatorres@correo.com;48;34476065
Gonzalo;Gómez;Pueyrredón 2856;La Palta;Mendoza;gonzalogomez@correo.com;55;40125256
Natalia;Giménez;Rivadavia 3338;9 de Julio;Tucumán;nataliagimenez@correo.com;33;35940219
María;Sosa;Mitre 8980;Inmaculada Concepcion;Salta;mariasosa@correo.com;34;20251192
Joaquín;Gómez;Urquiza 1752;La Palta;Santa Fe;joaquingomez@correo.com;41;41837036
Gabriel;Gómez;Lavalle 8166;9 de Julio;Salta;gabrielgomez@correo.com;70;20506274
Mateo;Castro;Rivadavia 3889;Capitan Mendoza;Buenos Aires;mateocastro@correo.com;55;20141264
Sara;Flores;Mitre 7228;Inmaculada Concepcion;Neuquén;saraflores@correo.com;60;15834193
Mateo;Flores;Pueyrredón 210;Gral. Pico;Tucumán;mateoflores@correo.com;50;45667694
Isabella;Flores;Lavalle 6710;San Martin;Santa Fe;isabellaflores@correo.com;43;36723456
Lucía;García;Rivadavia 7945;Rosario de la Cruz;Santa Fe;luciagarcia@correo.com;26;18406496
Santiago;Sosa;Av. de Mayo 6451;Palermo;Salta;santiagososa@correo.com;58;25496967
María;Peralta;Belgrano 7997;Gral. Pico;Entre Ríos;mariaperalta@correo.com;84;36677386
Natalia;Ruiz;Av. de Mayo 1993;La Palta;Misiones;nataliaruiz@correo.com;67;46043500
Javier;Ramírez;Rivadavia 6757;9 de Julio;Córdoba;javierramirez@correo.com;71;43752030
Ezequiel;Silva;Mitre 4304;San Miguel;Salta;ezequielsilva@correo.com;46;33062011
Ignacio;Rodríguez;Urquiza 9541;Inmaculada Concepcion;Santa Fe;ignaciorodriguez@correo.com;61;11979479
Martina;Martínez;Belgrano 7186;Inmaculada Concepcion;Entre Ríos;martinamartinez@correo.com;73;29782239
Ana;Rodríguez;Urquiza 6437;San Miguel;Mendoza;anarodriguez@correo.com;42;13340869
Victoria;Flores;Pueyrredón 3231;9 de Julio;Entre Ríos;victoriaflores@correo.com;72;11752529
Natalia;Giménez;Rivadavia 8433;Palermo;Neuquén;nataliagimenez@correo.com;22;17119162
Martina;Rodríguez;Sarmiento 1888;Palermo;Buenos Aires;martinarodriguez@correo.com;56;16486284
Santiago;González;Rivadavia 9191;Capitan Mendoza;Entre Ríos;santiagogonzalez@correo.com;38;38385837
Santiago;Peralta;Av. San Martín 8532;San Martin;Neuquén;santiagoperalta@correo.com;75;39999221
Natalia;Torres;Sarmiento 8806;25 de Mayo;Córdoba;nataliatorres@correo.com;58;21246028
Martina;Herrera;Urquiza 3939;Gral. Pico;Chaco;martinaherrera@correo.com;32;13546142
María;Torres;Av. de Mayo 5098;San Martin;Salta;mariatorres@correo.com;75;43525950
Lucas;Castro;Belgrano 4374;Inmaculada Concepcion;Buenos Aires;lucascastro@correo.com;62;46692123
Natalia;Vidal;Mitre 1283;Rosario de la Cruz;Mendoza;nataliavidal@correo.com;24;21922276
Mateo;Fernández;Av. de Mayo 6522;Gral. Pico;Neuquén;mateofernandez@correo.com;65;43240478
Abril;Vidal;Mitre 9948;Palermo;Neuquén;abrilvidal@correo.com;32;19979280
Ezequiel;Benítez;Av. San Martín 6082;La Palta;Santa Fe;ezequielbenitez@correo.com;31;22884125
Sofía;Giménez;Lavalle 1292;Gral. Pico;Buenos Aires;sofiagimenez@correo.com;28;11503777
Victoria;González;Sarmiento 5898;Rosario de la Cruz;Salta;victoriagonzalez@correo.com;54;22540469
Ignacio;Pérez;Urquiza 2448;San Martin;Santa Fe;ignacioperez@correo.com;31;13951118
Sofía;Fernández;Lavalle 9053;Capitan Mendoza;Santa Fe;sofiafernandez@correo.com;61;19217129
Camila;Rodríguez;Alvear 2505;9 de Julio;Santa Fe;camilarodriguez@correo.com;71;47803657
Lucía;Vidal;Av. San Martín 8020;San Miguel;Santa Fe;luciavidal@correo.com;19;20516747
Valeria;Guzmán;Sarmiento 7496;San Martin;Neuquén;valeriaguzman@correo.com;60;46858290
Agustín;Gómez;Belgrano 4624;Palermo;Chaco;agustingomez@correo.com;25;26606441
Mateo;Acosta;Rivadavia 3389;Rosario de la Cruz;Salta;mateoacosta@correo.com;51;38182979
Martina;Aguirre;Mitre 2417;9 de Julio;Chaco;martinaaguirre@correo.com;18;20434614
María;Díaz;Mitre 2746;Capitan Mendoza;Neuquén;mariadiaz@correo.com;18;18808876
Lucía;Sosa;Alvear 5839;25 de Mayo;Entre Ríos;luciasosa@correo.com;45;45097854
Victoria;Benítez;Alvear 4325;Capitan Mendoza;Chaco;victoriabenitez@correo.com;66;36176093
Ignacio;Peralta;Alvear 2765;San Martin;Buenos Aires;ignacioperalta@correo.com;28;41019360
Daniela;Martínez;Av. de Mayo 9769;Rosario de la Cruz;Tucumán;danielamartinez@correo.com;21;21078310
Joaquín;Guzmán;Belgrano 7623;San Martin;Salta;joaquinguzman@correo.com;55;11595260
Joaquín;Castro;Urquiza 6434;Capitan Mendoza;Salta;joaquincastro@correo.com;49;34424480
Ezequiel;Gómez;Av. San Martín 3214;Inmaculada Concepcion;Buenos Aires;ezequielgomez@correo.com;49;22084755
Luis;Benítez;Pueyrredón 2233;25 de Mayo;Córdoba;luisbenitez@correo.com;28;27660447
Abril;Álvarez;Lavalle 7524;Palermo;Mendoza;abrilalvarez@correo.com;64;29514035
Javier;Vidal;Av. San Martín 2260;Inmaculada Concepcion;Chaco;javiervidal@correo.com;34;23667726
Sofía;Flores;Sarmiento 2945;Rosario de la Cruz;Salta;sofiaflores@correo.com;65;30167870
Lucía;Aguirre;Pueyrredón 9819;Gral. Pico;Neuquén;luciaaguirre@correo.com;52;18665640
Sofía;Benítez;Sarmiento 694;La Palta;Tucumán;sofiabenitez@correo.com;44;20343710
Ana;Aguirre;Rivadavia 7294;San Martin;Córdoba;anaaguirre@correo.com;59;31057767
Paula;Guzmán;Av. de Mayo 1105;Capitan Mendoza;Mendoza;paulaguzman@correo.com;78;43519489
Gabriel;Benítez;Lavalle 1307;San Martin;Córdoba;gabrielbenitez@correo.com;43;33204968
Martina;Pérez;Rivadavia 8651;San Martin;Entre Ríos;martinaperez@correo.com;76;18068866
Santiago;Sánchez;Lavalle 8428;San Miguel;Neuquén;santiagosanchez@correo.com;21;29468792
Paula;Herrera;Lavalle 3319;Palermo;Entre Ríos;paulaherrera@correo.com;63;19125501
Lucía;Rojas;Urquiza 7472;La Palta;Tucumán;luciarojas@correo.com;18;30293325
Gabriel;García;Mitre 2493;9 de Julio;Mendoza;gabrielgarcia@correo.com;57;32468722
Nicolás;Benítez;Av. San Martín 8059;Rosario de la Cruz;Buenos Aires;nicolasbenitez@correo.com;76;20555497
Daniela;Gómez;Urquiza 3308;Rosario de la Cruz;Santa Fe;danielagomez@correo.com;31;37563134
Ignacio;López;Urquiza 6383;Rosario de la Cruz;Tucumán;ignaciolopez@correo.com;81;26699343
María;Castro;Lavalle 7418;La Palta;Neuquén;mariacastro@correo.com;81;13979537
Sofía;Guzmán;Av. de Mayo 3224;Rosario de la Cruz;Salta;sofiaguzman@correo.com;80;41329196
Carlos;López;Av. de Mayo 946;San Miguel;Neuquén;carloslopez@correo.com;54;21323589
Tomas;Torres;Alvear 7370;Capitan Mendoza;Santa Fe;tomastorres@correo.com;44;25639711
Camila;García;Mitre 17;Rosario de la Cruz;Santa Fe;camilagarcia@correo.com;74;42125669
Ignacio;Martínez;Alvear 661;San Miguel;Buenos Aires;ignaciomartinez@correo.com;76;39577559
Lucas;Álvarez;Sarmiento 7922;Gral. Pico;Córdoba;lucasalvarez@correo.com;29;11226192
Santiago;Ramírez;Rivadavia 8404;La Palta;Santa Fe;santiagoramirez@correo.com;32;22531017
Isabella;Benítez;Urquiza 2050;Palermo;Salta;isabellabenitez@correo.com;79;42922157
Valeria;Pérez;Lavalle 1067;Gral. Pico;Chaco;valeriaperez@correo.com;22;47640884
Sara;Sosa;Av. de Mayo 7360;San Miguel;Salta;sarasosa@correo.com;75;46318563
Isabella;Romero;Urquiza 5785;San Miguel;Tucumán;isabellaromero@correo.com;65;28716876
Ana;Giménez;Lavalle 2683;Capitan Mendoza;Salta;anagimenez@correo.com;76;21244614
Diego;Giménez;Av. San Martín 3999;Rosario de la Cruz;Tucumán;diegogimenez@correo.com;20;25100309
Ana;Álvarez;Mitre 15;Capitan Mendoza;Entre Ríos;anaalvarez@correo.com;60;34209903
Victoria;Rojas;Belgrano 6117;Capitan Mendoza;Chaco;victoriarojas@correo.com;75;29088562
Isabella;Medina;Rivadavia 6652;La Palta;Salta;isabellamedina@correo.com;36;32074683
Victoria;Herrera;Mitre 5395;9 de Julio;Santa Fe;victoriaherrera@correo.com;48;46789887
Daniela;Gómez;Av. de Mayo 5019;San Miguel;Buenos Aires;danielagomez@correo.com;42;32563964
Carlos;Giménez;Av. San Martín 1642;Inmaculada Concepcion;Tucumán;carlosgimenez@correo.com;19;29602165
Sofía;Romero;Alvear 9261;Capitan Mendoza;Córdoba;sofiaromero@correo.com;55;13628649
Daniela;Rojas;Rivadavia 8746;25 de Mayo;Misiones;danielarojas@correo.com;20;20793007
Daniela;Ruiz;Mitre 6364;La Palta;Buenos Aires;danielaruiz@correo.com;30;46095417
Diego;Martínez;Rivadavia 2255;Capitan Mendoza;Tucumán;diegomartinez@correo.com;79;13808094
Agustín;Herrera;Urquiza 1382;Inmaculada Concepcion;Córdoba;agustinherrera@correo.com;61;21694154
Paula;Sánchez;Lavalle 2401;Gral. Pico;Misiones;paulasanchez@correo.com;84;23838802
Lucas;Benítez;Rivadavia 3021;San Miguel;Neuquén;lucasbenitez@correo.com;53;40277514
Ezequiel;Ruiz;Urquiza 5231;Inmaculada Concepcion;Salta;ezequielruiz@correo.com;41;37891329
Ezequiel;Ruiz;Av. San Martín 7974;9 de Julio;Santa Fe;ezequielruiz@correo.com;62;17396739
Daniela;Ruiz;Pueyrredón 7243;Rosario de la Cruz;Córdoba;danielaruiz@correo.com;80;43226668
Mateo;Ramírez;Urquiza 3256;San Martin;Santa Fe;mateoramirez@correo.com;25;14713336
Sara;Sánchez;Alvear 3623;San Martin;Tucumán;sarasanchez@correo.com;48;19187671
Mateo;Molina;Sarmiento 1558;San Miguel;Misiones;mateomolina@correo.com;59;12333448
Isabella;Flores;Av. San Martín 4168;Palermo;Misiones;isabellaflores@correo.com;58;39702397
Paula;Sosa;Mitre 3425;San Martin;Santa Fe;paulasosa@correo.com;68;28385305
Carlos;Aguirre;Pueyrredón 8219;25 de Mayo;Buenos Aires;carlosaguirre@correo.com;58;41877157
Lucía;Castro;Lavalle 1558;San Miguel;Buenos Aires;luciacastro@correo.com;21;33420843
María;Herrera;Av. de Mayo 8762;25 de Mayo;Córdoba;mariaherrera@correo.com;42;37584755
Paula;Gómez;Mitre 713;Inmaculada Concepcion;Entre Ríos;paulagomez@correo.com;21;26505961
Daniela;Medina;Lavalle 2547;Palermo;Córdoba;danielamedina@correo.com;41;42742741
Isabella;González;Lavalle 6419;25 de Mayo;Neuquén;isabellagonzalez@correo.com;24;37878284
Luis;Pérez;Mitre 2225;La Palta;Neuquén;luisperez@correo.com;49;34771779
Agustín;Medina;Mitre 8539;San Martin;Misiones;agustinmedina@correo.com;43;24748993
Martina;Benítez;Belgrano 2411;San Martin;Misiones;martinabenitez@correo.com;22;15451006
Elena;Silva;Belgrano 1264;Gral. Pico;Misiones;elenasilva@correo.com;30;38026228
Isabella;Peralta;Pueyrredón 8498;San Martin;Tucumán;isabellaperalta@correo.com;27;13483967
María;Fernández;Mitre 8651;San Martin;Mendoza;mariafernandez@correo.com;76;44223576
Natalia;Silva;Sarmiento 1034;San Miguel;Misiones;nataliasilva@correo.com;83;45547957
Carlos;Benítez;Mitre 7554;25 de Mayo;Neuquén;carlosbenitez@correo.com;62;45435648
Carlos;Ruiz;Rivadavia 5616;Gral. Pico;Entre Ríos;carlosruiz@correo.com;40;34495701
Gabriel;Acosta;Mitre 1745;Gral. Pico;Entre Ríos;gabrielacosta@correo.com;79;20028009
Daniela;López;Alvear 4569;Inmaculada Concepcion;Santa Fe;danielalopez@correo.com;20;41080227
Ana;Díaz;Pueyrredón 9447;Inmaculada Concepcion;Tucumán;anadiaz@correo.com;73;29314290
Ana;Rodríguez;Av. San Martín 4447;Inmaculada Concepcion;Misiones;anarodriguez@correo.com;79;35519708
Sofía;Sánchez;Belgrano 7993;25 de Mayo;Tucumán;sofiasanchez@correo.com;69;24714353
Diego;Ramírez;Belgrano 7517;Rosario de la Cruz;Santa Fe;diegoramirez@correo.com;54;20352477
Ignacio;Molina;Av. de Mayo 202;25 de Mayo;Neuquén;ignaciomolina@correo.com;44;17913711
Santiago;Peralta;Rivadavia 4489;San Miguel;Chaco;santiagoperalta@correo.com;22;20360654
Sara;Ruiz;Sarmiento 1424;San Martin;Salta;sararuiz@correo.com;61;15314465
Valeria;Álvarez;Mitre 8472;San Miguel;Misiones;valeriaalvarez@correo.com;49;42858817
Nicolás;Vidal;Lavalle 1195;San Martin;Misiones;nicolasvidal@correo.com;44;47461616
Natalia;Flores;Alvear 4621;9 de Julio;Entre Ríos;nataliaflores@correo.com;27;24256055
Gonzalo;Molina;Pueyrredón 3072;San Miguel;Córdoba;gonzalomolina@correo.com;20;22668492
Elena;Sosa;Alvear 2141;Capitan Mendoza;Misiones;elenasosa@correo.com;34;20636266
Lucas;Gómez;Belgrano 9457;25 de Mayo;Chaco;lucasgomez@correo.com;62;41687319
Gabriel;Rodríguez;Belgrano 6380;9 de Julio;Tucumán;gabrielrodriguez@correo.com;52;36740532
Gabriel;Álvarez;Av. de Mayo 3997;Inmaculada Concepcion;Mendoza;gabrielalvarez@correo.com;68;31680684
Lucía;Castro;Rivadavia 6631;9 de Julio;Neuquén;luciacastro@correo.com;82;16184608
Paula;Pérez;Mitre 6704;San Miguel;Córdoba;paulaperez@correo.com;68;11694862
Abril;Molina;Av. San Martín 2894;Gral. Pico;Córdoba;abrilmolina@correo.com;60;33174555
Ezequiel;Ramírez;Av. de Mayo 7084;9 de Julio;Misiones;ezequielramirez@correo.com;52;23498200
Javier;Torres;Pueyrredón 3869;San Miguel;Mendoza;javiertorres@correo.com;43;22936228
Ana;González;Rivadavia 9246;Rosario de la Cruz;Entre Ríos;anagonzalez@correo.com;83;37798513
Ana;Gómez;Pueyrredón 6488;San Martin;Córdoba;anagomez@correo.com;29;40132887
Victoria;Medina;Rivadavia 1248;Capitan Mendoza;Tucumán;victoriamedina@correo.com;40;24679517
Lucas;Herrera;Av. San Martín 8992;San Miguel;Buenos Aires;lucasherrera@correo.com;50;29374595
Diego;Benítez;Urquiza 8544;Gral. Pico;Misiones;diegobenitez@correo.com;61;35173266
Luis;Silva;Urquiza 3965;9 de Julio;Chaco;luissilva@correo.com;68;39146927
Carlos;Álvarez;Lavalle 9250;La Palta;Buenos Aires;carlosalvarez@correo.com;44;30847264
Joaquín;Martínez;Urquiza 5207;Palermo;Entre Ríos;joaquinmartinez@correo.com;42;18806067
Gabriel;García;Sarmiento 7509;San Martin;Salta;gabrielgarcia@correo.com;71;34072273
Gonzalo;Sosa;Urquiza 7649;La Palta;Santa Fe;gonzalososa@correo.com;29;24141613
Gabriel;Silva;Urquiza 8479;9 de Julio;Chaco;gabrielsilva@correo.com;22;19396244
Ana;Rodríguez;Rivadavia 3742;Palermo;Buenos Aires;anarodriguez@correo.com;71;46772337
Luis;Díaz;Av. de Mayo 4911;San Miguel;Salta;luisdiaz@correo.com;33;20017096
Isabella;Pérez;Rivadavia 3024;Inmaculada Concepcion;Buenos Aires;isabellaperez@correo.com;81;41384234
Victoria;Herrera;Urquiza 8792;9 de Julio;Córdoba;victoriaherrera@correo.com;30;22808087
Tomas;García;Belgrano 2529;25 de Mayo;Neuquén;tomasgarcia@correo.com;38;36420460
Santiago;Álvarez;Av. San Martín 590;San Miguel;Santa Fe;santiagoalvarez@correo.com;80;36698752
Joaquín;Giménez;Rivadavia 9320;Palermo;Salta;joaquingimenez@correo.com;58;14511072
Lucas;Peralta;Sarmiento 8576;San Miguel;Neuquén;lucasperalta@correo.com;51;43856843
Carlos;García;Urquiza 8607;25 de Mayo;Santa Fe;carlosgarcia@correo.com;19;37496484
Lucas;López;Mitre 3496;Capitan Mendoza;Santa Fe;lucaslopez@correo.com;48;38064490
Sara;González;Lavalle 3698;Gral. Pico;Santa Fe;saragonzalez@correo.com;80;20183154
María;Acosta;Pueyrredón 3798;San Martin;Neuquén;mariaacosta@correo.com;31;31203891
Javier;Fernández;Mitre 1762;La Palta;Córdoba;javierfernandez@correo.com;50;39848420
Agustín;Silva;Av. San Martín 9920;Inmaculada Concepcion;Mendoza;agustinsilva@correo.com;34;41724592
Santiago;Flores;Pueyrredón 2409;9 de Julio;Salta;santiagoflores@correo.com;47;35893272
Mateo;Ruiz;Belgrano 5025;Rosario de la Cruz;Chaco;mateoruiz@correo.com;39;18192084
Tomas;Gómez;Lavalle 7803;San Martin;Mendoza;tomasgomez@correo.com;49;26781211
Sara;Álvarez;Alvear 9429;25 de Mayo;Buenos Aires;saraalvarez@correo.com;81;36505975
Gabriel;Benítez;Urquiza 4544;Capitan Mendoza;Buenos Aires;gabrielbenitez@correo.com;51;13458417
Agustín;Ramírez;Av. de Mayo 3488;San Miguel;Santa Fe;agustinramirez@correo.com;58;41069473
Ezequiel;Giménez;Urquiza 9938;San Martin;Misiones;ezequielgimenez@correo.com;60;35728687
Daniela;Ruiz;Av. de Mayo 0;Palermo;Córdoba;danielaruiz@correo.com;76;28368895
Isabella;Álvarez;Urquiza 1757;Inmaculada Concepcion;Salta;isabellaalvarez@correo.com;40;42267698
Lucía;Martínez;Rivadavia 5906;San Miguel;Misiones;luciamartinez@correo.com;22;14124085
Carlos;Giménez;Pueyrredón 3405;Gral. Pico;Santa Fe;carlosgimenez@correo.com;65;29993823
Isabella;Castro;Av. de Mayo 1048;25 de Mayo;Tucumán;isabellacastro@correo.com;47;22060443
Carlos;Aguirre;Urquiza 193;Rosario de la Cruz;Chaco;carlosaguirre@correo.com;84;30528607
Tomas;Romero;Sarmiento 2540;San Miguel;Neuquén;tomasromero@correo.com;36;45153961
Lucas;Gómez;Av. San Martín 3337;Gral. Pico;Salta;lucasgomez@correo.com;26;20027391
Ezequiel;Medina;Av. San Martín 5477;Palermo;Tucumán;ezequielmedina@correo.com;40;27699963
Elena;Rojas;Av. de Mayo 7424;La Palta;Córdoba;elenarojas@correo.com;53;32054262
Carlos;Benítez;Urquiza 6961;Rosario de la Cruz;Córdoba;carlosbenitez@correo.com;82;43703436
Lucía;Sosa;Rivadavia 3154;La Palta;Santa Fe;luciasosa@correo.com;29;13884226
Gonzalo;Molina;Av. de Mayo 1073;Capitan Mendoza;Entre Ríos;gonzalomolina@correo.com;66;40082258
Lucas;Álvarez;Mitre 1706;San Miguel;Buenos Aires;lucasalvarez@correo.com;83;27542495
Daniela;García;Belgrano 2182;Inmaculada Concepcion;Salta;danielagarcia@correo.com;68;15610561
Mateo;Herrera;Belgrano 7605;25 de Mayo;Entre Ríos;mateoherrera@correo.com;59;42845243
Isabella;González;Pueyrredón 4294;Rosario de la Cruz;Córdoba;isabellagonzalez@correo.com;60;31699755
Camila;López;Pueyrredón 2720;San Miguel;Buenos Aires;camilalopez@correo.com;27;19290835
Daniela;Díaz;Alvear 1820;25 de Mayo;Entre Ríos;danieladiaz@correo.com;40;24546552
Sofía;Herrera;Av. de Mayo 9232;La Palta;Buenos Aires;sofiaherrera@correo.com;62;14071848
Camila;Romero;Sarmiento 4101;Inmaculada Concepcion;Salta;camilaromero@correo.com;51;45819383
Lucas;López;Av. de Mayo 8861;Palermo;Chaco;lucaslopez@correo.com;79;14158821
Sara;Fernández;Lavalle 4821;San Martin;Santa Fe;sarafernandez@correo.com;75;31203074
Diego;Rojas;Rivadavia 9386;Inmaculada Concepcion;Misiones;diegorojas@correo.com;59;16812061
Camila;Álvarez;Mitre 3329;Palermo;Mendoza;camilaalvarez@correo.com;76;43713586
Tomas;Molina;Sarmiento 2331;Gral. Pico;Neuquén;tomasmolina@correo.com;56;47934287
María;Silva;Sarmiento 977;Inmaculada Concepcion;Salta;mariasilva@correo.com;46;13337764
Sara;Ramírez;Belgrano 898;Palermo;Salta;sararamirez@correo.com;62;18696309
Carlos;Castro;Belgrano 9208;Gral. Pico;Mendoza;carloscastro@correo.com;31;36430724
Santiago;Sosa;Rivadavia 9206;Gral. Pico;Córdoba;santiagososa@correo.com;36;43196536
Paula;Sánchez;Sarmiento 8016;Capitan Mendoza;Salta;paulasanchez@correo.com;43;21684086
Valeria;Torres;Pueyrredón 4254;La Palta;Tucumán;valeriatorres@correo.com;46;17097228
Martina;Molina;Mitre 1443;9 de Julio;Chaco;martinamolina@correo.com;22;34170230
Joaquín;Ruiz;Pueyrredón 6461;25 de Mayo;Buenos Aires;joaquinruiz@correo.com;21;12994868
Valeria;Pérez;Lavalle 8229;25 de Mayo;Neuquén;valeriaperez@correo.com;40;22223577
Sara;Ruiz;Lavalle 5177;Capitan Mendoza;Chaco;sararuiz@correo.com;22;33223284
Valeria;Rojas;Sarmiento 9010;Palermo;Chaco;valeriarojas@correo.com;69;12022196
Isabella;Herrera;Alvear 3129;San Martin;Neuquén;isabellaherrera@correo.com;33;44752718
Lucas;Rojas;Av. de Mayo 2689;San Martin;Chaco;lucasrojas@correo.com;22;47726638
Carlos;Martínez;Urquiza 2166;9 de Julio;Santa Fe;carlosmartinez@correo.com;53;21042531
Ana;González;Lavalle 7509;San Miguel;Misiones;anagonzalez@correo.com;44;42084121
Luis;Torres;Rivadavia 5157;Palermo;Misiones;luistorres@correo.com;27;46450828
Lucía;Aguirre;Sarmiento 9078;Palermo;Entre Ríos;luciaaguirre@correo.com;41;11042868
Natalia;López;Av. de Mayo 9134;Rosario de la Cruz;Córdoba;natalialopez@correo.com;60;28640197
Diego;Guzmán;Rivadavia 5325;Gral. Pico;Salta;diegoguzman@correo.com;26;35487768
Ana;Guzmán;Av. de Mayo 2863;La Palta;Buenos Aires;anaguzman@correo.com;61;16749258
Valeria;Pérez;Alvear 977;La Palta;Buenos Aires;valeriaperez@correo.com;27;27286034
Tomas;Herrera;Belgrano 5608;La Palta;Tucumán;tomasherrera@correo.com;49;22403991
Valeria;Romero;Belgrano 5684;La Palta;Córdoba;valeriaromero@correo.com;39;35918845
Gonzalo;Vidal;Urquiza 2609;San Martin;Misiones;gonzalovidal@correo.com;68;29729401
Ignacio;Torres;Av. de Mayo 3235;San Miguel;Córdoba;ignaciotorres@correo.com;64;18939406
Mateo;Martínez;Rivadavia 3800;San Martin;Entre Ríos;mateomartinez@correo.com;29;31392092
Camila;Álvarez;Alvear 1223;San Martin;Córdoba;camilaalvarez@correo.com;62;27686947
Abril;Fernández;Mitre 6214;9 de Julio;Buenos Aires;abrilfernandez@correo.com;80;33421737
Ana;Sosa;Urquiza 5835;San Martin;Chaco;anasosa@correo.com;68;32070591
Sara;Benítez;Av. San Martín 1819;La Palta;Chaco;sarabenitez@correo.com;76;47020377
Paula;Herrera;Pueyrredón 2369;La Palta;Misiones;paulaherrera@correo.com;21;44920530
Abril;Fernández;Urquiza 6754;25 de Mayo;Buenos Aires;abrilfernandez@correo.com;48;25399424
Lucía;Sánchez;Alvear 1790;9 de Julio;Misiones;luciasanchez@correo.com;82;43749745
Diego;Medina;Pueyrredón 7689;Capitan Mendoza;Córdoba;diegomedina@correo.com;46;14472607
Daniela;Romero;Lavalle 1268;Capitan Mendoza;Entre Ríos;danielaromero@correo.com;39;45733788
Martina;Guzmán;Rivadavia 3894;San Miguel;Buenos Aires;martinaguzman@correo.com;52;44392438
Ana;Benítez;Lavalle 888;Rosario de la Cruz;Tucumán;anabenitez@correo.com;42;31031850
Elena;Silva;Alvear 8890;25 de Mayo;Neuquén;elenasilva@correo.com;78;39421897
Lucía;Sánchez;Urquiza 6175;Palermo;Neuquén;luciasanchez@correo.com;21;40682067
Joaquín;Guzmán;Av. San Martín 4036;La Palta;Salta;joaquinguzman@correo.com;81;32232426
Camila;Peralta;Pueyrredón 9411;La Palta;Córdoba;camilaperalta@correo.com;42;13080127
Tomas;Rodríguez;Av. San Martín 1171;Inmaculada Concepcion;Buenos Aires;tomasrodriguez@correo.com;53;38960516
Diego;Rodríguez;Av. San Martín 6223;Gral. Pico;Buenos Aires;diegorodriguez@correo.com;22;17976137
Agustín;Castro;Urquiza 5869;Rosario de la Cruz;Tucumán;agustincastro@correo.com;37;23671044
Sofía;Aguirre;Rivadavia 4967;Palermo;Neuquén;sofiaaguirre@correo.com;83;14624184
Santiago;Pérez;Rivadavia 1417;La Palta;Salta;santiagoperez@correo.com;54;24474435
Gonzalo;Rojas;Urquiza 3118;9 de Julio;Salta;gonzalorojas@correo.com;38;42205031
Camila;Díaz;Av. de Mayo 7900;25 de Mayo;Chaco;camiladiaz@correo.com;74;17291958
Luis;Fernández;Urquiza 1448;La Palta;Chaco;luisfernandez@correo.com;54;14826328
Lucía;Silva;Alvear 9261;Palermo;Córdoba;luciasilva@correo.com;44;16233564
Gabriel;Benítez;Urquiza 9538;Gral. Pico;Entre Ríos;gabrielbenitez@correo.com;19;18977398
Tomas;Vidal;Pueyrredón 3964;La Palta;Buenos Aires;tomasvidal@correo.com;71;32592715
Sara;Molina;Av. de Mayo 9405;Palermo;Misiones;saramolina@correo.com;58;26649687
Sofía;Ramírez;Alvear 4692;Gral. Pico;Neuquén;sofiaramirez@correo.com;31;28556435
Isabella;Sánchez;Urquiza 6969;Inmaculada Concepcion;Chaco;isabellasanchez@correo.com;82;18428326
Sara;Fernández;Av. de Mayo 2383;9 de Julio;Entre Ríos;sarafernandez@correo.com;74;20173223
Luis;Benítez;Urquiza 262;Gral. Pico;Entre Ríos;luisbenitez@correo.com;79;12315463
Lucía;Ramírez;Urquiza 3600;San Martin;Mendoza;luciaramirez@correo.com;39;38675876
Nicolás;Sosa;Rivadavia 4561;Palermo;Tucumán;nicolassosa@correo.com;26;32310263
Martina;Martínez;Av. San Martín 6168;La Palta;Buenos Aires;martinamartinez@correo.com;74;42723242
Camila;Aguirre;Mitre 3404;San Martin;Tucumán;camilaaguirre@correo.com;80;23191693
Nicolás;Torres;Rivadavia 5791;San Martin;Neuquén;nicolastorres@correo.com;31;24397450
Ana;Peralta;Alvear 9692;Palermo;Buenos Aires;anaperalta@correo.com;40;34669265
Carlos;López;Belgrano 3957;25 de Mayo;Tucumán;carloslopez@correo.com;33;42662693
Elena;Vidal;Belgrano 3271;9 de Julio;Entre Ríos;elenavidal@correo.com;71;34944833
Martina;Guzmán;Av. San Martín 4448;9 de Julio;Santa Fe;martinaguzman@correo.com;83;44852132
Ignacio;Díaz;Av. San Martín 9007;25 de Mayo;Santa Fe;ignaciodiaz@correo.com;83;18854501
Lucía;Rojas;Sarmiento 5195;Rosario de la Cruz;Buenos Aires;luciarojas@correo.com;75;17898934
Natalia;Pérez;Rivadavia 5874;Capitan Mendoza;Entre Ríos;nataliaperez@correo.com;20;30084883
Lucas;Herrera;Av. de Mayo 941;9 de Julio;Neuquén;lucasherrera@correo.com;50;41533162
Joaquín;García;Belgrano 7023;Palermo;Tucumán;joaquingarcia@correo.com;26;33979767
Sara;Martínez;Av. de Mayo 2107;Inmaculada Concepcion;Tucumán;saramartinez@correo.com;37;41449869
Sara;Fernández;Av. de Mayo 8018;25 de Mayo;Neuquén;sarafernandez@correo.com;45;29305481
Sofía;Díaz;Av. San Martín 5626;Palermo;Mendoza;sofiadiaz@correo.com;18;46715897
Tomas;Fernández;Av. de Mayo 9979;San Martin;Córdoba;tomasfernandez@correo.com;60;44186987
Javier;Molina;Sarmiento 5604;25 de Mayo;Santa Fe;javiermolina@correo.com;73;39736790
Natalia;Acosta;Mitre 8415;La Palta;Santa Fe;nataliaacosta@correo.com;69;22876825
Mateo;Gómez;Urquiza 2017;Capitan Mendoza;Neuquén;mateogomez@correo.com;36;12473696
María;Martínez;Alvear 3984;San Miguel;Santa Fe;mariamartinez@correo.com;28;47135566
Isabella;Martínez;Alvear 4187;25 de Mayo;Córdoba;isabellamartinez@correo.com;81;37263599
Gabriel;Flores;Rivadavia 91;Gral. Pico;Córdoba;gabrielflores@correo.com;46;18676718
Ana;Sosa;Urquiza 1346;La Palta;Tucumán;anasosa@correo.com;18;39445176
Ezequiel;Acosta;Lavalle 1377;Inmaculada Concepcion;Entre Ríos;ezequielacosta@correo.com;70;23775644
Abril;Sosa;Av. de Mayo 5948;Rosario de la Cruz;Tucumán;abrilsosa@correo.com;33;19764835
Javier;Medina;Av. de Mayo 514;25 de Mayo;Entre Ríos;javiermedina@correo.com;80;47672393
Nicolás;Aguirre;Mitre 8802;San Martin;Tucumán;nicolasaguirre@correo.com;84;14910792
Nicolás;Pérez;Av. de Mayo 9583;San Miguel;Buenos Aires;nicolasperez@correo.com;64;18400089
Nicolás;Giménez;Lavalle 4387;Inmaculada Concepcion;Mendoza;nicolasgimenez@correo.com;77;20197004
Natalia;Díaz;Rivadavia 9679;Capitan Mendoza;Buenos Aires;nataliadiaz@correo.com;58;37807494
Diego;García;Urquiza 4357;San Miguel;Misiones;diegogarcia@correo.com;65;33700417
Tomas;García;Sarmiento 6871;Capitan Mendoza;Buenos Aires;tomasgarcia@correo.com;41;28097876
Ignacio;Vidal;Urquiza 1235;La Palta;Mendoza;ignaciovidal@correo.com;50;16700834
Victoria;García;Lavalle 1851;San Miguel;Salta;victoriagarcia@correo.com;57;33010000
Sara;Rojas;Alvear 6135;San Martin;Neuquén;sararojas@correo.com;42;34989180
Valeria;Aguirre;Pueyrredón 7862;Rosario de la Cruz;Mendoza;valeriaaguirre@correo.com;66;16925103
Mateo;Rodríguez;Lavalle 8445;Capitan Mendoza;Córdoba;mateorodriguez@correo.com;72;33396456
Gabriel;Peralta;Lavalle 4281;Capitan Mendoza;Buenos Aires;gabrielperalta@correo.com;58;26937670
Victoria;Martínez;Av. San Martín 5731;9 de Julio;Tucumán;victoriamartinez@correo.com;62;39513508
Ignacio;Herrera;Belgrano 1619;Inmaculada Concepcion;Chaco;ignacioherrera@correo.com;46;11459176
Sofía;Benítez;Belgrano 8422;25 de Mayo;Santa Fe;sofiabenitez@correo.com;74;38960799
Paula;Acosta;Av. de Mayo 4397;San Miguel;Salta;paulaacosta@correo.com;66;11304833
Daniela;Guzmán;Alvear 8106;San Miguel;Misiones;danielaguzman@correo.com;34;27271380
Lucía;García;Pueyrredón 3397;25 de Mayo;Chaco;luciagarcia@correo.com;82;46282832
Victoria;Ruiz;Urquiza 9685;Rosario de la Cruz;Misiones;victoriaruiz@correo.com;37;29370050
Agustín;Acosta;Mitre 6448;Inmaculada Concepcion;Salta;agustinacosta@correo.com;53;12822106
Victoria;Benítez;Belgrano 6730;25 de Mayo;Salta;victoriabenitez@correo.com;78;45548356
Daniela;Herrera;Belgrano 3261;Inmaculada Concepcion;Mendoza;danielaherrera@correo.com;33;11011105
Sara;Martínez;Pueyrredón 9706;La Palta;Córdoba;saramartinez@correo.com;37;27712236
María;Castro;Av. San Martín 2611;La Palta;Neuquén;mariacastro@correo.com;45;24136075
Elena;Flores;Rivadavia 6300;9 de Julio;Mendoza;elenaflores@correo.com;80;14154799
Diego;Rojas;Belgrano 8266;Rosario de la Cruz;Salta;diegorojas@correo.com;77;13894203
Valeria;Molina;Sarmiento 3502;San Miguel;Chaco;valeriamolina@correo.com;23;16264405
Ezequiel;Acosta;Lavalle 9673;9 de Julio;Neuquén;ezequielacosta@correo.com;27;35229434
Paula;López;Av. San Martín 8892;Rosario de la Cruz;Misiones;paulalopez@correo.com;55;22091280
Ignacio;González;Belgrano 7208;Gral. Pico;Santa Fe;ignaciogonzalez@correo.com;50;14804641
Martina;Rojas;Lavalle 173;Inmaculada Concepcion;Neuquén;martinarojas@correo.com;79;17951016
Ezequiel;Álvarez;Mitre 2437;Gral. Pico;Buenos Aires;ezequielalvarez@correo.com;73;44713866
Joaquín;Acosta;Pueyrredón 8090;San Miguel;Chaco;joaquinacosta@correo.com;75;35329371
Daniela;Ramírez;Lavalle 293;Capitan Mendoza;Neuquén;danielaramirez@correo.com;73;22217078
Martina;González;Alvear 6038;Rosario de la Cruz;Santa Fe;martinagonzalez@correo.com;43;19835397
Joaquín;Vidal;Mitre 7481;San Miguel;Misiones;joaquinvidal@correo.com;82;46034805
Paula;Romero;Mitre 5142;9 de Julio;Buenos Aires;paularomero@correo.com;41;24204986
Lucía;Castro;Rivadavia 5181;Gral. Pico;Misiones;luciacastro@correo.com;20;32255061
Mateo;Herrera;Av. de Mayo 7374;Palermo;Misiones;mateoherrera@correo.com;22;24027490
Ezequiel;Guzmán;Pueyrredón 3632;Gral. Pico;Entre Ríos;ezequielguzman@correo.com;20;24303376
Lucía;Martínez;Belgrano 1645;Palermo;Mendoza;luciamartinez@correo.com;52;38408602
Carlos;Molina;Pueyrredón 7346;25 de Mayo;Córdoba;carlosmolina@correo.com;27;31938626
Paula;Acosta;Alvear 5759;Rosario de la Cruz;Neuquén;paulaacosta@correo.com;59;35096846
Ana;Vidal;Alvear 4046;9 de Julio;Tucumán;anavidal@correo.com;79;32564030
Gabriel;Guzmán;Pueyrredón 8605;Rosario de la Cruz;Buenos Aires;gabrielguzman@correo.com;18;32152655
Sara;Peralta;Av. San Martín 3293;La Palta;Córdoba;saraperalta@correo.com;20;39772687
Abril;Giménez;Urquiza 9006;La Palta;Salta;abrilgimenez@correo.com;32;22215620
Elena;Gómez;Lavalle 4750;Capitan Mendoza;Tucumán;elenagomez@correo.com;54;14530414
Tomas;Acosta;Av. de Mayo 7268;San Martin;Mendoza;tomasacosta@correo.com;63;21222396
Gabriel;González;Mitre 3426;Inmaculada Concepcion;Córdoba;gabrielgonzalez@correo.com;51;15297020
Ezequiel;González;Rivadavia 7170;Capitan Mendoza;Neuquén;ezequielgonzalez@correo.com;70;38017725
Abril;Ramírez;Mitre 7589;Capitan Mendoza;Entre Ríos;abrilramirez@correo.com;39;18367196
Gabriel;Martínez;Pueyrredón 9345;Capitan Mendoza;Córdoba;gabrielmartinez@correo.com;57;31089710
Isabella;Acosta;Belgrano 7447;Gral. Pico;Tucumán;isabellaacosta@correo.com;58;30165311
Martina;Giménez;Belgrano 9416;25 de Mayo;Tucumán;martinagimenez@correo.com;61;16209221
Javier;Herrera;Av. de Mayo 9969;Rosario de la Cruz;Entre Ríos;javierherrera@correo.com;56;13238527
Natalia;Rojas;Pueyrredón 9062;Palermo;Córdoba;nataliarojas@correo.com;22;35938141
Mateo;González;Sarmiento 5086;9 de Julio;Buenos Aires;mateogonzalez@correo.com;62;23760262
Ignacio;Peralta;Belgrano 2694;9 de Julio;Santa Fe;ignacioperalta@correo.com;41;46949625
Tomas;Molina;Av. San Martín 5701;Inmaculada Concepcion;Misiones;tomasmolina@correo.com;47;18586940
Joaquín;Rojas;Av. San Martín 9043;Gral. Pico;Chaco;joaquinrojas@correo.com;36;36564841
Daniela;Torres;Sarmiento 8483;Gral. Pico;Misiones;danielatorres@correo.com;69;27114547
Ana;Giménez;Urquiza 2056;Gral. Pico;Santa Fe;anagimenez@correo.com;75;46289028
Abril;Herrera;Lavalle 7596;Palermo;Salta;abrilherrera@correo.com;60;21195165
Martina;Giménez;Pueyrredón 3689;San Miguel;Neuquén;martinagimenez@correo.com;35;33400234
Abril;Ruiz;Lavalle 9128;Inmaculada Concepcion;Tucumán;abrilruiz@correo.com;70;23758554
Mateo;Giménez;Av. de Mayo 9453;Palermo;Córdoba;mateogimenez@correo.com;64;37033676
María;Guzmán;Pueyrredón 2772;La Palta;Misiones;mariaguzman@correo.com;82;35584625
Elena;González;Rivadavia 8073;Inmaculada Concepcion;Chaco;elenagonzalez@correo.com;73;12345343
Gabriel;Acosta;Rivadavia 3153;Inmaculada Concepcion;Entre Ríos;gabrielacosta@correo.com;69;26689489
Martina;Herrera;Rivadavia 8733;Palermo;Misiones;martinaherrera@correo.com;66;19673550
Diego;Gómez;Sarmiento 2844;9 de Julio;Tucumán;diegogomez@correo.com;83;14834875
Carlos;Benítez;Belgrano 2035;Rosario de la Cruz;Mendoza;carlosbenitez@correo.com;72;39999358
Agustín;Molina;Urquiza 9046;Rosario de la Cruz;Neuquén;agustinmolina@correo.com;64;30626527
Gabriel;Molina;Rivadavia 4784;Gral. Pico;Salta;gabrielmolina@correo.com;59;11731946
Elena;Díaz;Av. de Mayo 6803;Capitan Mendoza;Entre Ríos;elenadiaz@correo.com;29;27343925
Valeria;Ramírez;Mitre 7011;25 de Mayo;Tucumán;valeriaramirez@correo.com;82;47841942
Mateo;Vidal;Rivadavia 5872;La Palta;Córdoba;mateovidal@correo.com;27;44521778
Nicolás;Giménez;Urquiza 5890;Inmaculada Concepcion;Entre Ríos;nicolasgimenez@correo.com;56;37416246
Lucía;García;Pueyrredón 1939;San Martin;Buenos Aires;luciagarcia@correo.com;40;31251601
Isabella;Molina;Av. de Mayo 4998;Palermo;Santa Fe;isabellamolina@correo.com;46;12907528
Nicolás;Guzmán;Lavalle 3627;La Palta;Salta;nicolasguzman@correo.com;77;20765101
Elena;Fernández;Av. San Martín 3687;Capitan Mendoza;Salta;elenafernandez@correo.com;19;30989496
Sara;Martínez;Pueyrredón 4088;San Martin;Tucumán;saramartinez@correo.com;77;22585903
Tomas;Fernández;Rivadavia 1291;San Martin;Entre Ríos;tomasfernandez@correo.com;19;25349508
Ana;Vidal;Alvear 8904;Gral. Pico;Entre Ríos;anavidal@correo.com;28;24861202
Santiago;González;Av. de Mayo 8974;25 de Mayo;Salta;santiagogonzalez@correo.com;29;47276988
Natalia;Díaz;Rivadavia 7443;La Palta;Mendoza;nataliadiaz@correo.com;26;36099238
Isabella;López;Mitre 2826;25 de Mayo;Santa Fe;isabellalopez@correo.com;27;44813766
Lucas;González;Av. de Mayo 3393;25 de Mayo;Salta;lucasgonzalez@correo.com;49;34036759
Elena;Rojas;Sarmiento 2672;San Martin;Buenos Aires;elenarojas@correo.com;32;15372337
Diego;Vidal;Mitre 811;La Palta;Tucumán;diegovidal@correo.com;24;30670367
Isabella;Peralta;Belgrano 6098;Rosario de la Cruz;Entre Ríos;isabellaperalta@correo.com;63;45877779
Lucía;Giménez;Pueyrredón 8858;San Martin;Neuquén;luciagimenez@correo.com;45;22219338
Ignacio;García;Alvear 1266;Gral. Pico;Córdoba;ignaciogarcia@correo.com;20;31517326
Ana;Pérez;Sarmiento 4419;Inmaculada Concepcion;Buenos Aires;anaperez@correo.com;39;37014506
Isabella;Ruiz;Belgrano 3738;Gral. Pico;Neuquén;isabellaruiz@correo.com;81;45039228
Victoria;Giménez;Alvear 1693;9 de Julio;Entre Ríos;victoriagimenez@correo.com;83;27908204
Valeria;Torres;Lavalle 8246;Gral. Pico;Entre Ríos;valeriatorres@correo.com;51;26001774
Javier;Benítez;Sarmiento 1834;San Martin;Tucumán;javierbenitez@correo.com;79;26994178
Sara;Aguirre;Av. de Mayo 7660;Inmaculada Concepcion;Chaco;saraaguirre@correo.com;21;12516556
Paula;González;Belgrano 9827;Inmaculada Concepcion;Tucumán;paulagonzalez@correo.com;40;17129544
Natalia;Romero;Mitre 9413;La Palta;Tucumán;nataliaromero@correo.com;39;45442101
Lucía;Torres;Mitre 3576;Capitan Mendoza;Santa Fe;luciatorres@correo.com;57;45118349
Agustín;Flores;Av. San Martín 4933;25 de Mayo;Mendoza;agustinflores@correo.com;32;17648196
Abril;Peralta;Av. de Mayo 9431;La Palta;Misiones;abrilperalta@correo.com;29;39417171
Sara;García;Av. San Martín 1244;Palermo;Neuquén;saragarcia@correo.com;21;47768278
Carlos;Vidal;Mitre 557;San Miguel;Neuquén;carlosvidal@correo.com;59;46788558
Santiago;Sosa;Urquiza 935;Palermo;Chaco;santiagososa@correo.com;62;28796815
Diego;López;Alvear 68;Inmaculada Concepcion;Córdoba;diegolopez@correo.com;35;25984195
Carlos;Guzmán;Sarmiento 1872;Inmaculada Concepcion;Neuquén;carlosguzman@correo.com;44;45744005
Gonzalo;Aguirre;Av. de Mayo 1183;25 de Mayo;Tucumán;gonzaloaguirre@correo.com;68;18496212
Joaquín;Martínez;Urquiza 7707;Rosario de la Cruz;Córdoba;joaquinmartinez@correo.com;50;44683454
Mateo;González;Alvear 7840;Rosario de la Cruz;Córdoba;mateogonzalez@correo.com;22;33513648
Ezequiel;Acosta;Pueyrredón 9861;San Miguel;Santa Fe;ezequielacosta@correo.com;67;46946907
Elena;Giménez;Mitre 2662;San Miguel;Chaco;elenagimenez@correo.com;77;20027100
Camila;Ruiz;Sarmiento 3800;Capitan Mendoza;Neuquén;camilaruiz@correo.com;80;19437455
Lucía;Giménez;Urquiza 9273;La Palta;Entre Ríos;luciagimenez@correo.com;50;15201015
Joaquín;Silva;Rivadavia 2919;Palermo;Córdoba;joaquinsilva@correo.com;83;36630451
Ezequiel;Flores;Alvear 6775;Palermo;Tucumán;ezequielflores@correo.com;26;15428922
María;Gómez;Mitre 1873;Capitan Mendoza;Santa Fe;mariagomez@correo.com;50;47363019
Paula;Vidal;Av. San Martín 7020;Gral. Pico;Chaco;paulavidal@correo.com;47;46034850
Javier;López;Av. de Mayo 3892;25 de Mayo;Salta;javierlopez@correo.com;64;29706212
Victoria;Ruiz;Av. San Martín 6213;25 de Mayo;Chaco;victoriaruiz@correo.com;32;30267640
Gonzalo;Flores;Rivadavia 4938;Rosario de la Cruz;Misiones;gonzaloflores@correo.com;78;11207951
Carlos;Castro;Rivadavia 483;25 de Mayo;Mendoza;carloscastro@correo.com;59;12623502
Agustín;Guzmán;Mitre 5164;Inmaculada Concepcion;Mendoza;agustinguzman@correo.com;78;13077909
Diego;Díaz;Lavalle 7272;9 de Julio;Entre Ríos;diegodiaz@correo.com;33;22048227
Ignacio;Flores;Urquiza 8842;Palermo;Tucumán;ignacioflores@correo.com;56;39663680
Gonzalo;Torres;Av. de Mayo 6749;25 de Mayo;Neuquén;gonzalotorres@correo.com;67;31504343
Tomas;Molina;Alvear 9890;Capitan Mendoza;Chaco;tomasmolina@correo.com;79;13615792
Joaquín;Pérez;Alvear 2946;Inmaculada Concepcion;Misiones;joaquinperez@correo.com;45;33993236
Lucas;Fernández;Alvear 7415;25 de Mayo;Neuquén;lucasfernandez@correo.com;57;19570422
Daniela;Guzmán;Urquiza 3338;Capitan Mendoza;Salta;danielaguzman@correo.com;53;45096113
Valeria;González;Sarmiento 5599;La Palta;Misiones;valeriagonzalez@correo.com;74;21461043
Gabriel;Díaz;Av. San Martín 474;San Miguel;Neuquén;gabrieldiaz@correo.com;49;26273500
Martina;Díaz;Mitre 6731;Gral. Pico;Mendoza;martinadiaz@correo.com;79;37005566
Valeria;Fernández;Alvear 7810;San Martin;Córdoba;valeriafernandez@correo.com;41;13655567
Sofía;Vidal;Rivadavia 4223;25 de Mayo;Tucumán;sofiavidal@correo.com;27;24410019
Ignacio;Torres;Rivadavia 7631;Gral. Pico;Entre Ríos;ignaciotorres@correo.com;26;37926051
Agustín;Castro;Alvear 9930;San Miguel;Entre Ríos;agustincastro@correo.com;82;26072441
Sara;Sánchez;Sarmiento 7138;Palermo;Misiones;sarasanchez@correo.com;62;15977567
Gonzalo;Acosta;Urquiza 9020;Gral. Pico;Santa Fe;gonzaloacosta@correo.com;25;20114475
Agustín;Vidal;Av. de Mayo 5051;Rosario de la Cruz;Chaco;agustinvidal@correo.com;63;31817530
Lucía;Aguirre;Belgrano 1448;San Miguel;Santa Fe;luciaaguirre@correo.com;61;38135767
Gabriel;Martínez;Alvear 8012;Capitan Mendoza;Buenos Aires;gabrielmartinez@correo.com;56;27918955
Victoria;Gómez;Alvear 2349;Capitan Mendoza;Santa Fe;victoriagomez@correo.com;26;38995714
Luis;Rojas;Rivadavia 5475;Rosario de la Cruz;Misiones;luisrojas@correo.com;52;32462802
Abril;López;Av. de Mayo 9206;Rosario de la Cruz;Neuquén;abrillopez@correo.com;50;30558117
Carlos;Rojas;Alvear 5270;Inmaculada Concepcion;Santa Fe;carlosrojas@correo.com;23;43449965
Martina;Guzmán;Av. San Martín 7194;Inmaculada Concepcion;Salta;martinaguzman@correo.com;32;15048996
Javier;Aguirre;Mitre 3062;9 de Julio;Neuquén;javieraguirre@correo.com;68;45794938
Lucía;Díaz;Pueyrredón 9678;Rosario de la Cruz;Tucumán;luciadiaz@correo.com;58;24585247
Tomas;López;Av. San Martín 9692;Capitan Mendoza;Buenos Aires;tomaslopez@correo.com;78;35579663
Mateo;Sánchez;Mitre 5872;San Miguel;Salta;mateosanchez@correo.com;32;32544763
Gonzalo;Aguirre;Lavalle 6378;25 de Mayo;Salta;gonzaloaguirre@correo.com;32;41129342
Daniela;López;Av. de Mayo 7913;Inmaculada Concepcion;Santa Fe;danielalopez@correo.com;34;31536176
Mateo;Acosta;Rivadavia 6300;La Palta;Neuquén;mateoacosta@correo.com;43;20468537
Sofía;Fernández;Av. de Mayo 7660;Gral. Pico;Neuquén;sofiafernandez@correo.com;59;27376941
Paula;Peralta;Lavalle 1084;Rosario de la Cruz;Chaco;paulaperalta@correo.com;21;19482084
Natalia;Martínez;Mitre 9761;San Martin;Buenos Aires;nataliamartinez@correo.com;30;22437212
Gabriel;Pérez;Rivadavia 2745;Inmaculada Concepcion;Neuquén;gabrielperez@correo.com;56;41963879
Javier;Martínez;Sarmiento 8589;25 de Mayo;Buenos Aires;javiermartinez@correo.com;83;19695530
Isabella;Vidal;Alvear 8451;9 de Julio;Santa Fe;isabellavidal@correo.com;47;22298471
Ana;Molina;Lavalle 9953;La Palta;Mendoza;anamolina@correo.com;44;25182076
Ignacio;García;Av. de Mayo 8174;9 de Julio;Chaco;ignaciogarcia@correo.com;59;47762213
Joaquín;García;Av. San Martín 9085;Rosario de la Cruz;Mendoza;joaquingarcia@correo.com;28;17960274
Camila;Medina;Urquiza 1395;Palermo;Misiones;camilamedina@correo.com;54;34838706
Isabella;Castro;Sarmiento 7288;9 de Julio;Santa Fe;isabellacastro@correo.com;64;27425913
Valeria;Giménez;Mitre 3529;9 de Julio;Tucumán;valeriagimenez@correo.com;76;12009464
Lucas;Fernández;Alvear 317;San Miguel;Mendoza;lucasfernandez@correo.com;63;14202119
Sofía;Benítez;Lavalle 96;San Martin;Santa Fe;sofiabenitez@correo.com;77;18172741
Tomas;Gómez;Mitre 3629;9 de Julio;Salta;tomasgomez@correo.com;31;15390512
Carlos;Silva;Belgrano 9231;Inmaculada Concepcion;Chaco;carlossilva@correo.com;81;43109119
Abril;Pérez;Mitre 4943;Inmaculada Concepcion;Neuquén;abrilperez@correo.com;70;25729643
Martina;García;Lavalle 7883;Capitan Mendoza;Santa Fe;martinagarcia@correo.com;70;36090996
Santiago;Sosa;Sarmiento 3029;Rosario de la Cruz;Buenos Aires;santiagososa@correo.com;73;44802574
Javier;Castro;Urquiza 1074;9 de Julio;Tucumán;javiercastro@correo.com;71;23474748
Paula;Benítez;Belgrano 7503;La Palta;Santa Fe;paulabenitez@correo.com;62;39286946
Mateo;López;Lavalle 141;La Palta;Salta;mateolopez@correo.com;68;16758024
Javier;Ruiz;Rivadavia 5553;San Martin;Misiones;javierruiz@correo.com;47;27258125
Mateo;Acosta;Urquiza 9064;Capitan Mendoza;Buenos Aires;mateoacosta@correo.com;78;40071436
María;Álvarez;Rivadavia 3501;Gral. Pico;Neuquén;mariaalvarez@correo.com;25;38888031
Luis;Pérez;Rivadavia 7613;San Miguel;Neuquén;luisperez@correo.com;37;14905374
Ana;Silva;Pueyrredón 1737;La Palta;Neuquén;anasilva@correo.com;37;30962630
Gabriel;Fernández;Alvear 371;Palermo;Neuquén;gabrielfernandez@correo.com;33;34239755
Lucas;Acosta;Sarmiento 7249;La Palta;Tucumán;lucasacosta@correo.com;22;28859187
Ignacio;Fernández;Lavalle 9557;Palermo;Entre Ríos;ignaciofernandez@correo.com;79;44341983
Paula;Giménez;Av. de Mayo 4519;9 de Julio;Misiones;paulagimenez@correo.com;18;18322258
Paula;Peralta;Pueyrredón 9181;Capitan Mendoza;Mendoza;paulaperalta@correo.com;46;43747881
Diego;Herrera;Mitre 321;Capitan Mendoza;Córdoba;diegoherrera@correo.com;47;42841190
Mateo;Giménez;Belgrano 5011;San Martin;Mendoza;mateogimenez@correo.com;41;47203004
Santiago;Gómez;Urquiza 7238;9 de Julio;Buenos Aires;santiagogomez@correo.com;24;47315611
Agustín;Sánchez;Mitre 2044;Gral. Pico;Chaco;agustinsanchez@correo.com;20;40560624
Diego;Vidal;Urquiza 9109;La Palta;Neuquén;diegovidal@correo.com;50;24295867
Santiago;Álvarez;Urquiza 9094;Gral. Pico;Salta;santiagoalvarez@correo.com;20;35071794
Daniela;Molina;Alvear 7244;Inmaculada Concepcion;Santa Fe;danielamolina@correo.com;28;22988351
Sara;Acosta;Belgrano 3930;9 de Julio;Mendoza;saraacosta@correo.com;66;45592624
Lucía;Castro;Av. San Martín 8249;San Miguel;Buenos Aires;luciacastro@correo.com;76;30628303
Luis;Sosa;Mitre 9012;La Palta;Salta;luissosa@correo.com;20;16375305
Nicolás;Flores;Av. de Mayo 4949;Gral. Pico;Misiones;nicolasflores@correo.com;75;21386171
Camila;Sánchez;Sarmiento 4742;Palermo;Entre Ríos;camilasanchez@correo.com;20;24643578
Gonzalo;Benítez;Sarmiento 2097;25 de Mayo;Chaco;gonzalobenitez@correo.com;24;14906197
Sofía;Ramírez;Av. de Mayo 7725;9 de Julio;Entre Ríos;sofiaramirez@correo.com;45;32039749
Tomas;García;Av. de Mayo 8596;San Martin;Tucumán;tomasgarcia@correo.com;39;20170770
Camila;Díaz;Mitre 2518;25 de Mayo;Córdoba;camiladiaz@correo.com;22;38056041
Victoria;Castro;Belgrano 7848;La Palta;Salta;victoriacastro@correo.com;54;28360110
María;Silva;Alvear 4511;Inmaculada Concepcion;Neuquén;mariasilva@correo.com;57;25638953
Luis;Sánchez;Alvear 5045;Gral. Pico;Córdoba;luissanchez@correo.com;71;34499048
Ana;Fernández;Av. San Martín 1120;9 de Julio;Buenos Aires;anafernandez@correo.com;20;35352745
Camila;Molina;Av. de Mayo 4769;Capitan Mendoza;Buenos Aires;camilamolina@correo.com;35;36776848
Natalia;Vidal;Rivadavia 3158;Palermo;Salta;nataliavidal@correo.com;55;17536505
Diego;Guzmán;Mitre 639;Gral. Pico;Mendoza;diegoguzman@correo.com;42;17239475
Paula;Romero;Lavalle 2248;25 de Mayo;Mendoza;paularomero@correo.com;42;19839956
Luis;García;Alvear 2146;San Miguel;Córdoba;luisgarcia@correo.com;32;44993916
Santiago;Peralta;Pueyrredón 6301;Gral. Pico;Buenos Aires;santiagoperalta@correo.com;25;16994945
Martina;Giménez;Rivadavia 6739;9 de Julio;Chaco;martinagimenez@correo.com;55;13811136
Isabella;Herrera;Belgrano 6531;Palermo;Misiones;isabellaherrera@correo.com;30;14633853
Paula;Pérez;Alvear 1209;Rosario de la Cruz;Entre Ríos;paulaperez@correo.com;65;40940276
María;Peralta;Alvear 2981;Capitan Mendoza;Neuquén;mariaperalta@correo.com;67;17606908
Sara;Sánchez;Mitre 8236;San Martin;Santa Fe;sarasanchez@correo.com;26;37300310
Valeria;Giménez;Pueyrredón 5974;9 de Julio;Entre Ríos;valeriagimenez@correo.com;58;28735009
Joaquín;Benítez;Rivadavia 440;25 de Mayo;Chaco;joaquinbenitez@correo.com;49;46851312
Isabella;Silva;Belgrano 1501;La Palta;Misiones;isabellasilva@correo.com;74;19992735
Lucía;Vidal;Av. de Mayo 4690;25 de Mayo;Mendoza;luciavidal@correo.com;70;21730889
Diego;Herrera;Alvear 1728;Palermo;Entre Ríos;diegoherrera@correo.com;19;25865447
Natalia;Vidal;Belgrano 7060;Gral. Pico;Buenos Aires;nataliavidal@correo.com;70;46322282
Abril;López;Urquiza 2935;San Miguel;Buenos Aires;abrillopez@correo.com;59;42165825
Tomas;Rodríguez;Urquiza 4158;San Martin;Neuquén;tomasrodriguez@correo.com;21;17918302
Victoria;Rodríguez;Mitre 2301;Gral. Pico;Misiones;victoriarodriguez@correo.com;43;37014222
María;Aguirre;Av. de Mayo 8054;Gral. Pico;Mendoza;mariaaguirre@correo.com;31;35830433
Javier;Acosta;Belgrano 5863;San Miguel;Chaco;javieracosta@correo.com;47;43971999
María;Ramírez;Urquiza 842;25 de Mayo;Santa Fe;mariaramirez@correo.com;70;40355739
Martina;Acosta;Pueyrredón 2603;La Palta;Salta;martinaacosta@correo.com;34;24227237
Lucas;Romero;Belgrano 1314;La Palta;Santa Fe;lucasromero@correo.com;79;24541232
Abril;García;Urquiza 5701;9 de Julio;Mendoza;abrilgarcia@correo.com;24;12216306
Victoria;Martínez;Lavalle 7373;San Miguel;Misiones;victoriamartinez@correo.com;77;35135830
Isabella;Ruiz;Av. de Mayo 2694;Rosario de la Cruz;Salta;isabellaruiz@correo.com;62;13199264
Sofía;Giménez;Belgrano 7887;25 de Mayo;Buenos Aires;sofiagimenez@correo.com;78;43148210
Daniela;Silva;Alvear 7546;San Miguel;Entre Ríos;danielasilva@correo.com;32;21647257
Javier;Medina;Pueyrredón 9797;9 de Julio;Entre Ríos;javiermedina@correo.com;78;47795600
Mateo;Peralta;Belgrano 3489;Palermo;Mendoza;mateoperalta@correo.com;53;19976410
Nicolás;Torres;Urquiza 1424;Inmaculada Concepcion;Córdoba;nicolastorres@correo.com;36;46850517
Sara;Fernández;Sarmiento 3804;La Palta;Buenos Aires;sarafernandez@correo.com;53;26125603
Martina;López;Av. San Martín 9167;Rosario de la Cruz;Córdoba;martinalopez@correo.com;49;14270079
Diego;González;Lavalle 1505;San Miguel;Neuquén;diegogonzalez@correo.com;49;17825992
Gonzalo;Gómez;Rivadavia 412;9 de Julio;Santa Fe;gonzalogomez@correo.com;65;33776886
Javier;Molina;Sarmiento 4950;Rosario de la Cruz;Chaco;javiermolina@correo.com;33;15457049
María;Vidal;Pueyrredón 1031;Inmaculada Concepcion;Mendoza;mariavidal@correo.com;77;41727516
Daniela;Ruiz;Rivadavia 6401;Rosario de la Cruz;Córdoba;danielaruiz@correo.com;59;34722968
Sofía;Fernández;Urquiza 9445;25 de Mayo;Misiones;sofiafernandez@correo.com;54;17009276
Abril;López;Sarmiento 7379;25 de Mayo;Córdoba;abrillopez@correo.com;72;24508335
Victoria;Silva;Alvear 6711;25 de Mayo;Buenos Aires;victoriasilva@correo.com;47;41049288
Javier;Vidal;Lavalle 5776;La Palta;Mendoza;javiervidal@correo.com;76;20646348
Joaquín;Díaz;Av. San Martín 5306;25 de Mayo;Neuquén;joaquindiaz@correo.com;82;19300682
Sara;González;Rivadavia 1343;25 de Mayo;Buenos Aires;saragonzalez@correo.com;77;47765997
Daniela;Gómez;Av. San Martín 1438;San Miguel;Tucumán;danielagomez@correo.com;35;17030884
Elena;Romero;Pueyrredón 4142;San Martin;Neuquén;elenaromero@correo.com;73;33561581
María;Ramírez;Av. de Mayo 7005;Capitan Mendoza;Buenos Aires;mariaramirez@correo.com;43;31207938
Luis;Fernández;Av. San Martín 5642;Rosario de la Cruz;Córdoba;luisfernandez@correo.com;35;21370634
Tomas;Medina;Rivadavia 3384;25 de Mayo;Buenos Aires;tomasmedina@correo.com;69;29855860
Tomas;Pérez;Alvear 9345;25 de Mayo;Chaco;tomasperez@correo.com;70;43076634
Victoria;Giménez;Urquiza 2176;San Martin;Salta;victoriagimenez@correo.com;19;23558187
Victoria;Castro;Urquiza 9587;9 de Julio;Entre Ríos;victoriacastro@correo.com;73;14948411
Agustín;Pérez;Mitre 5498;Inmaculada Concepcion;Chaco;agustinperez@correo.com;73;47875029
Camila;Sánchez;Sarmiento 8897;San Miguel;Salta;camilasanchez@correo.com;33;47835705
Sofía;Castro;Av. de Mayo 3872;San Martin;Córdoba;sofiacastro@correo.com;35;33373932
Lucía;García;Rivadavia 5026;Capitan Mendoza;Chaco;luciagarcia@correo.com;44;47310078
Gonzalo;Álvarez;Mitre 3586;San Martin;Neuquén;gonzaloalvarez@correo.com;19;32715827
Camila;Silva;Pueyrredón 9212;Gral. Pico;Santa Fe;camilasilva@correo.com;60;28578602
Luis;Martínez;Sarmiento 9862;San Martin;Chaco;luismartinez@correo.com;62;45632457
Martina;Guzmán;Mitre 3250;25 de Mayo;Salta;martinaguzman@correo.com;18;44944339
Ignacio;Pérez;Mitre 3998;Palermo;Chaco;ignacioperez@correo.com;43;20238617
Victoria;Aguirre;Lavalle 2932;San Miguel;Córdoba;victoriaaguirre@correo.com;19;24800069
Gabriel;Gómez;Lavalle 1025;25 de Mayo;Entre Ríos;gabrielgomez@correo.com;73;29586230
Camila;Flores;Av. San Martín 4434;La Palta;Córdoba;camilaflores@correo.com;68;19917216
Santiago;García;Av. San Martín 2408;9 de Julio;Buenos Aires;santiagogarcia@correo.com;27;33517788
María;González;Pueyrredón 8303;Gral. Pico;Chaco;mariagonzalez@correo.com;29;43360623
Agustín;Díaz;Urquiza 1307;Capitan Mendoza;Entre Ríos;agustindiaz@correo.com;62;30106409
Valeria;Rojas;Belgrano 5045;Capitan Mendoza;Mendoza;valeriarojas@correo.com;84;44009768
Isabella;Peralta;Urquiza 8061;La Palta;Chaco;isabellaperalta@correo.com;33;47388470
Ezequiel;Rodríguez;Belgrano 6804;Palermo;Tucumán;ezequielrodriguez@correo.com;78;13225764
Isabella;Gómez;Pueyrredón 7233;San Miguel;Córdoba;isabellagomez@correo.com;65;36150864
Natalia;Molina;Alvear 2992;La Palta;Santa Fe;nataliamolina@correo.com;73;23994353
Natalia;Sánchez;Lavalle 6819;Palermo;Misiones;nataliasanchez@correo.com;74;20981610
Diego;García;Av. San Martín 2995;San Martin;Entre Ríos;diegogarcia@correo.com;74;36000978
Martina;Molina;Belgrano 3869;9 de Julio;Neuquén;martinamolina@correo.com;20;29905730
Mateo;Álvarez;Av. San Martín 6337;9 de Julio;Santa Fe;mateoalvarez@correo.com;25;39640556
María;Aguirre;Belgrano 7416;9 de Julio;Entre Ríos;mariaaguirre@correo.com;61;31015703
Martina;González;Pueyrredón 5538;Inmaculada Concepcion;Misiones;martinagonzalez@correo.com;66;20561715
Martina;Medina;Rivadavia 7118;9 de Julio;Chaco;martinamedina@correo.com;71;45973425
Agustín;Acosta;Rivadavia 382;Gral. Pico;Entre Ríos;agustinacosta@correo.com;46;22349686
Sara;Guzmán;Urquiza 6029;Rosario de la Cruz;Buenos Aires;saraguzman@correo.com;67;13800584
Sofía;Ruiz;Urquiza 890;San Miguel;Santa Fe;sofiaruiz@correo.com;78;26978939
Santiago;Vidal;Alvear 4250;San Martin;Santa Fe;santiagovidal@correo.com;26;22643117
Daniela;Rodríguez;Sarmiento 4656;Rosario de la Cruz;Buenos Aires;danielarodriguez@correo.com;50;13369823
Gabriel;Díaz;Rivadavia 2308;Inmaculada Concepcion;Neuquén;gabrieldiaz@correo.com;62;18450937
Valeria;Giménez;Mitre 6011;San Martin;Entre Ríos;valeriagimenez@correo.com;83;13545062
Sara;Sánchez;Av. San Martín 9773;9 de Julio;Córdoba;sarasanchez@correo.com;43;31018243
Abril;Pérez;Lavalle 7729;9 de Julio;Córdoba;abrilperez@correo.com;38;30165137
Paula;Giménez;Mitre 2386;Capitan Mendoza;Neuquén;paulagimenez@correo.com;31;28021088
Valeria;Molina;Sarmiento 4297;La Palta;Córdoba;valeriamolina@correo.com;49;31940621
Victoria;López;Av. San Martín 7473;25 de Mayo;Entre Ríos;victorialopez@correo.com;44;44876623
Ana;Sosa;Lavalle 2659;San Martin;Misiones;anasosa@correo.com;63;27035338
Elena;Giménez;Av. San Martín 327;Inmaculada Concepcion;Chaco;elenagimenez@correo.com;48;19584868
Gonzalo;González;Sarmiento 9825;Capitan Mendoza;Buenos Aires;gonzalogonzalez@correo.com;25;33560746
Agustín;Medina;Lavalle 1975;San Martin;Salta;agustinmedina@correo.com;66;34084548
Carlos;González;Pueyrredón 6865;San Martin;Córdoba;carlosgonzalez@correo.com;70;33241707
Lucas;Giménez;Urquiza 2903;Rosario de la Cruz;Santa Fe;lucasgimenez@correo.com;74;13386541
Diego;Molina;Rivadavia 7569;Inmaculada Concepcion;Entre Ríos;diegomolina@correo.com;20;40153078
Paula;Aguirre;Alvear 5765;La Palta;Córdoba;paulaaguirre@correo.com;21;47497978
Sara;Díaz;Lavalle 5028;San Martin;Córdoba;saradiaz@correo.com;67;46687828
Ana;Medina;Lavalle 3311;Capitan Mendoza;Santa Fe;anamedina@correo.com;65;44923198
Gonzalo;Flores;Av. San Martín 3191;Inmaculada Concepcion;Chaco;gonzaloflores@correo.com;63;40546273
Luis;Martínez;Alvear 5849;25 de Mayo;Santa Fe;luismartinez@correo.com;75;20552559
Santiago;Rojas;Av. de Mayo 8172;Capitan Mendoza;Misiones;santiagorojas@correo.com;38;33349410
Victoria;Sosa;Av. San Martín 5623;La Palta;Córdoba;victoriasosa@correo.com;26;19105749
Lucía;Díaz;Urquiza 7860;Gral. Pico;Buenos Aires;luciadiaz@correo.com;37;28744055
Abril;Ramírez;Alvear 8830;25 de Mayo;Neuquén;abrilramirez@correo.com;73;40773086
Elena;Aguirre;Lavalle 5753;25 de Mayo;Tucumán;elenaaguirre@correo.com;51;23766094
Santiago;Acosta;Belgrano 327;La Palta;Neuquén;santiagoacosta@correo.com;82;19891090
Valeria;Acosta;Mitre 4015;Capitan Mendoza;Misiones;valeriaacosta@correo.com;67;42921659
Camila;Fernández;Av. San Martín 352;La Palta;Tucumán;camilafernandez@correo.com;23;29954362
Luis;Molina;Urquiza 9079;25 de Mayo;Buenos Aires;luismolina@correo.com;24;47628036
Lucía;Acosta;Av. de Mayo 1422;San Martin;Mendoza;luciaacosta@correo.com;77;41652452
Gabriel;Giménez;Mitre 1273;San Martin;Córdoba;gabrielgimenez@correo.com;49;19499699
María;Ruiz;Mitre 6417;Capitan Mendoza;Chaco;mariaruiz@correo.com;24;45412509
Mateo;Herrera;Pueyrredón 3460;9 de Julio;Entre Ríos;mateoherrera@correo.com;39;34226406
Daniela;Castro;Urquiza 7742;Palermo;Mendoza;danielacastro@correo.com;84;11468656
Agustín;Aguirre;Alvear 6933;25 de Mayo;Misiones;agustinaguirre@correo.com;30;20589248
Natalia;Flores;Lavalle 9340;Rosario de la Cruz;Buenos Aires;nataliaflores@correo.com;50;22854021
Gabriel;Martínez;Av. de Mayo 3773;25 de Mayo;Santa Fe;gabrielmartinez@correo.com;27;38430979
Lucas;Ruiz;Sarmiento 2901;Inmaculada Concepcion;Entre Ríos;lucasruiz@correo.com;66;21909643
Abril;Benítez;Alvear 2590;Capitan Mendoza;Chaco;abrilbenitez@correo.com;51;46600840
Abril;Castro;Lavalle 1871;San Miguel;Córdoba;abrilcastro@correo.com;73;16969710
Diego;Rojas;Sarmiento 2757;Inmaculada Concepcion;Neuquén;diegorojas@correo.com;63;28953671
Agustín;Martínez;Sarmiento 8672;Gral. Pico;Neuquén;agustinmartinez@correo.com;31;12471489
Javier;Álvarez;Sarmiento 6905;25 de Mayo;Neuquén;javieralvarez@correo.com;32;37619164
Victoria;Martínez;Lavalle 9177;Inmaculada Concepcion;Tucumán;victoriamartinez@correo.com;69;41465484
María;Medina;Urquiza 223;San Miguel;Chaco;mariamedina@correo.com;25;14961218
Ana;Vidal;Av. de Mayo 9941;Gral. Pico;Tucumán;anavidal@correo.com;39;28218174
Abril;Álvarez;Av. San Martín 4801;San Miguel;Santa Fe;abrilalvarez@correo.com;74;40102740
Sofía;Peralta;Alvear 2889;San Martin;Mendoza;sofiaperalta@correo.com;45;12320600
Joaquín;Guzmán;Pueyrredón 5123;Rosario de la Cruz;Mendoza;joaquinguzman@correo.com;25;26615441
Valeria;Benítez;Av. San Martín 6418;Rosario de la Cruz;Entre Ríos;valeriabenitez@correo.com;38;11317302
Daniela;López;Alvear 4163;Capitan Mendoza;Neuquén;danielalopez@correo.com;30;39110220
Agustín;López;Av. San Martín 6896;Rosario de la Cruz;Entre Ríos;agustinlopez@correo.com;34;20846987
Natalia;Vidal;Pueyrredón 954;25 de Mayo;Santa Fe;nataliavidal@correo.com;61;14351232
Abril;Ramírez;Pueyrredón 4599;Inmaculada Concepcion;Entre Ríos;abrilramirez@correo.com;80;44526951
Elena;Medina;Pueyrredón 4707;9 de Julio;Santa Fe;elenamedina@correo.com;66;20865405
Natalia;Rodríguez;Rivadavia 822;San Martin;Tucumán;nataliarodriguez@correo.com;61;13080261
Ignacio;Castro;Urquiza 7719;Gral. Pico;Misiones;ignaciocastro@correo.com;62;22602158
Gabriel;Pérez;Urquiza 4148;San Miguel;Salta;gabrielperez@correo.com;47;47258418
Javier;Álvarez;Lavalle 2746;Capitan Mendoza;Misiones;javieralvarez@correo.com;80;45048374
Luis;López;Av. San Martín 3077;9 de Julio;Neuquén;luislopez@correo.com;32;47111837
Joaquín;Guzmán;Alvear 259;San Martin;Santa Fe;joaquinguzman@correo.com;19;28312842
María;Martínez;Mitre 6771;Rosario de la Cruz;Córdoba;mariamartinez@correo.com;65;39833596
Javier;Acosta;Alvear 4129;Capitan Mendoza;Entre Ríos;javieracosta@correo.com;74;18570543
Valeria;Flores;Lavalle 1404;Capitan Mendoza;Entre Ríos;valeriaflores@correo.com;41;22081578
Nicolás;Romero;Mitre 6129;Inmaculada Concepcion;Santa Fe;nicolasromero@correo.com;47;32408307
Abril;Herrera;Belgrano 7990;Rosario de la Cruz;Salta;abrilherrera@correo.com;46;15417650
Sara;Gómez;Pueyrredón 8298;Capitan Mendoza;Entre Ríos;saragomez@correo.com;83;39709899
Lucas;Romero;Urquiza 9891;9 de Julio;Entre Ríos;lucasromero@correo.com;44;32308830
Abril;Sosa;Mitre 4877;San Martin;Córdoba;abrilsosa@correo.com;44;21926555
Ana;Pérez;Rivadavia 1395;9 de Julio;Córdoba;anaperez@correo.com;32;12726840
Gabriel;Herrera;Urquiza 2825;Rosario de la Cruz;Entre Ríos;gabrielherrera@correo.com;21;35001047
Agustín;Sosa;Rivadavia 9012;Gral. Pico;Buenos Aires;agustinsosa@correo.com;31;14026291
Martina;González;Sarmiento 7365;San Miguel;Córdoba;martinagonzalez@correo.com;28;25409760
Tomas;Romero;Rivadavia 9064;La Palta;Salta;tomasromero@correo.com;64;35372645
Javier;Guzmán;Rivadavia 824;San Miguel;Misiones;javierguzman@correo.com;43;29247158
Valeria;Romero;Alvear 2940;Inmaculada Concepcion;Chaco;valeriaromero@correo.com;29;45744674
Sofía;Rojas;Rivadavia 1960;Inmaculada Concepcion;Mendoza;sofiarojas@correo.com;24;38936935
Paula;Castro;Belgrano 6095;Rosario de la Cruz;Tucumán;paulacastro@correo.com;84;27210701
Ezequiel;Rodríguez;Alvear 170;Inmaculada Concepcion;Córdoba;ezequielrodriguez@correo.com;26;46870786
Isabella;Torres;Mitre 8362;La Palta;Chaco;isabellatorres@correo.com;32;33564213
Gabriel;Medina;Av. San Martín 4295;San Miguel;Chaco;gabrielmedina@correo.com;70;32805289
Javier;Gómez;Av. de Mayo 3833;25 de Mayo;Tucumán;javiergomez@correo.com;43;15649288
Santiago;González;Alvear 7320;25 de Mayo;Misiones;santiagogonzalez@correo.com;40;19904203
Gonzalo;López;Av. San Martín 7009;Palermo;Santa Fe;gonzalolopez@correo.com;67;16664226
Natalia;Herrera;Pueyrredón 5621;San Miguel;Mendoza;nataliaherrera@correo.com;51;14643127
Lucía;Medina;Sarmiento 4910;9 de Julio;Tucumán;luciamedina@correo.com;61;19972963
Ezequiel;Ruiz;Lavalle 5737;Gral. Pico;Santa Fe;ezequielruiz@correo.com;24;44913309
Abril;González;Av. de Mayo 3737;La Palta;Entre Ríos;abrilgonzalez@correo.com;43;33816691
Natalia;Sosa;Mitre 4482;Rosario de la Cruz;Córdoba;nataliasosa@correo.com;67;45641869
Isabella;Sánchez;Belgrano 6222;San Miguel;Córdoba;isabellasanchez@correo.com;56;47842338
Santiago;Pérez;Belgrano 3203;San Martin;Santa Fe;santiagoperez@correo.com;67;18848885
Diego;Guzmán;Belgrano 9793;9 de Julio;Misiones;diegoguzman@correo.com;58;11240978
Valeria;Pérez;Urquiza 2279;Capitan Mendoza;Entre Ríos;valeriaperez@correo.com;53;43358362
Ana;Rojas;Av. San Martín 7398;9 de Julio;Chaco;anarojas@correo.com;79;18007400
Gabriel;Sánchez;Pueyrredón 7068;25 de Mayo;Tucumán;gabrielsanchez@correo.com;34;24365641
Ana;García;Lavalle 3163;25 de Mayo;Santa Fe;anagarcia@correo.com;22;19973973
Diego;Álvarez;Alvear 2853;9 de Julio;Buenos Aires;diegoalvarez@correo.com;23;25477240
Elena;Acosta;Rivadavia 7724;9 de Julio;Entre Ríos;elenaacosta@correo.com;51;44570410
Natalia;Sánchez;Belgrano 1858;9 de Julio;Misiones;nataliasanchez@correo.com;30;47490388
Natalia;Gómez;Alvear 2753;Inmaculada Concepcion;Entre Ríos;nataliagomez@correo.com;54;40892255
Camila;Molina;Belgrano 6191;La Palta;Córdoba;camilamolina@correo.com;59;40656731
Gabriel;Sosa;Alvear 6735;La Palta;Córdoba;gabrielsosa@correo.com;28;44184230
Carlos;Díaz;Av. de Mayo 996;Capitan Mendoza;Mendoza;carlosdiaz@correo.com;53;27520715
Valeria;Sánchez;Belgrano 6535;San Miguel;Buenos Aires;valeriasanchez@correo.com;72;41581839
Ezequiel;López;Alvear 658;Palermo;Buenos Aires;ezequiellopez@correo.com;60;21469059
Abril;Acosta;Lavalle 7572;La Palta;Santa Fe;abrilacosta@correo.com;83;38747403
Ignacio;Peralta;Belgrano 5196;San Martin;Mendoza;ignacioperalta@correo.com;36;47638835
Santiago;Ramírez;Av. San Martín 1663;San Martin;Santa Fe;santiagoramirez@correo.com;48;30526144
Sara;Martínez;Alvear 3531;25 de Mayo;Entre Ríos;saramartinez@correo.com;71;47409267
Nicolás;García;Pueyrredón 7002;Gral. Pico;Tucumán;nicolasgarcia@correo.com;25;27162051
Santiago;Gómez;Rivadavia 5867;25 de Mayo;Tucumán;santiagogomez@correo.com;53;41728201
Isabella;Pérez;Av. de Mayo 5599;9 de Julio;Salta;isabellaperez@correo.com;49;34881561
Nicolás;Peralta;Av. San Martín 5910;9 de Julio;Neuquén;nicolasperalta@correo.com;27;33977233
Camila;Romero;Pueyrredón 1003;Gral. Pico;Santa Fe;camilaromero@correo.com;75;43419792
Valeria;Martínez;Belgrano 9001;San Martin;Neuquén;valeriamartinez@correo.com;33;23176829
Ezequiel;Romero;Av. San Martín 5648;Rosario de la Cruz;Misiones;ezequielromero@correo.com;62;33912777
Ana;Torres;Av. de Mayo 6268;Gral. Pico;Córdoba;anatorres@correo.com;79;12293913
Joaquín;Castro;Urquiza 8216;Palermo;Buenos Aires;joaquincastro@correo.com;40;37866058
Ignacio;Pérez;Alvear 1578;San Martin;Córdoba;ignacioperez@correo.com;48;39340503
Nicolás;Flores;Alvear 213;La Palta;Santa Fe;nicolasflores@correo.com;59;28486264
Gabriel;Giménez;Urquiza 1989;Inmaculada Concepcion;Tucumán;gabrielgimenez@correo.com;65;15985951
Elena;Fernández;Sarmiento 7677;San Martin;Santa Fe;elenafernandez@correo.com;45;26101475
Martina;Peralta;Rivadavia 6261;Palermo;Buenos Aires;martinaperalta@correo.com;51;34210648
Camila;García;Rivadavia 3181;Inmaculada Concepcion;Santa Fe;camilagarcia@correo.com;83;16438459
Valeria;Ramírez;Urquiza 6322;25 de Mayo;Entre Ríos;valeriaramirez@correo.com;83;19035176
Gonzalo;Torres;Lavalle 7106;25 de Mayo;Entre Ríos;gonzalotorres@correo.com;61;32961713
Sofía;Gómez;Belgrano 972;San Martin;Salta;sofiagomez@correo.com;69;36158819
Gonzalo;Rodríguez;Alvear 8354;Rosario de la Cruz;Neuquén;gonzalorodriguez@correo.com;34;34576075
Victoria;Sosa;Av. San Martín 604;Palermo;Neuquén;victoriasosa@correo.com;70;22625767
Elena;Guzmán;Rivadavia 5863;25 de Mayo;Tucumán;elenaguzman@correo.com;74;36635398
Lucas;Herrera;Pueyrredón 2817;25 de Mayo;Tucumán;lucasherrera@correo.com;77;14588771
Sara;Castro;Pueyrredón 8799;25 de Mayo;Misiones;saracastro@correo.com;60;12057051
Mateo;Torres;Sarmiento 6059;9 de Julio;Entre Ríos;mateotorres@correo.com;61;25236667
Carlos;Pérez;Mitre 6244;La Palta;Tucumán;carlosperez@correo.com;77;13519615
Carlos;García;Urquiza 6524;Inmaculada Concepcion;Córdoba;carlosgarcia@correo.com;76;40311876
Daniela;Benítez;Urquiza 5892;La Palta;Salta;danielabenitez@correo.com;49;14747586
Luis;Gómez;Av. de Mayo 212;Gral. Pico;Salta;luisgomez@correo.com;40;36046061
Mateo;Sánchez;Mitre 8547;Inmaculada Concepcion;Misiones;mateosanchez@correo.com;39;41530620
Gonzalo;Aguirre;Mitre 7150;Capitan Mendoza;Misiones;gonzaloaguirre@correo.com;74;45489852
Martina;Herrera;Alvear 9718;Rosario de la Cruz;Tucumán;martinaherrera@correo.com;21;30520238
Paula;Molina;Alvear 4700;San Miguel;Córdoba;paulamolina@correo.com;61;40650775
Tomas;Flores;Mitre 7589;Rosario de la Cruz;Salta;tomasflores@correo.com;54;47394770
Diego;Fernández;Rivadavia 6493;San Martin;Tucumán;diegofernandez@correo.com;64;37904715
Abril;Peralta;Belgrano 9086;Gral. Pico;Buenos Aires;abrilperalta@correo.com;27;46274557
Camila;Ramírez;Sarmiento 9208;25 de Mayo;Chaco;camilaramirez@correo.com;76;29756583
María;Díaz;Belgrano 3105;San Miguel;Córdoba;mariadiaz@correo.com;44;36611885
Sofía;García;Av. de Mayo 3343;San Martin;Mendoza;sofiagarcia@correo.com;71;16505396
Elena;Giménez;Av. de Mayo 8350;San Martin;Tucumán;elenagimenez@correo.com;54;44246680
Joaquín;Sánchez;Pueyrredón 1279;Inmaculada Concepcion;Misiones;joaquinsanchez@correo.com;68;27624161
Ignacio;Díaz;Av. de Mayo 5497;Capitan Mendoza;Tucumán;ignaciodiaz@correo.com;57;26655304
Abril;Pérez;Pueyrredón 1608;San Miguel;Entre Ríos;abrilperez@correo.com;49;27926723
Agustín;Álvarez;Av. de Mayo 9286;Inmaculada Concepcion;Buenos Aires;agustinalvarez@correo.com;80;28364117
Javier;Aguirre;Alvear 4398;San Miguel;Mendoza;javieraguirre@correo.com;33;37977450
Elena;Álvarez;Av. San Martín 9836;San Martin;Entre Ríos;elenaalvarez@correo.com;59;45254184
Victoria;López;Sarmiento 6303;Rosario de la Cruz;Entre Ríos;victorialopez@correo.com;36;23704940
Ignacio;Benítez;Lavalle 7346;Palermo;Entre Ríos;ignaciobenitez@correo.com;31;36605532
Gonzalo;García;Alvear 9745;San Miguel;Neuquén;gonzalogarcia@correo.com;25;30443217
Luis;Álvarez;Mitre 5974;25 de Mayo;Neuquén;luisalvarez@correo.com;77;23700891
Martina;Acosta;Urquiza 1366;9 de Julio;Santa Fe;martinaacosta@correo.com;59;27223997
Sofía;Ruiz;Sarmiento 1307;San Miguel;Buenos Aires;sofiaruiz@correo.com;55;17183113
Victoria;Giménez;Rivadavia 4411;9 de Julio;Tucumán;victoriagimenez@correo.com;60;17814216
Gabriel;Romero;Urquiza 2235;9 de Julio;Tucumán;gabrielromero@correo.com;58;20935652
María;Sánchez;Pueyrredón 1915;Inmaculada Concepcion;Santa Fe;mariasanchez@correo.com;78;18090203
Sofía;Vidal;Sarmiento 6343;La Palta;Tucumán;sofiavidal@correo.com;28;12567044
Ezequiel;Acosta;Pueyrredón 3223;Inmaculada Concepcion;Salta;ezequielacosta@correo.com;78;28817970
Lucía;Rojas;Urquiza 466;Capitan Mendoza;Mendoza;luciarojas@correo.com;40;16338096
Lucía;Molina;Lavalle 6823;San Miguel;Salta;luciamolina@correo.com;76;15111976
Paula;Aguirre;Av. San Martín 7836;9 de Julio;Tucumán;paulaaguirre@correo.com;38;40487519
Sara;Vidal;Belgrano 5871;Gral. Pico;Córdoba;saravidal@correo.com;62;29307752
Tomas;Martínez;Mitre 6547;Gral. Pico;Misiones;tomasmartinez@correo.com;81;13818563
Camila;López;Belgrano 6836;San Miguel;Córdoba;camilalopez@correo.com;72;20087116
Sofía;Guzmán;Av. San Martín 4134;San Martin;Salta;sofiaguzman@correo.com;70;44657738
Daniela;Acosta;Sarmiento 9670;Capitan Mendoza;Misiones;danielaacosta@correo.com;25;33411388
Elena;Fernández;Av. de Mayo 9135;Gral. Pico;Tucumán;elenafernandez@correo.com;39;26158171
Lucas;Aguirre;Pueyrredón 515;9 de Julio;Mendoza;lucasaguirre@correo.com;77;44888400
Natalia;Gómez;Belgrano 2975;Palermo;Misiones;nataliagomez@correo.com;34;22534670
Natalia;Rodríguez;Sarmiento 868;San Martin;Mendoza;nataliarodriguez@correo.com;18;25000715
Santiago;Ruiz;Alvear 887;Gral. Pico;Chaco;santiagoruiz@correo.com;60;22035735
Martina;Benítez;Belgrano 589;9 de Julio;Tucumán;martinabenitez@correo.com;18;30076737
Valeria;López;Av. de Mayo 7785;Palermo;Córdoba;valerialopez@correo.com;52;39891912
María;Giménez;Urquiza 8190;La Palta;Misiones;mariagimenez@correo.com;56;25198226
Luis;Sánchez;Urquiza 9339;25 de Mayo;Salta;luissanchez@correo.com;80;33365596
Martina;Álvarez;Urquiza 1318;9 de Julio;Córdoba;martinaalvarez@correo.com;69;34879638
Elena;Torres;Av. de Mayo 5616;San Martin;Santa Fe;elenatorres@correo.com;43;22770822
Nicolás;Sánchez;Sarmiento 578;25 de Mayo;Santa Fe;nicolassanchez@correo.com;30;15465172
Ezequiel;González;Urquiza 3022;Inmaculada Concepcion;Tucumán;ezequielgonzalez@correo.com;71;42074893
Natalia;Giménez;Alvear 9029;San Martin;Córdoba;nataliagimenez@correo.com;76;27241611
Sara;Fernández;Av. San Martín 753;25 de Mayo;Entre Ríos;sarafernandez@correo.com;69;46490376
Gonzalo;Castro;Urquiza 7212;San Martin;Santa Fe;gonzalocastro@correo.com;68;19124367
Javier;Gómez;Mitre 4565;Inmaculada Concepcion;Buenos Aires;javiergomez@correo.com;32;12577117
Gonzalo;Torres;Belgrano 122;Palermo;Tucumán;gonzalotorres@correo.com;75;45462580
Victoria;Martínez;Mitre 8266;San Miguel;Santa Fe;victoriamartinez@correo.com;77;14922211
Tomas;Álvarez;Av. San Martín 1464;Rosario de la Cruz;Buenos Aires;tomasalvarez@correo.com;84;18669010
Natalia;Benítez;Urquiza 5456;Capitan Mendoza;Córdoba;nataliabenitez@correo.com;51;32127082
Joaquín;Sánchez;Av. San Martín 308;San Miguel;Mendoza;joaquinsanchez@correo.com;75;11313828
Sara;Herrera;Av. San Martín 8739;La Palta;Mendoza;saraherrera@correo.com;56;11523755
Camila;Sánchez;Urquiza 314;San Martin;Neuquén;camilasanchez@correo.com;22;26931270
Mateo;López;Mitre 5795;Capitan Mendoza;Buenos Aires;mateolopez@correo.com;27;21072778
Lucía;Castro;Mitre 8447;Rosario de la Cruz;Buenos Aires;luciacastro@correo.com;46;13081545
Camila;Sosa;Alvear 7298;9 de Julio;Misiones;camilasosa@correo.com;62;44137378
Natalia;Acosta;Pueyrredón 8377;Rosario de la Cruz;Santa Fe;nataliaacosta@correo.com;77;46556881
Javier;Benítez;Urquiza 1847;9 de Julio;Misiones;javierbenitez@correo.com;23;12550983
Tomas;Ramírez;Rivadavia 7443;Inmaculada Concepcion;Entre Ríos;tomasramirez@correo.com;23;26556017
María;Flores;Mitre 3546;Gral. Pico;Santa Fe;mariaflores@correo.com;43;15750118
Natalia;Vidal;Urquiza 8725;25 de Mayo;Córdoba;nataliavidal@correo.com;30;28385386
Ignacio;Giménez;Mitre 4241;Palermo;Chaco;ignaciogimenez@correo.com;36;40393494
Victoria;Torres;Av. San Martín 2998;9 de Julio;Entre Ríos;victoriatorres@correo.com;34;42987188
Paula;Torres;Av. San Martín 5746;9 de Julio;Mendoza;paulatorres@correo.com;46;37629316
Elena;Fernández;Sarmiento 2373;Inmaculada Concepcion;Córdoba;elenafernandez@correo.com;40;21657246
Diego;Sosa;Urquiza 9091;San Martin;Salta;diegososa@correo.com;58;21971086
Santiago;Rodríguez;Mitre 6915;9 de Julio;Chaco;santiagorodriguez@correo.com;46;24864268
Natalia;Silva;Mitre 7074;Inmaculada Concepcion;Neuquén;nataliasilva@correo.com;72;33114981
Sofía;Ramírez;Pueyrredón 1442;Gral. Pico;Mendoza;sofiaramirez@correo.com;21;45079763
Luis;Fernández;Alvear 6000;Gral. Pico;Tucumán;luisfernandez@correo.com;56;44414592
Gonzalo;Álvarez;Av. San Martín 5337;Palermo;Misiones;gonzaloalvarez@correo.com;74;26997604
Martina;López;Lavalle 722;9 de Julio;Misiones;martinalopez@correo.com;32;37435363
Agustín;Rodríguez;Urquiza 9086;Gral. Pico;Buenos Aires;agustinrodriguez@correo.com;74;19109434
Sofía;Peralta;Urquiza 334;9 de Julio;Entre Ríos;sofiaperalta@correo.com;79;27249398
Victoria;Silva;Sarmiento 9904;25 de Mayo;Santa Fe;victoriasilva@correo.com;19;18955924
Elena;Martínez;Belgrano 5528;9 de Julio;Mendoza;elenamartinez@correo.com;81;14563915
Joaquín;Sánchez;Belgrano 6858;9 de Julio;Misiones;joaquinsanchez@correo.com;74;47710850
Ana;Díaz;Mitre 5765;Gral. Pico;Mendoza;anadiaz@correo.com;65;20327253
Sofía;Molina;Urquiza 4328;9 de Julio;Buenos Aires;sofiamolina@correo.com;32;44309809
Abril;Martínez;Belgrano 8369;Capitan Mendoza;Neuquén;abrilmartinez@correo.com;62;23876589
Carlos;Molina;Av. de Mayo 7525;San Martin;Buenos Aires;carlosmolina@correo.com;23;37684107
Gabriel;Peralta;Av. de Mayo 3449;Rosario de la Cruz;Tucumán;gabrielperalta@correo.com;67;28676344
Gabriel;Díaz;Belgrano 6881;San Miguel;Santa Fe;gabrieldiaz@correo.com;82;29270668
Gonzalo;Rodríguez;Mitre 8684;Gral. Pico;Tucumán;gonzalorodriguez@correo.com;42;32592851
Daniela;Castro;Alvear 3689;La Palta;Buenos Aires;danielacastro@correo.com;73;35410584
Tomas;Ruiz;Pueyrredón 5835;25 de Mayo;Neuquén;tomasruiz@correo.com;35;22502892
Javier;Silva;Pueyrredón 6280;Capitan Mendoza;Chaco;javiersilva@correo.com;31;37288030
Santiago;Acosta;Av. San Martín 3571;Capitan Mendoza;Salta;santiagoacosta@correo.com;41;41036590
Gabriel;Giménez;Rivadavia 9366;San Martin;Misiones;gabrielgimenez@correo.com;73;40660661
Ezequiel;Torres;Belgrano 9759;Rosario de la Cruz;Neuquén;ezequieltorres@correo.com;22;34610026
Daniela;Sánchez;Pueyrredón 9468;Rosario de la Cruz;Salta;danielasanchez@correo.com;18;27530661
Luis;Silva;Mitre 6588;Rosario de la Cruz;Tucumán;luissilva@correo.com;49;43305912
Natalia;Martínez;Mitre 7525;25 de Mayo;Mendoza;nataliamartinez@correo.com;66;46979603
Luis;Herrera;Sarmiento 5726;Rosario de la Cruz;Mendoza;luisherrera@correo.com;55;29922187
Paula;González;Sarmiento 8325;Capitan Mendoza;Buenos Aires;paulagonzalez@correo.com;39;11771722
Isabella;Fernández;Belgrano 6919;San Martin;Córdoba;isabellafernandez@correo.com;28;25611905
Luis;Sánchez;Rivadavia 2322;Inmaculada Concepcion;Chaco;luissanchez@correo.com;57;36924189
Lucía;Sosa;Pueyrredón 9599;Inmaculada Concepcion;Misiones;luciasosa@correo.com;30;45854977
Javier;Guzmán;Rivadavia 282;Inmaculada Concepcion;Tucumán;javierguzman@correo.com;18;17363999
Natalia;Martínez;Av. de Mayo 2691;25 de Mayo;Córdoba;nataliamartinez@correo.com;33;19220509
Diego;Medina;Pueyrredón 6045;25 de Mayo;Entre Ríos;diegomedina@correo.com;51;34907893
Elena;González;Av. de Mayo 8863;Inmaculada Concepcion;Entre Ríos;elenagonzalez@correo.com;26;31655254
Martina;Sosa;Av. San Martín 4156;San Miguel;Buenos Aires;martinasosa@correo.com;76;30568991
Camila;Castro;Mitre 1929;San Miguel;Mendoza;camilacastro@correo.com;40;28820313
Lucas;Sánchez;Alvear 5939;Palermo;Salta;lucassanchez@correo.com;70;21604630
Natalia;Peralta;Lavalle 7771;La Palta;Chaco;nataliaperalta@correo.com;29;44917555
Sara;Castro;Rivadavia 1461;Capitan Mendoza;Mendoza;saracastro@correo.com;69;36854997
Mateo;Romero;Lavalle 2543;Capitan Mendoza;Salta;mateoromero@correo.com;65;23300922
Sofía;Flores;Rivadavia 7868;Palermo;Chaco;sofiaflores@correo.com;35;25143455
Isabella;Herrera;Sarmiento 6051;25 de Mayo;Mendoza;isabellaherrera@correo.com;50;31086609
María;Martínez;Urquiza 5324;Gral. Pico;Chaco;mariamartinez@correo.com;22;12521373
Agustín;Guzmán;Sarmiento 1701;Capitan Mendoza;Buenos Aires;agustinguzman@correo.com;28;31918222
Victoria;Castro;Av. San Martín 9090;La Palta;Buenos Aires;victoriacastro@correo.com;57;19300972
Javier;López;Av. San Martín 5939;San Martin;Chaco;javierlopez@correo.com;50;19815417
Ezequiel;Molina;Urquiza 2959;La Palta;Entre Ríos;ezequielmolina@correo.com;67;34758011
Tomas;Álvarez;Mitre 5799;San Miguel;Chaco;tomasalvarez@correo.com;32;45953828
Gabriel;Castro;Lavalle 8906;San Miguel;Santa Fe;gabrielcastro@correo.com;22;40463687
Javier;Castro;Belgrano 7426;San Martin;Neuquén;javiercastro@correo.com;83;46243489
Ana;Ruiz;Av. de Mayo 8197;Palermo;Córdoba;anaruiz@correo.com;77;17377427
Elena;Sosa;Pueyrredón 1429;La Palta;Buenos Aires;elenasosa@correo.com;80;17604218
Diego;Ruiz;Urquiza 9475;Gral. Pico;Salta;diegoruiz@correo.com;73;45805688
Ezequiel;Rojas;Urquiza 2259;Capitan Mendoza;Buenos Aires;ezequielrojas@correo.com;65;30184810
Carlos;Benítez;Lavalle 4904;9 de Julio;Buenos Aires;carlosbenitez@correo.com;20;38967414
Abril;Ramírez;Av. de Mayo 6067;La Palta;Mendoza;abrilramirez@correo.com;32;42150118
Ana;González;Pueyrredón 7151;Rosario de la Cruz;Córdoba;anagonzalez@correo.com;36;42471808
Paula;Peralta;Sarmiento 3629;Capitan Mendoza;Tucumán;paulaperalta@correo.com;66;37464925
Ana;Sánchez;Lavalle 3714;Rosario de la Cruz;Mendoza;anasanchez@correo.com;67;27897651
Mateo;López;Lavalle 2606;La Palta;Neuquén;mateolopez@correo.com;33;23778750
Natalia;Giménez;Sarmiento 5748;La Palta;Córdoba;nataliagimenez@correo.com;84;19894606
Victoria;Rodríguez;Av. de Mayo 423;Palermo;Salta;victoriarodriguez@correo.com;46;37828078
Lucía;Castro;Lavalle 2056;Rosario de la Cruz;Entre Ríos;luciacastro@correo.com;28;36802240
Santiago;Aguirre;Av. de Mayo 4696;Capitan Mendoza;Neuquén;santiagoaguirre@correo.com;73;13459295
Luis;Acosta;Pueyrredón 446;Rosario de la Cruz;Neuquén;luisacosta@correo.com;69;13821803
Agustín;Rojas;Lavalle 5023;Palermo;Santa Fe;agustinrojas@correo.com;72;11428540
Diego;Díaz;Rivadavia 2273;San Miguel;Mendoza;diegodiaz@correo.com;41;17958655
Ana;López;Mitre 1993;San Martin;Mendoza;analopez@correo.com;72;33912106
María;Torres;Sarmiento 1750;Gral. Pico;Neuquén;mariatorres@correo.com;67;44783103
Natalia;Molina;Mitre 9224;Inmaculada Concepcion;Tucumán;nataliamolina@correo.com;83;46538706
Martina;Herrera;Lavalle 584;Capitan Mendoza;Neuquén;martinaherrera@correo.com;78;35486928
Camila;Díaz;Urquiza 3622;Gral. Pico;Salta;camiladiaz@correo.com;82;19648926
Luis;Aguirre;Lavalle 228;Gral. Pico;Tucumán;luisaguirre@correo.com;59;34544609
Joaquín;Pérez;Sarmiento 9173;25 de Mayo;Buenos Aires;joaquinperez@correo.com;30;32029632
Agustín;García;Pueyrredón 9077;Capitan Mendoza;Buenos Aires;agustingarcia@correo.com;63;29360288
Tomas;Díaz;Mitre 4430;9 de Julio;Misiones;tomasdiaz@correo.com;64;11712843
Valeria;Ruiz;Urquiza 2903;La Palta;Córdoba;valeriaruiz@correo.com;36;44565160
María;Vidal;Sarmiento 6380;Palermo;Neuquén;mariavidal@correo.com;78;29390437
Javier;García;Sarmiento 8591;9 de Julio;Córdoba;javiergarcia@correo.com;61;14975978
Gabriel;Acosta;Sarmiento 1130;Rosario de la Cruz;Córdoba;gabrielacosta@correo.com;62;19372777
Sara;García;Belgrano 1900;Rosario de la Cruz;Santa Fe;saragarcia@correo.com;30;27731362
Sofía;Ramírez;Av. de Mayo 256;Inmaculada Concepcion;Córdoba;sofiaramirez@correo.com;69;15986579
Sara;Gómez;Av. de Mayo 6189;Rosario de la Cruz;Buenos Aires;saragomez@correo.com;39;26582948
Carlos;Rojas;Av. de Mayo 1844;San Miguel;Neuquén;carlosrojas@correo.com;81;17783953
Luis;Sosa;Urquiza 8166;Inmaculada Concepcion;Misiones;luissosa@correo.com;51;39233327
María;Gómez;Lavalle 180;Inmaculada Concepcion;Entre Ríos;mariagomez@correo.com;68;41869355
Paula;Medina;Belgrano 6500;Palermo;Buenos Aires;paulamedina@correo.com;30;18213445
Sara;Vidal;Mitre 6271;Rosario de la Cruz;Santa Fe;saravidal@correo.com;50;23994571
Natalia;Pérez;Sarmiento 2187;Gral. Pico;Santa Fe;nataliaperez@correo.com;73;16081099
Lucas;Romero;Sarmiento 4934;Gral. Pico;Tucumán;lucasromero@correo.com;50;32350937
Mateo;Peralta;Alvear 6676;Rosario de la Cruz;Santa Fe;mateoperalta@correo.com;79;25365122
Ana;Silva;Lavalle 2711;25 de Mayo;Entre Ríos;anasilva@correo.com;50;38487617
Lucas;Benítez;Sarmiento 3845;Capitan Mendoza;Misiones;lucasbenitez@correo.com;33;25598280
Sofía;Herrera;Urquiza 2000;Capitan Mendoza;Santa Fe;sofiaherrera@correo.com;33;23219188
Gabriel;Ruiz;Lavalle 4931;La Palta;Buenos Aires;gabrielruiz@correo.com;24;32988082
Lucía;Castro;Alvear 6635;Rosario de la Cruz;Tucumán;luciacastro@correo.com;82;11647839
Paula;Álvarez;Sarmiento 5806;San Martin;Chaco;paulaalvarez@correo.com;37;44079580
Natalia;Flores;Av. San Martín 4596;Inmaculada Concepcion;Neuquén;nataliaflores@correo.com;63;44053655
Joaquín;Rodríguez;Alvear 2300;Inmaculada Concepcion;Chaco;joaquinrodriguez@correo.com;23;30956165
Sofía;Rodríguez;Pueyrredón 3271;25 de Mayo;Neuquén;sofiarodriguez@correo.com;64;35439858
Sara;Medina;Mitre 5079;Gral. Pico;Santa Fe;saramedina@correo.com;48;11377075
Luis;González;Av. de Mayo 2882;Rosario de la Cruz;Buenos Aires;luisgonzalez@correo.com;61;41954380
Victoria;Romero;Urquiza 5219;9 de Julio;Entre Ríos;victoriaromero@correo.com;59;23540928
Lucía;Ramírez;Belgrano 5554;Inmaculada Concepcion;Buenos Aires;luciaramirez@correo.com;40;34418598
Sara;Acosta;Belgrano 6056;La Palta;Santa Fe;saraacosta@correo.com;22;46313489
Isabella;Gómez;Alvear 1887;25 de Mayo;Tucumán;isabellagomez@correo.com;65;18418029
Abril;Díaz;Mitre 3415;9 de Julio;Córdoba;abrildiaz@correo.com;34;38330703
María;Vidal;Pueyrredón 5945;25 de Mayo;Buenos Aires;mariavidal@correo.com;61;37367177
Agustín;García;Mitre 3831;25 de Mayo;Neuquén;agustingarcia@correo.com;59;15785143
Diego;Torres;Av. de Mayo 390;Inmaculada Concepcion;Córdoba;diegotorres@correo.com;38;33980016
Victoria;Ramírez;Sarmiento 1879;Inmaculada Concepcion;Córdoba;victoriaramirez@correo.com;31;36167287
Abril;Castro;Pueyrredón 6291;9 de Julio;Neuquén;abrilcastro@correo.com;51;37569134
Santiago;Ruiz;Mitre 8941;Capitan Mendoza;Santa Fe;santiagoruiz@correo.com;20;15360748
Santiago;Fernández;Av. San Martín 3272;Inmaculada Concepcion;Mendoza;santiagofernandez@correo.com;70;31181242
Nicolás;Sosa;Sarmiento 2028;Rosario de la Cruz;Tucumán;nicolassosa@correo.com;44;17270377
Mateo;Giménez;Alvear 4284;Palermo;Neuquén;mateogimenez@correo.com;54;30036006
Lucas;Sánchez;Lavalle 777;Gral. Pico;Córdoba;lucassanchez@correo.com;40;27643393
Luis;Sánchez;Rivadavia 2426;La Palta;Entre Ríos;luissanchez@correo.com;57;12771018
Tomas;Álvarez;Belgrano 7814;Palermo;Misiones;tomasalvarez@correo.com;29;46110627
Martina;Martínez;Alvear 8286;25 de Mayo;Salta;martinamartinez@correo.com;21;27494588
Valeria;Díaz;Mitre 9387;San Martin;Córdoba;valeriadiaz@correo.com;42;45515509
Elena;Díaz;Lavalle 9712;Gral. Pico;Chaco;elenadiaz@correo.com;74;20772885
Ana;Vidal;Lavalle 4032;San Miguel;Santa Fe;anavidal@correo.com;26;47598523
Ignacio;Aguirre;Mitre 9415;Inmaculada Concepcion;Salta;ignacioaguirre@correo.com;21;43076328
Ignacio;Flores;Urquiza 6961;Rosario de la Cruz;Entre Ríos;ignacioflores@correo.com;67;29525770
Diego;Medina;Pueyrredón 9021;Capitan Mendoza;Córdoba;diegomedina@correo.com;62;11451817
Diego;Medina;Urquiza 1410;Gral. Pico;Neuquén;diegomedina@correo.com;39;41712946
Martina;Díaz;Alvear 725;Rosario de la Cruz;Córdoba;martinadiaz@correo.com;42;18390371
Javier;González;Av. de Mayo 9204;Palermo;Misiones;javiergonzalez@correo.com;49;35692399
Sofía;Sánchez;Belgrano 5827;Palermo;Mendoza;sofiasanchez@correo.com;52;29999644
Gabriel;Romero;Alvear 5676;San Martin;Entre Ríos;gabrielromero@correo.com;64;35366238
Diego;Sánchez;Mitre 4633;Palermo;Chaco;diegosanchez@correo.com;65;17295965
Ignacio;Álvarez;Pueyrredón 5674;25 de Mayo;Mendoza;ignacioalvarez@correo.com;22;23830108
Daniela;Molina;Sarmiento 5152;Gral. Pico;Buenos Aires;danielamolina@correo.com;60;19930056
Victoria;Díaz;Mitre 7896;Palermo;Córdoba;victoriadiaz@correo.com;69;17696504
Luis;Rojas;Rivadavia 2166;25 de Mayo;Entre Ríos;luisrojas@correo.com;69;33980124
Carlos;Díaz;Belgrano 7514;San Martin;Chaco;carlosdiaz@correo.com;27;13378486
Tomas;Álvarez;Mitre 5275;25 de Mayo;Chaco;tomasalvarez@correo.com;59;31391018
Natalia;Flores;Av. de Mayo 515;Palermo;Tucumán;nataliaflores@correo.com;41;15222440
Gonzalo;Álvarez;Belgrano 6227;San Martin;Chaco;gonzaloalvarez@correo.com;65;39270812
Elena;Díaz;Lavalle 1569;Capitan Mendoza;Mendoza;elenadiaz@correo.com;50;33440943
Javier;Martínez;Belgrano 192;San Miguel;Entre Ríos;javiermartinez@correo.com;83;13474545
Daniela;Martínez;Belgrano 6027;San Martin;Buenos Aires;danielamartinez@correo.com;66;31486614
Diego;Castro;Sarmiento 9804;San Martin;Entre Ríos;diegocastro@correo.com;29;22801811
Natalia;Ramírez;Pueyrredón 8299;9 de Julio;Neuquén;nataliaramirez@correo.com;81;33892708
María;Peralta;Av. San Martín 2205;Capitan Mendoza;Entre Ríos;mariaperalta@correo.com;76;31164637
Carlos;González;Sarmiento 1812;Rosario de la Cruz;Tucumán;carlosgonzalez@correo.com;29;44936437
Martina;Guzmán;Lavalle 7991;Gral. Pico;Chaco;martinaguzman@correo.com;75;14768031
Gabriel;Vidal;Alvear 5544;La Palta;Santa Fe;gabrielvidal@correo.com;46;25097852
Valeria;Gómez;Av. de Mayo 8539;Gral. Pico;Mendoza;valeriagomez@correo.com;55;15387662
Santiago;Díaz;Mitre 6818;Gral. Pico;Córdoba;santiagodiaz@correo.com;29;19905970
Mateo;Acosta;Mitre 3823;25 de Mayo;Tucumán;mateoacosta@correo.com;33;33819986
Martina;Molina;Alvear 9880;Gral. Pico;Mendoza;martinamolina@correo.com;20;43863646
Victoria;Peralta;Urquiza 451;9 de Julio;Neuquén;victoriaperalta@correo.com;75;29310371
Lucía;González;Lavalle 8801;Capitan Mendoza;Chaco;luciagonzalez@correo.com;51;44183173
Victoria;López;Mitre 5560;9 de Julio;Buenos Aires;victorialopez@correo.com;75;41645456
Lucas;Sosa;Urquiza 640;Rosario de la Cruz;Mendoza;lucassosa@correo.com;43;28604604
Tomas;Pérez;Av. San Martín 6836;9 de Julio;Salta;tomasperez@correo.com;57;27917451
Luis;Torres;Rivadavia 8297;Gral. Pico;Santa Fe;luistorres@correo.com;31;31187238
Luis;Peralta;Av. San Martín 3850;San Miguel;Córdoba;luisperalta@correo.com;50;44841285
Ana;Peralta;Urquiza 3951;Capitan Mendoza;Misiones;anaperalta@correo.com;76;14291028
Joaquín;Acosta;Lavalle 4556;San Miguel;Buenos Aires;joaquinacosta@correo.com;62;18054085
Elena;Castro;Lavalle 9730;Palermo;Chaco;elenacastro@correo.com;73;25455580
Mateo;Díaz;Alvear 7105;Inmaculada Concepcion;Entre Ríos;mateodiaz@correo.com;76;27215607
Martina;Herrera;Av. de Mayo 5300;La Palta;Neuquén;martinaherrera@correo.com;51;17445333
Ezequiel;Pérez;Belgrano 1970;9 de Julio;Mendoza;ezequielperez@correo.com;61;29036300
Isabella;Molina;Urquiza 9869;San Martin;Buenos Aires;isabellamolina@correo.com;63;24683002
Joaquín;Benítez;Mitre 9028;25 de Mayo;Mendoza;joaquinbenitez@correo.com;53;32862184
Diego;Peralta;Belgrano 9326;La Palta;Mendoza;diegoperalta@correo.com;69;27055182
Santiago;Aguirre;Sarmiento 2837;Inmaculada Concepcion;Córdoba;santiagoaguirre@correo.com;33;27734336
Abril;Giménez;Lavalle 6620;Gral. Pico;Entre Ríos;abrilgimenez@correo.com;63;36643018
Tomas;Benítez;Belgrano 1599;Capitan Mendoza;Misiones;tomasbenitez@correo.com;24;18573707
Natalia;Ramírez;Rivadavia 4056;Inmaculada Concepcion;Mendoza;nataliaramirez@correo.com;66;36703186
Paula;Silva;Av. San Martín 6940;Capitan Mendoza;Chaco;paulasilva@correo.com;23;47044039
Diego;Romero;Urquiza 1442;San Miguel;Neuquén;diegoromero@correo.com;22;30712882
Ignacio;Molina;Av. de Mayo 4618;Palermo;Santa Fe;ignaciomolina@correo.com;29;21276359
Natalia;Torres;Rivadavia 2327;Gral. Pico;Salta;nataliatorres@correo.com;43;26186502
Victoria;García;Sarmiento 9443;25 de Mayo;Santa Fe;victoriagarcia@correo.com;82;11170858
Carlos;Martínez;Sarmiento 6324;Capitan Mendoza;Misiones;carlosmartinez@correo.com;47;19942371
Javier;Pérez;Pueyrredón 5769;Gral. Pico;Córdoba;javierperez@correo.com;50;28953138
Elena;López;Av. San Martín 3753;Inmaculada Concepcion;Neuquén;elenalopez@correo.com;21;42759713
Agustín;Martínez;Alvear 9779;Rosario de la Cruz;Entre Ríos;agustinmartinez@correo.com;34;30763558
Gonzalo;Giménez;Av. San Martín 4710;Gral. Pico;Salta;gonzalogimenez@correo.com;52;20633265
Nicolás;Álvarez;Mitre 8471;25 de Mayo;Chaco;nicolasalvarez@correo.com;68;45780492
Paula;Torres;Sarmiento 357;Capitan Mendoza;Chaco;paulatorres@correo.com;43;31248655
Valeria;Giménez;Rivadavia 4722;Palermo;Misiones;valeriagimenez@correo.com;41;28570250
Victoria;Acosta;Pueyrredón 4481;Capitan Mendoza;Chaco;victoriaacosta@correo.com;70;43346703
Lucía;López;Lavalle 4832;San Miguel;Chaco;lucialopez@correo.com;65;13134183
María;Ruiz;Mitre 6416;Gral. Pico;Chaco;mariaruiz@correo.com;79;37199275
Abril;Torres;Av. San Martín 956;Rosario de la Cruz;Santa Fe;abriltorres@correo.com;69;17954859
Gonzalo;González;Alvear 8903;San Martin;Entre Ríos;gonzalogonzalez@correo.com;21;30727365
Ezequiel;Ruiz;Lavalle 5082;San Martin;Tucumán;ezequielruiz@correo.com;37;28186730
Javier;López;Mitre 9239;Capitan Mendoza;Salta;javierlopez@correo.com;59;16317633
Elena;López;Av. San Martín 7592;San Miguel;Misiones;elenalopez@correo.com;71;43574631
Diego;Díaz;Alvear 8526;Capitan Mendoza;Chaco;diegodiaz@correo.com;57;40211251
Santiago;Ruiz;Pueyrredón 1164;San Miguel;Chaco;santiagoruiz@correo.com;37;20266979
Camila;Rodríguez;Mitre 4085;La Palta;Misiones;camilarodriguez@correo.com;59;15636994
Natalia;Guzmán;Sarmiento 4594;Gral. Pico;Salta;nataliaguzman@correo.com;82;46365941
Ignacio;Sosa;Mitre 8191;San Martin;Córdoba;ignaciososa@correo.com;38;27582557
Daniela;Sosa;Alvear 3150;San Martin;Mendoza;danielasosa@correo.com;49;11666924
Santiago;Ruiz;Pueyrredón 6918;Capitan Mendoza;Misiones;santiagoruiz@correo.com;48;34194030
Ezequiel;Molina;Mitre 1321;Rosario de la Cruz;Mendoza;ezequielmolina@correo.com;34;12029442
Abril;González;Belgrano 1692;Inmaculada Concepcion;Neuquén;abrilgonzalez@correo.com;56;24464318
Javier;Acosta;Sarmiento 3060;Rosario de la Cruz;Tucumán;javieracosta@correo.com;26;26585950
Ezequiel;Acosta;Av. San Martín 3045;9 de Julio;Salta;ezequielacosta@correo.com;63;40458415
Isabella;Flores;Pueyrredón 3876;Inmaculada Concepcion;Buenos Aires;isabellaflores@correo.com;77;33443012
Elena;Vidal;Lavalle 2731;Palermo;Salta;elenavidal@correo.com;43;29704589
Ana;González;Mitre 2210;La Palta;Córdoba;anagonzalez@correo.com;50;39785379
María;Díaz;Av. San Martín 6401;San Miguel;Mendoza;mariadiaz@correo.com;63;23075969
Santiago;Guzmán;Rivadavia 9942;Rosario de la Cruz;Chaco;santiagoguzman@correo.com;76;19146165
Lucas;Martínez;Urquiza 9777;San Martin;Santa Fe;lucasmartinez@correo.com;36;28760335
Javier;Díaz;Urquiza 4373;San Martin;Entre Ríos;javierdiaz@correo.com;69;44034242
María;Álvarez;Pueyrredón 7036;25 de Mayo;Neuquén;mariaalvarez@correo.com;38;31286340
Martina;Flores;Pueyrredón 3920;9 de Julio;Mendoza;martinaflores@correo.com;64;20245256
Sofía;Martínez;Av. San Martín 4283;La Palta;Tucumán;sofiamartinez@correo.com;65;36998358
Nicolás;García;Urquiza 9113;Palermo;Tucumán;nicolasgarcia@correo.com;53;33938856
Isabella;Flores;Pueyrredón 4639;25 de Mayo;Misiones;isabellaflores@correo.com;25;44139713
Ana;Rodríguez;Pueyrredón 649;San Martin;Santa Fe;anarodriguez@correo.com;53;38606991
Diego;Castro;Sarmiento 909;Palermo;Entre Ríos;diegocastro@correo.com;53;14078196
Camila;Aguirre;Lavalle 8914;Capitan Mendoza;Buenos Aires;camilaaguirre@correo.com;55;42730338
Isabella;Romero;Rivadavia 3505;Inmaculada Concepcion;Salta;isabellaromero@correo.com;78;46387016
Ignacio;González;Rivadavia 6816;Inmaculada Concepcion;Neuquén;ignaciogonzalez@correo.com;73;33271728
Javier;Medina;Rivadavia 9525;San Miguel;Misiones;javiermedina@correo.com;25;20489015
Santiago;Castro;Belgrano 7254;Palermo;Chaco;santiagocastro@correo.com;18;42890545
Ana;Pérez;Pueyrredón 2775;La Palta;Neuquén;anaperez@correo.com;24;37977179
Abril;Molina;Sarmiento 5907;25 de Mayo;Neuquén;abrilmolina@correo.com;61;29816302
Agustín;Gómez;Sarmiento 7483;Palermo;Santa Fe;agustingomez@correo.com;57;37885647
Carlos;Giménez;Sarmiento 5610;Gral. Pico;Mendoza;carlosgimenez@correo.com;48;14727244
Lucas;Díaz;Pueyrredón 9455;Capitan Mendoza;Misiones;lucasdiaz@correo.com;29;47373993
Carlos;Aguirre;Lavalle 7760;9 de Julio;Chaco;carlosaguirre@correo.com;43;34480089
Santiago;Flores;Rivadavia 8543;Gral. Pico;Entre Ríos;santiagoflores@correo.com;64;35807537
Abril;Medina;Sarmiento 845;9 de Julio;Chaco;abrilmedina@correo.com;38;29359656
Natalia;Pérez;Av. San Martín 4350;Gral. Pico;Córdoba;nataliaperez@correo.com;78;13282523
Elena;González;Av. de Mayo 7025;Inmaculada Concepcion;Mendoza;elenagonzalez@correo.com;34;35805611
Gabriel;Rodríguez;Lavalle 2923;Rosario de la Cruz;Córdoba;gabrielrodriguez@correo.com;62;14737621
Gabriel;Sánchez;Mitre 4962;Inmaculada Concepcion;Córdoba;gabrielsanchez@correo.com;67;26805527
Luis;Torres;Urquiza 2305;25 de Mayo;Córdoba;luistorres@correo.com;83;47926962
Lucía;Silva;Belgrano 3307;La Palta;Córdoba;luciasilva@correo.com;44;30838442
Lucas;Benítez;Av. San Martín 8484;Inmaculada Concepcion;Neuquén;lucasbenitez@correo.com;63;25462775
Daniela;Ruiz;Lavalle 86;25 de Mayo;Entre Ríos;danielaruiz@correo.com;52;11035937
Valeria;Molina;Av. San Martín 7808;San Martin;Buenos Aires;valeriamolina@correo.com;68;14017888
Luis;Benítez;Av. San Martín 5655;9 de Julio;Mendoza;luisbenitez@correo.com;20;27711897
Tomas;Benítez;Rivadavia 2084;Palermo;Neuquén;tomasbenitez@correo.com;70;11767945
Victoria;Ruiz;Mitre 779;Palermo;Misiones;victoriaruiz@correo.com;52;42611876
Joaquín;Fernández;Sarmiento 1300;Palermo;Salta;joaquinfernandez@correo.com;50;23464170
Nicolás;Guzmán;Av. de Mayo 1005;Rosario de la Cruz;Misiones;nicolasguzman@correo.com;40;11054047
María;Fernández;Av. de Mayo 7076;San Martin;Tucumán;mariafernandez@correo.com;74;46185311
Natalia;Torres;Lavalle 6615;Capitan Mendoza;Salta;nataliatorres@correo.com;36;34177139
Valeria;Vidal;Av. de Mayo 5018;Inmaculada Concepcion;Misiones;valeriavidal@correo.com;76;46914882
Joaquín;Medina;Lavalle 8191;9 de Julio;Tucumán;joaquinmedina@correo.com;75;37534380
Natalia;Castro;Pueyrredón 2640;25 de Mayo;Entre Ríos;nataliacastro@correo.com;59;21651224
Gonzalo;Álvarez;Rivadavia 1665;Capitan Mendoza;Santa Fe;gonzaloalvarez@correo.com;23;42056823
Carlos;González;Lavalle 6113;Palermo;Buenos Aires;carlosgonzalez@correo.com;36;37379592
Sofía;Sosa;Av. de Mayo 583;Gral. Pico;Mendoza;sofiasosa@correo.com;25;47088655
Javier;Álvarez;Lavalle 6724;San Miguel;Neuquén;javieralvarez@correo.com;61;26677530
Sofía;Castro;Alvear 4040;9 de Julio;Entre Ríos;sofiacastro@correo.com;36;22398905
Ignacio;Sánchez;Lavalle 8979;La Palta;Neuquén;ignaciosanchez@correo.com;62;29767279
Tomas;González;Av. San Martín 1982;9 de Julio;Salta;tomasgonzalez@correo.com;71;35436036
Luis;Peralta;Urquiza 9695;San Miguel;Córdoba;luisperalta@correo.com;78;46010247
Camila;Herrera;Urquiza 8830;Rosario de la Cruz;Chaco;camilaherrera@correo.com;72;41419476
Gonzalo;Silva;Av. de Mayo 2918;San Martin;Salta;gonzalosilva@correo.com;69;30189079
Ignacio;Ruiz;Rivadavia 960;Palermo;Santa Fe;ignacioruiz@correo.com;63;37112765
Ignacio;Sánchez;Belgrano 9058;La Palta;Mendoza;ignaciosanchez@correo.com;61;37293499
Luis;Medina;Sarmiento 775;Gral. Pico;Entre Ríos;luismedina@correo.com;58;23803876
Lucía;Flores;Pueyrredón 4930;San Miguel;Buenos Aires;luciaflores@correo.com;30;43872341
Natalia;González;Mitre 8642;San Martin;Buenos Aires;nataliagonzalez@correo.com;75;39981440
Victoria;Sosa;Lavalle 6173;San Martin;Misiones;victoriasosa@correo.com;53;34966981
Ignacio;Herrera;Av. de Mayo 889;Gral. Pico;Santa Fe;ignacioherrera@correo.com;57;26629566
Ignacio;Castro;Alvear 3190;Inmaculada Concepcion;Neuquén;ignaciocastro@correo.com;40;33643245
Valeria;Guzmán;Av. de Mayo 6434;Gral. Pico;Buenos Aires;valeriaguzman@correo.com;67;15142674
Daniela;Molina;Av. de Mayo 8446;9 de Julio;Santa Fe;danielamolina@correo.com;84;20904049
Ana;Rodríguez;Lavalle 544;Capitan Mendoza;Tucumán;anarodriguez@correo.com;29;27641063
Sofía;Martínez;Urquiza 9648;La Palta;Buenos Aires;sofiamartinez@correo.com;53;13887403
Sara;Aguirre;Mitre 6391;25 de Mayo;Salta;saraaguirre@correo.com;52;22121050
Ignacio;Aguirre;Sarmiento 3667;San Martin;Entre Ríos;ignacioaguirre@correo.com;18;23504252
Carlos;Rodríguez;Rivadavia 9494;25 de Mayo;Buenos Aires;carlosrodriguez@correo.com;67;41477862
Carlos;Giménez;Urquiza 1990;San Miguel;Buenos Aires;carlosgimenez@correo.com;65;36251533
Sara;Rodríguez;Av. de Mayo 1416;Gral. Pico;Entre Ríos;sararodriguez@correo.com;26;15148346
Gabriel;Rodríguez;Lavalle 3893;Rosario de la Cruz;Tucumán;gabrielrodriguez@correo.com;37;40966984
Elena;Gómez;Mitre 8418;25 de Mayo;Chaco;elenagomez@correo.com;68;13534083
Santiago;Molina;Mitre 3526;Gral. Pico;Entre Ríos;santiagomolina@correo.com;67;40622373
Camila;Guzmán;Pueyrredón 2368;25 de Mayo;Santa Fe;camilaguzman@correo.com;66;37442123
Natalia;Molina;Av. San Martín 1206;Inmaculada Concepcion;Santa Fe;nataliamolina@correo.com;18;27740163
Joaquín;López;Av. San Martín 6814;San Miguel;Salta;joaquinlopez@correo.com;52;27088855
Isabella;Medina;Av. San Martín 6925;9 de Julio;Buenos Aires;isabellamedina@correo.com;34;18503998
Luis;Vidal;Belgrano 5838;Rosario de la Cruz;Tucumán;luisvidal@correo.com;24;16385738
Gonzalo;Romero;Belgrano 5390;9 de Julio;Tucumán;gonzaloromero@correo.com;84;17397033
Lucas;Rodríguez;Av. San Martín 9844;Palermo;Chaco;lucasrodriguez@correo.com;72;34799354
Elena;Silva;Alvear 4025;San Martin;Salta;elenasilva@correo.com;31;45463691
Sara;Guzmán;Pueyrredón 140;9 de Julio;Tucumán;saraguzman@correo.com;18;27727881
Isabella;Medina;Alvear 7193;La Palta;Tucumán;isabellamedina@correo.com;72;45952999
Camila;Herrera;Sarmiento 724;Rosario de la Cruz;Mendoza;camilaherrera@correo.com;27;45425530
Paula;Peralta;Belgrano 6938;San Martin;Salta;paulaperalta@correo.com;71;38087098
Lucía;Fernández;Pueyrredón 7572;Palermo;Chaco;luciafernandez@correo.com;81;37407231
Camila;Fernández;Rivadavia 3307;Inmaculada Concepcion;Neuquén;camilafernandez@correo.com;49;30648966
Tomas;Medina;Mitre 2028;Inmaculada Concepcion;Mendoza;tomasmedina@correo.com;24;29891453
Sofía;González;Pueyrredón 84;San Martin;Chaco;sofiagonzalez@correo.com;39;36335072
Joaquín;Giménez;Av. de Mayo 8575;San Miguel;Salta;joaquingimenez@correo.com;26;26847152
Diego;García;Pueyrredón 6476;Gral. Pico;Chaco;diegogarcia@correo.com;18;14876147
Valeria;Vidal;Av. San Martín 5726;9 de Julio;Misiones;valeriavidal@correo.com;42;39313991
Daniela;Molina;Lavalle 7164;San Martin;Misiones;danielamolina@correo.com;68;46313449
Tomas;Herrera;Belgrano 419;Rosario de la Cruz;Entre Ríos;tomasherrera@correo.com;73;38637463
Luis;González;Lavalle 6000;Rosario de la Cruz;Misiones;luisgonzalez@correo.com;26;46181517
Sara;Silva;Sarmiento 7984;Gral. Pico;Salta;sarasilva@correo.com;45;30134117
Abril;Castro;Belgrano 3069;San Miguel;Chaco;abrilcastro@correo.com;38;41730598
Victoria;Rojas;Mitre 7740;La Palta;Entre Ríos;victoriarojas@correo.com;72;31903761
Lucía;Guzmán;Av. de Mayo 9161;Rosario de la Cruz;Buenos Aires;luciaguzman@correo.com;47;40630539
Ezequiel;Ruiz;Belgrano 9366;Gral. Pico;Córdoba;ezequielruiz@correo.com;77;44940855
Paula;Sosa;Lavalle 5100;Gral. Pico;Córdoba;paulasosa@correo.com;41;16289166
Ignacio;Molina;Rivadavia 9231;San Martin;Tucumán;ignaciomolina@correo.com;37;35800648
Martina;Silva;Pueyrredón 6983;9 de Julio;Chaco;martinasilva@correo.com;54;20756124
Ana;Rojas;Av. de Mayo 6288;Rosario de la Cruz;Neuquén;anarojas@correo.com;40;47094222
Sofía;Álvarez;Mitre 8451;San Miguel;Salta;sofiaalvarez@correo.com;65;20470951
Martina;García;Belgrano 4814;25 de Mayo;Tucumán;martinagarcia@correo.com;77;30914433
Santiago;Díaz;Sarmiento 7848;9 de Julio;Entre Ríos;santiagodiaz@correo.com;74;42945393
Camila;Álvarez;Av. San Martín 2909;Capitan Mendoza;Tucumán;camilaalvarez@correo.com;53;16132125
Paula;Torres;Sarmiento 6522;25 de Mayo;Entre Ríos;paulatorres@correo.com;20;22815003
Isabella;Sánchez;Rivadavia 871;Inmaculada Concepcion;Mendoza;isabellasanchez@correo.com;66;11378569
Javier;Martínez;Urquiza 8391;Palermo;Buenos Aires;javiermartinez@correo.com;29;28256656
Valeria;Gómez;Mitre 2866;San Martin;Entre Ríos;valeriagomez@correo.com;42;32422215
Luis;García;Mitre 7555;9 de Julio;Mendoza;luisgarcia@correo.com;78;43054969
María;Castro;Av. San Martín 9696;25 de Mayo;Chaco;mariacastro@correo.com;33;47281100
Santiago;Martínez;Mitre 1927;San Martin;Mendoza;santiagomartinez@correo.com;52;34884694
Valeria;Flores;Av. de Mayo 6094;La Palta;Neuquén;valeriaflores@correo.com;28;22715902
Daniela;Díaz;Lavalle 1682;Capitan Mendoza;Tucumán;danieladiaz@correo.com;65;31912189
Diego;Guzmán;Mitre 3096;San Martin;Tucumán;diegoguzman@correo.com;22;29520466
Victoria;Herrera;Urquiza 2875;Gral. Pico;Misiones;victoriaherrera@correo.com;74;30956786
Carlos;Acosta;Rivadavia 4599;Capitan Mendoza;Buenos Aires;carlosacosta@correo.com;61;12183089
Sara;Gómez;Sarmiento 5145;Inmaculada Concepcion;Buenos Aires;saragomez@correo.com;61;18116360
Gabriel;Medina;Pueyrredón 4524;La Palta;Tucumán;gabrielmedina@correo.com;56;34412385
Gabriel;Sánchez;Alvear 4044;9 de Julio;Córdoba;gabrielsanchez@correo.com;53;21322061
Luis;Martínez;Av. de Mayo 3698;San Martin;Mendoza;luismartinez@correo.com;81;12014197
Carlos;Herrera;Av. San Martín 4119;Inmaculada Concepcion;Buenos Aires;carlosherrera@correo.com;57;42101116
Sofía;Acosta;Rivadavia 837;Capitan Mendoza;Entre Ríos;sofiaacosta@correo.com;48;17157542
Luis;Peralta;Rivadavia 1938;San Martin;Entre Ríos;luisperalta@correo.com;65;16228436
Diego;Torres;Lavalle 1459;Rosario de la Cruz;Santa Fe;diegotorres@correo.com;24;14728131
Elena;Molina;Pueyrredón 1112;La Palta;Chaco;elenamolina@correo.com;18;18010074
Daniela;Silva;Rivadavia 1378;La Palta;Córdoba;danielasilva@correo.com;64;31680345
Abril;Acosta;Av. San Martín 6068;Gral. Pico;Chaco;abrilacosta@correo.com;40;25927594
Martina;Molina;Lavalle 5371;Rosario de la Cruz;Salta;martinamolina@correo.com;50;18822216
Carlos;Acosta;Mitre 1365;San Miguel;Córdoba;carlosacosta@correo.com;79;41587185
Abril;Medina;Urquiza 2914;San Miguel;Santa Fe;abrilmedina@correo.com;63;36237409
Abril;Aguirre;Alvear 5191;San Martin;Misiones;abrilaguirre@correo.com;29;20036115
Paula;Vidal;Mitre 2129;9 de Julio;Neuquén;paulavidal@correo.com;19;16596108
Isabella;García;Urquiza 3758;Palermo;Neuquén;isabellagarcia@correo.com;23;26821924
Santiago;Peralta;Av. de Mayo 7212;La Palta;Buenos Aires;santiagoperalta@correo.com;21;12651959
Ezequiel;Díaz;Pueyrredón 5469;San Martin;Chaco;ezequieldiaz@correo.com;66;41223683
Natalia;Benítez;Rivadavia 6741;Capitan Mendoza;Santa Fe;nataliabenitez@correo.com;69;46085257
Luis;Molina;Sarmiento 77;Palermo;Córdoba;luismolina@correo.com;38;21879735
Daniela;Álvarez;Sarmiento 1451;Gral. Pico;Entre Ríos;danielaalvarez@correo.com;79;22489497
Daniela;López;Alvear 7936;9 de Julio;Buenos Aires;danielalopez@correo.com;24;13262742
Agustín;Ruiz;Sarmiento 1944;La Palta;Chaco;agustinruiz@correo.com;30;36378759
Gabriel;Guzmán;Alvear 8300;San Martin;Mendoza;gabrielguzman@correo.com;53;23934234
Martina;Rojas;Sarmiento 7376;Inmaculada Concepcion;Mendoza;martinarojas@correo.com;52;27200931
Natalia;Aguirre;Av. San Martín 5160;San Miguel;Córdoba;nataliaaguirre@correo.com;74;40474156
Sara;González;Rivadavia 9674;Palermo;Chaco;saragonzalez@correo.com;66;30588987
Martina;Giménez;Av. San Martín 1719;Rosario de la Cruz;Salta;martinagimenez@correo.com;61;13250611
Agustín;Ramírez;Sarmiento 6668;Capitan Mendoza;Mendoza;agustinramirez@correo.com;59;28911359
Sofía;Rodríguez;Belgrano 6496;Inmaculada Concepcion;Misiones;sofiarodriguez@correo.com;68;39279699
Ana;Álvarez;Urquiza 5726;Palermo;Tucumán;anaalvarez@correo.com;39;46339370
Carlos;Molina;Rivadavia 7388;Palermo;Chaco;carlosmolina@correo.com;39;38337344
Abril;Gómez;Alvear 9649;Palermo;Córdoba;abrilgomez@correo.com;79;22570673
Gonzalo;Molina;Av. de Mayo 4341;Gral. Pico;Neuquén;gonzalomolina@correo.com;23;44982136
Nicolás;Silva;Av. San Martín 4677;Inmaculada Concepcion;Misiones;nicolassilva@correo.com;64;40196001
Victoria;Sosa;Rivadavia 3263;Capitan Mendoza;Chaco;victoriasosa@correo.com;84;25487948
Valeria;Fernández;Sarmiento 1523;San Miguel;Córdoba;valeriafernandez@correo.com;41;36789451
Mateo;González;Lavalle 7272;San Martin;Buenos Aires;mateogonzalez@correo.com;77;37168829
Abril;Flores;Av. San Martín 5606;9 de Julio;Entre Ríos;abrilflores@correo.com;42;12231349
Lucas;Castro;Sarmiento 7616;25 de Mayo;Buenos Aires;lucascastro@correo.com;20;15877092
Javier;García;Av. San Martín 1028;Inmaculada Concepcion;Tucumán;javiergarcia@correo.com;26;27606725
Paula;Molina;Rivadavia 1865;25 de Mayo;Chaco;paulamolina@correo.com;45;21529230
Agustín;Herrera;Mitre 5212;9 de Julio;Buenos Aires;agustinherrera@correo.com;35;29585474
Carlos;Romero;Sarmiento 4275;Rosario de la Cruz;Neuquén;carlosromero@correo.com;73;32198177
Victoria;Rojas;Rivadavia 5831;La Palta;Misiones;victoriarojas@correo.com;68;20537748
Natalia;Medina;Av. San Martín 1948;Capitan Mendoza;Mendoza;nataliamedina@correo.com;52;31444592
Abril;Acosta;Rivadavia 6570;9 de Julio;Córdoba;abrilacosta@correo.com;43;32065387
Nicolás;Rodríguez;Rivadavia 8328;Rosario de la Cruz;Entre Ríos;nicolasrodriguez@correo.com;23;41254223
Camila;Fernández;Pueyrredón 3665;Rosario de la Cruz;Buenos Aires;camilafernandez@correo.com;41;27559903
Ezequiel;Molina;Alvear 473;San Miguel;Buenos Aires;ezequielmolina@correo.com;42;11868490
Natalia;García;Urquiza 8872;Gral. Pico;Tucumán;nataliagarcia@correo.com;51;18096340
Ezequiel;Romero;Mitre 7585;La Palta;Misiones;ezequielromero@correo.com;57;29969561
Javier;Aguirre;Urquiza 9415;Gral. Pico;Mendoza;javieraguirre@correo.com;70;33483394
Elena;Fernández;Sarmiento 9016;Gral. Pico;Chaco;elenafernandez@correo.com;37;28310330
Ezequiel;Sánchez;Rivadavia 132;San Martin;Misiones;ezequielsanchez@correo.com;69;13430714
Mateo;Álvarez;Urquiza 3437;La Palta;Misiones;mateoalvarez@correo.com;76;25990595
Sara;López;Av. de Mayo 2427;9 de Julio;Entre Ríos;saralopez@correo.com;25;40440828
Camila;Guzmán;Belgrano 6259;25 de Mayo;Entre Ríos;camilaguzman@correo.com;38;40509388
Luis;Flores;Lavalle 5769;La Palta;Misiones;luisflores@correo.com;76;11787757
Sofía;Flores;Pueyrredón 2478;25 de Mayo;Chaco;sofiaflores@correo.com;48;43451586
Gabriel;Torres;Mitre 4174;Palermo;Neuquén;gabrieltorres@correo.com;80;37474090
Santiago;Martínez;Urquiza 4278;Capitan Mendoza;Chaco;santiagomartinez@correo.com;46;29239975
Mateo;Martínez;Sarmiento 8517;Gral. Pico;Córdoba;mateomartinez@correo.com;24;17404136
María;López;Mitre 9491;Inmaculada Concepcion;Salta;marialopez@correo.com;68;13359952
Tomas;Rodríguez;Av. San Martín 2107;Capitan Mendoza;Salta;tomasrodriguez@correo.com;82;43508131
Carlos;González;Pueyrredón 9870;25 de Mayo;Tucumán;carlosgonzalez@correo.com;36;33706170
Elena;Vidal;Av. San Martín 3915;La Palta;Chaco;elenavidal@correo.com;25;27070162
Isabella;Gómez;Lavalle 2528;La Palta;Mendoza;isabellagomez@correo.com;58;46285307
Valeria;Sosa;Rivadavia 4535;25 de Mayo;Salta;valeriasosa@correo.com;26;33183277
Joaquín;Ruiz;Lavalle 2490;Inmaculada Concepcion;Tucumán;joaquinruiz@correo.com;61;22073242
Mateo;Ruiz;Av. de Mayo 3987;25 de Mayo;Mendoza;mateoruiz@correo.com;29;32962952
Sara;Herrera;Sarmiento 3561;Palermo;Córdoba;saraherrera@correo.com;80;44358658
Gonzalo;Rojas;Alvear 1673;Rosario de la Cruz;Chaco;gonzalorojas@correo.com;31;16824526
Paula;Herrera;Alvear 963;Capitan Mendoza;Salta;paulaherrera@correo.com;29;46468945
Carlos;Ruiz;Belgrano 9393;La Palta;Salta;carlosruiz@correo.com;52;26857068
María;Benítez;Sarmiento 8826;San Martin;Mendoza;mariabenitez@correo.com;49;26241787
Camila;Vidal;Mitre 9379;La Palta;Chaco;camilavidal@correo.com;81;14379910
Joaquín;Rojas;Urquiza 4519;San Miguel;Salta;joaquinrojas@correo.com;31;28896650
Sara;Díaz;Av. San Martín 5949;San Miguel;Buenos Aires;saradiaz@correo.com;43;44954391
Gabriel;Peralta;Pueyrredón 2162;Capitan Mendoza;Chaco;gabrielperalta@correo.com;35;46434269
Ignacio;Guzmán;Alvear 6361;San Martin;Santa Fe;ignacioguzman@correo.com;33;42038473
Diego;Pérez;Sarmiento 5420;Palermo;Salta;diegoperez@correo.com;40;37696658
Ana;Ruiz;Av. de Mayo 5577;9 de Julio;Salta;anaruiz@correo.com;60;30901943
Isabella;García;Rivadavia 8487;Inmaculada Concepcion;Entre Ríos;isabellagarcia@correo.com;69;38263184
Camila;Ruiz;Lavalle 2826;Palermo;Buenos Aires;camilaruiz@correo.com;84;46556937
Paula;Vidal;Lavalle 6058;Gral. Pico;Misiones;paulavidal@correo.com;30;26594514
María;Torres;Mitre 5146;25 de Mayo;Chaco;mariatorres@correo.com;28;12057433
Joaquín;Medina;Av. de Mayo 5477;Palermo;Tucumán;joaquinmedina@correo.com;26;12626154
Isabella;Álvarez;Belgrano 7492;La Palta;Buenos Aires;isabellaalvarez@correo.com;45;40453814
Natalia;Ruiz;Pueyrredón 3943;Gral. Pico;Neuquén;nataliaruiz@correo.com;74;44072199
Nicolás;Sánchez;Pueyrredón 112;La Palta;Neuquén;nicolassanchez@correo.com;37;20374867
Camila;López;Rivadavia 2378;Palermo;Córdoba;camilalopez@correo.com;79;46285758
Santiago;López;Belgrano 757;San Miguel;Mendoza;santiagolopez@correo.com;60;26485382
Luis;López;Lavalle 9985;25 de Mayo;Entre Ríos;luislopez@correo.com;44;36754862
Santiago;Rodríguez;Urquiza 3977;Palermo;Mendoza;santiagorodriguez@correo.com;43;41052455
Gonzalo;Ramírez;Lavalle 1779;25 de Mayo;Tucumán;gonzaloramirez@correo.com;68;26293523
Lucas;García;Av. San Martín 7403;La Palta;Entre Ríos;lucasgarcia@correo.com;25;22255993
Mateo;Rodríguez;Sarmiento 9641;Inmaculada Concepcion;Salta;mateorodriguez@correo.com;77;38340980
Santiago;Benítez;Alvear 7852;9 de Julio;Chaco;santiagobenitez@correo.com;71;26769557
Daniela;Gómez;Pueyrredón 1868;Palermo;Neuquén;danielagomez@correo.com;73;25607235
Daniela;Álvarez;Pueyrredón 2647;Gral. Pico;Tucumán;danielaalvarez@correo.com;56;47339893
Lucía;Pérez;Urquiza 7713;Inmaculada Concepcion;Neuquén;luciaperez@correo.com;59;42527586
Victoria;Giménez;Pueyrredón 2839;25 de Mayo;Salta;victoriagimenez@correo.com;60;23357130
Ezequiel;Benítez;Belgrano 6151;9 de Julio;Neuquén;ezequielbenitez@correo.com;51;28076843
Agustín;González;Lavalle 1352;Capitan Mendoza;Mendoza;agustingonzalez@correo.com;74;42309205
Camila;Flores;Sarmiento 2911;9 de Julio;Córdoba;camilaflores@correo.com;33;25615898
Diego;Rodríguez;Av. de Mayo 2389;San Miguel;Entre Ríos;diegorodriguez@correo.com;73;41502587
Isabella;Acosta;Mitre 5865;Rosario de la Cruz;Buenos Aires;isabellaacosta@correo.com;37;25661999
Lucía;Martínez;Pueyrredón 3429;La Palta;Mendoza;luciamartinez@correo.com;29;28056136
Lucía;Peralta;Urquiza 51;Gral. Pico;Córdoba;luciaperalta@correo.com;53;14021754
Isabella;Martínez;Sarmiento 9696;La Palta;Salta;isabellamartinez@correo.com;23;32940779
Ana;Díaz;Av. de Mayo 2568;San Miguel;Mendoza;anadiaz@correo.com;26;36525966
Javier;Vidal;Belgrano 9492;San Martin;Tucumán;javiervidal@correo.com;36;31696201
Sara;Herrera;Mitre 2996;25 de Mayo;Santa Fe;saraherrera@correo.com;65;14480909
Gabriel;Álvarez;Av. San Martín 5576;Capitan Mendoza;Neuquén;gabrielalvarez@correo.com;84;42170158
Martina;Sánchez;Av. San Martín 7640;Inmaculada Concepcion;Tucumán;martinasanchez@correo.com;24;22863511
Abril;Giménez;Sarmiento 7367;Inmaculada Concepcion;Córdoba;abrilgimenez@correo.com;51;18478172
Sofía;Vidal;Urquiza 6912;La Palta;Buenos Aires;sofiavidal@correo.com;46;29294209
Lucía;Flores;Av. San Martín 6504;Capitan Mendoza;Córdoba;luciaflores@correo.com;48;46571253
Paula;Torres;Av. San Martín 3090;La Palta;Mendoza;paulatorres@correo.com;63;28412498
Victoria;García;Sarmiento 6504;Capitan Mendoza;Santa Fe;victoriagarcia@correo.com;75;46410331
Paula;Guzmán;Urquiza 4088;San Martin;Misiones;paulaguzman@correo.com;25;29522190
Elena;Vidal;Alvear 1559;Capitan Mendoza;Salta;elenavidal@correo.com;45;26143520
Gabriel;Torres;Mitre 6079;Inmaculada Concepcion;Tucumán;gabrieltorres@correo.com;70;22719720
Gabriel;Guzmán;Sarmiento 7967;Capitan Mendoza;Tucumán;gabrielguzman@correo.com;46;16605217
Santiago;Silva;Av. San Martín 8641;Gral. Pico;Córdoba;santiagosilva@correo.com;40;30844415
Lucía;Fernández;Rivadavia 8666;Rosario de la Cruz;Mendoza;luciafernandez@correo.com;34;47581689
Nicolás;Pérez;Mitre 8310;San Miguel;Salta;nicolasperez@correo.com;42;21019148
Isabella;Rojas;Mitre 2433;San Martin;Córdoba;isabellarojas@correo.com;27;16524265
Ana;Álvarez;Av. de Mayo 4606;San Martin;Tucumán;anaalvarez@correo.com;75;40182583
Daniela;Benítez;Rivadavia 489;9 de Julio;Buenos Aires;danielabenitez@correo.com;82;36836976
Javier;Gómez;Rivadavia 6255;San Miguel;Mendoza;javiergomez@correo.com;73;46484156
Paula;González;Av. San Martín 1267;La Palta;Tucumán;paulagonzalez@correo.com;35;16537975
Joaquín;García;Alvear 4168;La Palta;Buenos Aires;joaquingarcia@correo.com;68;28789237
Tomas;Silva;Sarmiento 4960;San Martin;Tucumán;tomassilva@correo.com;82;46306563
Javier;Torres;Pueyrredón 7780;Rosario de la Cruz;Tucumán;javiertorres@correo.com;27;38410423
Victoria;Romero;Mitre 9020;Rosario de la Cruz;Santa Fe;victoriaromero@correo.com;69;42825978
Isabella;Aguirre;Av. de Mayo 2082;Gral. Pico;Córdoba;isabellaaguirre@correo.com;82;43195317
Carlos;Torres;Alvear 4862;Capitan Mendoza;Entre Ríos;carlostorres@correo.com;24;19523592
Isabella;Benítez;Sarmiento 5528;9 de Julio;Entre Ríos;isabellabenitez@correo.com;74;30555032
Valeria;Aguirre;Av. San Martín 2245;San Miguel;Entre Ríos;valeriaaguirre@correo.com;48;39245521
Elena;Rojas;Av. San Martín 1013;Capitan Mendoza;Santa Fe;elenarojas@correo.com;26;25972397
Natalia;Díaz;Lavalle 5467;Inmaculada Concepcion;Entre Ríos;nataliadiaz@correo.com;48;31166230
Camila;Aguirre;Rivadavia 3275;Rosario de la Cruz;Neuquén;camilaaguirre@correo.com;79;21693346
Abril;Medina;Mitre 4595;Palermo;Buenos Aires;abrilmedina@correo.com;59;31099412
Sara;Ramírez;Lavalle 9650;Inmaculada Concepcion;Córdoba;sararamirez@correo.com;54;32726338
Mateo;Flores;Alvear 800;Inmaculada Concepcion;Tucumán;mateoflores@correo.com;52;16844295
Santiago;Díaz;Av. San Martín 1584;Capitan Mendoza;Entre Ríos;santiagodiaz@correo.com;38;37883837
Natalia;López;Pueyrredón 5304;San Martin;Entre Ríos;natalialopez@correo.com;21;32781439
Ezequiel;Sosa;Alvear 4323;San Miguel;Mendoza;ezequielsosa@correo.com;62;44253533
Elena;Sánchez;Rivadavia 1401;San Miguel;Santa Fe;elenasanchez@correo.com;34;22537847
Natalia;Rodríguez;Av. de Mayo 1717;Capitan Mendoza;Mendoza;nataliarodriguez@correo.com;36;31039442
Tomas;Gómez;Av. San Martín 4873;Capitan Mendoza;Entre Ríos;tomasgomez@correo.com;66;22792474
Paula;Martínez;Rivadavia 4669;La Palta;Salta;paulamartinez@correo.com;55;33279784
Agustín;Medina;Alvear 7108;Inmaculada Concepcion;Salta;agustinmedina@correo.com;40;38771781
Isabella;Ruiz;Av. San Martín 260;Inmaculada Concepcion;Misiones;isabellaruiz@correo.com;28;45234223
Gabriel;Benítez;Av. de Mayo 4254;Rosario de la Cruz;Santa Fe;gabrielbenitez@correo.com;29;39335751
Luis;Medina;Pueyrredón 8817;9 de Julio;Santa Fe;luismedina@correo.com;63;14403237
Valeria;Benítez;Belgrano 6265;9 de Julio;Entre Ríos;valeriabenitez@correo.com;43;22565858
Elena;Fernández;Mitre 1558;San Martin;Misiones;elenafernandez@correo.com;19;37130562
Natalia;Martínez;Urquiza 8139;Inmaculada Concepcion;Córdoba;nataliamartinez@correo.com;55;38734356
Gonzalo;Romero;Alvear 3254;Gral. Pico;Salta;gonzaloromero@correo.com;64;13608952
Javier;Herrera;Av. de Mayo 4365;San Martin;Chaco;javierherrera@correo.com;25;23341315
Javier;Ruiz;Sarmiento 7717;Rosario de la Cruz;Chaco;javierruiz@correo.com;57;13416630
Martina;Acosta;Lavalle 5573;Rosario de la Cruz;Mendoza;martinaacosta@correo.com;20;11203209
Lucas;Peralta;Mitre 1791;San Miguel;Chaco;lucasperalta@correo.com;67;21377428
Paula;Benítez;Rivadavia 258;San Miguel;Córdoba;paulabenitez@correo.com;72;40513795
Lucía;Pérez;Pueyrredón 1222;Rosario de la Cruz;Córdoba;luciaperez@correo.com;34;42879409
Mateo;Rodríguez;Mitre 8490;San Martin;Mendoza;mateorodriguez@correo.com;76;45883543
Santiago;Molina;Urquiza 5086;San Martin;Córdoba;santiagomolina@correo.com;20;38644012
Gabriel;Acosta;Av. San Martín 7459;San Miguel;Córdoba;gabrielacosta@correo.com;45;29004089
Joaquín;Molina;Lavalle 4353;25 de Mayo;Salta;joaquinmolina@correo.com;23;33686658
Gonzalo;Acosta;Belgrano 9895;9 de Julio;Córdoba;gonzaloacosta@correo.com;68;47700808
Nicolás;Medina;Mitre 8127;Inmaculada Concepcion;Buenos Aires;nicolasmedina@correo.com;81;18843007
Elena;Silva;Belgrano 7896;9 de Julio;Chaco;elenasilva@correo.com;33;25640850
Abril;Álvarez;Av. de Mayo 6155;Palermo;Chaco;abrilalvarez@correo.com;61;26564241
Agustín;Castro;Sarmiento 2304;Capitan Mendoza;Córdoba;agustincastro@correo.com;28;43297957
Daniela;Herrera;Mitre 9637;Capitan Mendoza;Entre Ríos;danielaherrera@correo.com;30;26071533
Joaquín;González;Urquiza 7457;Gral. Pico;Misiones;joaquingonzalez@correo.com;42;16730875
Ignacio;Peralta;Urquiza 5842;25 de Mayo;Mendoza;ignacioperalta@correo.com;78;37529857
Paula;Rojas;Pueyrredón 644;Rosario de la Cruz;Neuquén;paularojas@correo.com;40;13389574
Natalia;Medina;Lavalle 6106;San Martin;Santa Fe;nataliamedina@correo.com;27;46004030
María;Gómez;Rivadavia 6097;Gral. Pico;Tucumán;mariagomez@correo.com;61;30047846
Agustín;Gómez;Sarmiento 6365;Rosario de la Cruz;Santa Fe;agustingomez@correo.com;59;30712575
Gabriel;Silva;Urquiza 5936;La Palta;Santa Fe;gabrielsilva@correo.com;66;40835956
Carlos;Álvarez;Lavalle 5978;San Martin;Chaco;carlosalvarez@correo.com;57;23222468
Nicolás;Ruiz;Lavalle 7504;25 de Mayo;Córdoba;nicolasruiz@correo.com;23;19166947
Lucía;Romero;Pueyrredón 4076;Inmaculada Concepcion;Salta;luciaromero@correo.com;38;30387109
Santiago;Castro;Mitre 1922;Rosario de la Cruz;Misiones;santiagocastro@correo.com;37;14467884
Paula;Guzmán;Urquiza 3612;San Miguel;Mendoza;paulaguzman@correo.com;26;45083095
Ana;Romero;Av. de Mayo 1306;San Miguel;Misiones;anaromero@correo.com;84;45247114
Elena;Aguirre;Av. San Martín 843;Inmaculada Concepcion;Misiones;elenaaguirre@correo.com;66;12079637
Mateo;Ramírez;Av. San Martín 115;25 de Mayo;Chaco;mateoramirez@correo.com;42;17397163
Mateo;Medina;Av. San Martín 6134;Rosario de la Cruz;Tucumán;mateomedina@correo.com;33;20669557
Carlos;García;Urquiza 5782;Gral. Pico;Buenos Aires;carlosgarcia@correo.com;38;46735235
Natalia;Aguirre;Urquiza 285;25 de Mayo;Neuquén;nataliaaguirre@correo.com;44;27942949
Natalia;Aguirre;Sarmiento 4049;9 de Julio;Córdoba;nataliaaguirre@correo.com;75;32773709
Luis;Sosa;Sarmiento 3582;Gral. Pico;Entre Ríos;luissosa@correo.com;18;25934455
Diego;Torres;Lavalle 5032;Gral. Pico;Salta;diegotorres@correo.com;38;14886837
Carlos;González;Pueyrredón 8943;25 de Mayo;Misiones;carlosgonzalez@correo.com;19;16652159
Camila;Silva;Pueyrredón 9840;Palermo;Córdoba;camilasilva@correo.com;28;45081357
María;Guzmán;Pueyrredón 8378;Inmaculada Concepcion;Córdoba;mariaguzman@correo.com;23;19647992
Valeria;Sosa;Av. San Martín 9041;Gral. Pico;Buenos Aires;valeriasosa@correo.com;25;46427016
Ezequiel;Martínez;Lavalle 4192;Inmaculada Concepcion;Tucumán;ezequielmartinez@correo.com;75;44742916
Sofía;Castro;Lavalle 4074;25 de Mayo;Entre Ríos;sofiacastro@correo.com;38;29646116
Elena;Fernández;Av. de Mayo 5243;9 de Julio;Neuquén;elenafernandez@correo.com;71;26555201
Carlos;Vidal;Alvear 4387;9 de Julio;Córdoba;carlosvidal@correo.com;72;41838067
Ana;Romero;Pueyrredón 7477;Palermo;Tucumán;anaromero@correo.com;55;25838695
Elena;Fernández;Rivadavia 6489;25 de Mayo;Entre Ríos;elenafernandez@correo.com;22;30654907
María;Silva;Alvear 1670;San Miguel;Chaco;mariasilva@correo.com;51;23875136
Javier;Pérez;Pueyrredón 6363;San Martin;Córdoba;javierperez@correo.com;60;26289267
Diego;Guzmán;Av. de Mayo 1705;San Miguel;Buenos Aires;diegoguzman@correo.com;22;17931904
Isabella;Giménez;Alvear 3561;25 de Mayo;Tucumán;isabellagimenez@correo.com;46;12574795
Ignacio;Silva;Av. San Martín 1317;Rosario de la Cruz;Entre Ríos;ignaciosilva@correo.com;62;25982173
Lucía;Sánchez;Alvear 9121;9 de Julio;Chaco;luciasanchez@correo.com;59;33667964
María;Acosta;Rivadavia 6470;Capitan Mendoza;Chaco;mariaacosta@correo.com;27;29681667
Javier;Torres;Alvear 4302;25 de Mayo;Neuquén;javiertorres@correo.com;50;38951999
Carlos;Álvarez;Sarmiento 4908;La Palta;Buenos Aires;carlosalvarez@correo.com;25;23291464
Elena;Guzmán;Rivadavia 1438;Capitan Mendoza;Santa Fe;elenaguzman@correo.com;31;31987173
Daniela;Gómez;Alvear 7167;San Martin;Salta;danielagomez@correo.com;83;11935908
Isabella;Romero;Av. San Martín 3100;Capitan Mendoza;Misiones;isabellaromero@correo.com;83;30810530
Sofía;Martínez;Urquiza 6099;9 de Julio;Tucumán;sofiamartinez@correo.com;40;16046891
Sara;Flores;Rivadavia 8631;25 de Mayo;Chaco;saraflores@correo.com;84;40991510
María;Silva;Rivadavia 540;Rosario de la Cruz;Neuquén;mariasilva@correo.com;57;27527360
Gabriel;Flores;Rivadavia 6355;25 de Mayo;Buenos Aires;gabrielflores@correo.com;63;33856428
Ezequiel;Rodríguez;Belgrano 6556;La Palta;Mendoza;ezequielrodriguez@correo.com;56;26311011
Abril;Sánchez;Sarmiento 7540;9 de Julio;Entre Ríos;abrilsanchez@correo.com;43;37581936
Sara;Giménez;Urquiza 8365;Rosario de la Cruz;Salta;saragimenez@correo.com;43;47168260
Agustín;Medina;Pueyrredón 4748;9 de Julio;Entre Ríos;agustinmedina@correo.com;53;13137926
Sofía;Silva;Sarmiento 4676;Inmaculada Concepcion;Salta;sofiasilva@correo.com;81;42015403
Elena;Torres;Mitre 4557;25 de Mayo;Córdoba;elenatorres@correo.com;59;39566381
Valeria;Vidal;Sarmiento 2303;9 de Julio;Chaco;valeriavidal@correo.com;81;40114205
Ana;Torres;Sarmiento 747;Gral. Pico;Misiones;anatorres@correo.com;44;28961959
Tomas;Castro;Av. de Mayo 1210;25 de Mayo;Tucumán;tomascastro@correo.com;76;19242606
Lucía;Benítez;Av. de Mayo 5145;Gral. Pico;Neuquén;luciabenitez@correo.com;36;22248126
Javier;Peralta;Lavalle 1825;San Martin;Mendoza;javierperalta@correo.com;59;28448187
Natalia;Romero;Pueyrredón 8610;Gral. Pico;Neuquén;nataliaromero@correo.com;80;26007435
Nicolás;Medina;Urquiza 2992;La Palta;Neuquén;nicolasmedina@correo.com;65;39820782
Joaquín;Romero;Rivadavia 3896;Inmaculada Concepcion;Misiones;joaquinromero@correo.com;32;40618744
Joaquín;Rojas;Urquiza 743;San Miguel;Chaco;joaquinrojas@correo.com;67;46993233
Tomas;Vidal;Urquiza 6143;La Palta;Tucumán;tomasvidal@correo.com;71;42926950
Luis;Vidal;Sarmiento 8430;Palermo;Tucumán;luisvidal@correo.com;21;45129014
Mateo;Acosta;Pueyrredón 999;San Martin;Buenos Aires;mateoacosta@correo.com;25;27823095
Paula;Díaz;Pueyrredón 8664;25 de Mayo;Buenos Aires;pauladiaz@correo.com;78;19339530
Sara;Giménez;Av. San Martín 4345;Gral. Pico;Mendoza;saragimenez@correo.com;54;38579669
Agustín;Medina;Sarmiento 3357;Inmaculada Concepcion;Buenos Aires;agustinmedina@correo.com;36;47708714
Santiago;Rojas;Av. de Mayo 173;Rosario de la Cruz;Misiones;santiagorojas@correo.com;38;17707141
Nicolás;Torres;Lavalle 4901;San Miguel;Tucumán;nicolastorres@correo.com;47;31554332
Diego;Guzmán;Alvear 5353;San Martin;Córdoba;diegoguzman@correo.com;21;20982045
Sofía;Peralta;Lavalle 3214;San Miguel;Neuquén;sofiaperalta@correo.com;72;45020795
Ignacio;Silva;Pueyrredón 9840;San Miguel;Entre Ríos;ignaciosilva@correo.com;39;34326280
Mateo;Castro;Belgrano 1359;La Palta;Buenos Aires;mateocastro@correo.com;70;30819083
María;Peralta;Sarmiento 823;San Miguel;Córdoba;mariaperalta@correo.com;47;19625519
Luis;Torres;Rivadavia 9237;Palermo;Buenos Aires;luistorres@correo.com;50;25516871
Lucas;Herrera;Pueyrredón 440;San Martin;Neuquén;lucasherrera@correo.com;24;19032496
Sofía;Rodríguez;Alvear 2032;San Martin;Misiones;sofiarodriguez@correo.com;65;36477462
Carlos;Castro;Mitre 8539;San Miguel;Córdoba;carloscastro@correo.com;29;32430807
María;Fernández;Pueyrredón 6779;Capitan Mendoza;Entre Ríos;mariafernandez@correo.com;32;17302338
Gabriel;Pérez;Av. San Martín 3499;25 de Mayo;Chaco;gabrielperez@correo.com;66;47697128
Sofía;García;Av. de Mayo 7757;La Palta;Entre Ríos;sofiagarcia@correo.com;52;27866082
Carlos;Vidal;Alvear 912;La Palta;Entre Ríos;carlosvidal@correo.com;52;21004788
Tomas;Acosta;Pueyrredón 9680;San Martin;Salta;tomasacosta@correo.com;53;35578247
María;Silva;Sarmiento 1541;Palermo;Santa Fe;mariasilva@correo.com;52;14674189
Agustín;Torres;Av. San Martín 7061;San Martin;Santa Fe;agustintorres@correo.com;34;45296613
Agustín;Sánchez;Av. de Mayo 6730;9 de Julio;Chaco;agustinsanchez@correo.com;76;43751382
Carlos;Benítez;Pueyrredón 6428;Rosario de la Cruz;Mendoza;carlosbenitez@correo.com;24;33593146
Gonzalo;Benítez;Av. San Martín 6706;San Martin;Santa Fe;gonzalobenitez@correo.com;77;39980515
Camila;Acosta;Belgrano 6863;Inmaculada Concepcion;Santa Fe;camilaacosta@correo.com;60;22303677
Isabella;Silva;Av. de Mayo 4286;Rosario de la Cruz;Chaco;isabellasilva@correo.com;41;44929809
Lucía;Molina;Lavalle 1781;9 de Julio;Entre Ríos;luciamolina@correo.com;50;34658838
Ignacio;López;Alvear 2046;Inmaculada Concepcion;Misiones;ignaciolopez@correo.com;67;22058003
Carlos;Rojas;Sarmiento 5944;Inmaculada Concepcion;Mendoza;carlosrojas@correo.com;69;47069305
Victoria;Silva;Mitre 4581;San Martin;Córdoba;victoriasilva@correo.com;47;22521550
Martina;Flores;Av. San Martín 6201;9 de Julio;Buenos Aires;martinaflores@correo.com;36;20748785
Sara;Ramírez;Belgrano 8576;Palermo;Entre Ríos;sararamirez@correo.com;79;16063208
Tomas;Díaz;Lavalle 4868;Capitan Mendoza;Mendoza;tomasdiaz@correo.com;36;17528440
Carlos;Flores;Lavalle 9791;La Palta;Salta;carlosflores@correo.com;41;21723421
Natalia;Silva;Belgrano 2512;Capitan Mendoza;Buenos Aires;nataliasilva@correo.com;70;23334548
Lucas;Guzmán;Belgrano 7151;9 de Julio;Chaco;lucasguzman@correo.com;75;47068858
Natalia;Rodríguez;Av. de Mayo 4684;San Martin;Salta;nataliarodriguez@correo.com;76;39798014
Ignacio;González;Av. de Mayo 3825;San Martin;Mendoza;ignaciogonzalez@correo.com;22;39820453
Tomas;Ruiz;Pueyrredón 6695;Inmaculada Concepcion;Mendoza;tomasruiz@correo.com;78;41693695
Valeria;Romero;Pueyrredón 6805;San Miguel;Córdoba;valeriaromero@correo.com;52;15975140
Luis;Aguirre;Sarmiento 8061;Palermo;Salta;luisaguirre@correo.com;79;17036300
Tomas;Gómez;Urquiza 7768;San Miguel;Entre Ríos;tomasgomez@correo.com;25;21140916
Lucas;Ruiz;Lavalle 9834;9 de Julio;Córdoba;lucasruiz@correo.com;73;35580400
Camila;Pérez;Rivadavia 9443;La Palta;Santa Fe;camilaperez@correo.com;51;34457485
Agustín;Romero;Mitre 3623;Capitan Mendoza;Córdoba;agustinromero@correo.com;64;38950143
Victoria;Herrera;Belgrano 6571;Capitan Mendoza;Córdoba;victoriaherrera@correo.com;56;46168991
Gonzalo;Aguirre;Belgrano 3216;Palermo;Entre Ríos;gonzaloaguirre@correo.com;82;30724033
Daniela;Flores;Belgrano 7760;Capitan Mendoza;Salta;danielaflores@correo.com;38;42058413
Agustín;González;Sarmiento 809;25 de Mayo;Chaco;agustingonzalez@correo.com;20;29598761
Gabriel;Martínez;Urquiza 3852;San Martin;Santa Fe;gabrielmartinez@correo.com;83;23598526
Ignacio;Aguirre;Sarmiento 2070;Palermo;Salta;ignacioaguirre@correo.com;82;43831914
Natalia;Benítez;Sarmiento 8783;Palermo;Tucumán;nataliabenitez@correo.com;47;23774838
Gonzalo;Peralta;Av. de Mayo 4588;Gral. Pico;Neuquén;gonzaloperalta@correo.com;73;30232119
Daniela;González;Av. de Mayo 3112;Inmaculada Concepcion;Buenos Aires;danielagonzalez@correo.com;24;11836985
Ana;Silva;Belgrano 4543;25 de Mayo;Córdoba;anasilva@correo.com;53;40934052
Victoria;González;Alvear 80;Gral. Pico;Tucumán;victoriagonzalez@correo.com;38;37457001
Victoria;Medina;Urquiza 7499;Inmaculada Concepcion;Tucumán;victoriamedina@correo.com;67;40421407
Sofía;Herrera;Lavalle 7598;9 de Julio;Chaco;sofiaherrera@correo.com;73;38960348
Lucía;Molina;Pueyrredón 5449;9 de Julio;Santa Fe;luciamolina@correo.com;83;41783961
Ignacio;Sosa;Rivadavia 1236;Rosario de la Cruz;Santa Fe;ignaciososa@correo.com;60;43752283
Carlos;González;Av. de Mayo 6742;Rosario de la Cruz;Mendoza;carlosgonzalez@correo.com;76;44963876
Luis;Castro;Alvear 4778;25 de Mayo;Entre Ríos;luiscastro@correo.com;69;24892826
Sara;González;Rivadavia 2616;Capitan Mendoza;Córdoba;saragonzalez@correo.com;75;37576972
Nicolás;Molina;Urquiza 3124;9 de Julio;Misiones;nicolasmolina@correo.com;73;27295672
Lucas;Sánchez;Av. San Martín 5529;9 de Julio;Misiones;lucassanchez@correo.com;34;31495773
Lucas;Gómez;Av. de Mayo 8544;La Palta;Buenos Aires;lucasgomez@correo.com;73;19488520
Mateo;Acosta;Pueyrredón 3027;San Miguel;Santa Fe;mateoacosta@correo.com;84;33268200
Martina;Acosta;Belgrano 861;9 de Julio;Tucumán;martinaacosta@correo.com;56;40540275
Agustín;Torres;Av. de Mayo 4206;Inmaculada Concepcion;Buenos Aires;agustintorres@correo.com;81;37248544
Abril;Silva;Alvear 7686;Gral. Pico;Entre Ríos;abrilsilva@correo.com;21;19766863
Mateo;Sosa;Urquiza 7871;Inmaculada Concepcion;Mendoza;mateososa@correo.com;26;39626001
Ana;Fernández;Av. San Martín 9473;La Palta;Mendoza;anafernandez@correo.com;42;33770639
Javier;Martínez;Sarmiento 5393;Rosario de la Cruz;Chaco;javiermartinez@correo.com;54;24785012
María;Acosta;Av. de Mayo 968;Palermo;Entre Ríos;mariaacosta@correo.com;57;16035746
María;Silva;Rivadavia 2550;Capitan Mendoza;Chaco;mariasilva@correo.com;71;12959615
Camila;Gómez;Sarmiento 230;Capitan Mendoza;Buenos Aires;camilagomez@correo.com;26;30929533
Mateo;Aguirre;Rivadavia 7617;Capitan Mendoza;Chaco;mateoaguirre@correo.com;35;16166941
Lucas;Medina;Lavalle 9412;25 de Mayo;Buenos Aires;lucasmedina@correo.com;73;16085201
Valeria;Álvarez;Lavalle 9872;9 de Julio;Buenos Aires;valeriaalvarez@correo.com;64;11332557
Mateo;Fernández;Pueyrredón 7475;San Martin;Misiones;mateofernandez@correo.com;44;45189694
Ignacio;Silva;Av. San Martín 3104;9 de Julio;Chaco;ignaciosilva@correo.com;74;43708414
Santiago;Díaz;Belgrano 8545;Palermo;Misiones;santiagodiaz@correo.com;40;30234794
Javier;Herrera;Urquiza 1467;25 de Mayo;Misiones;javierherrera@correo.com;38;40839374
Mateo;Romero;Av. de Mayo 217;Inmaculada Concepcion;Salta;mateoromero@correo.com;63;11888444
Ignacio;Molina;Urquiza 6243;San Miguel;Chaco;ignaciomolina@correo.com;59;41993395
Joaquín;Castro;Alvear 1727;Gral. Pico;Mendoza;joaquincastro@correo.com;51;14485513
Diego;Castro;Mitre 2000;25 de Mayo;Entre Ríos;diegocastro@correo.com;61;21511430
Santiago;Silva;Lavalle 1240;25 de Mayo;Neuquén;santiagosilva@correo.com;46;34002488
Martina;Aguirre;Lavalle 4884;Gral. Pico;Salta;martinaaguirre@correo.com;36;13148961
Agustín;López;Sarmiento 8617;Palermo;Entre Ríos;agustinlopez@correo.com;58;20620922
Nicolás;Romero;Av. San Martín 9492;San Miguel;Buenos Aires;nicolasromero@correo.com;20;35194138
Victoria;Fernández;Lavalle 5414;Capitan Mendoza;Córdoba;victoriafernandez@correo.com;50;39895029
Camila;Silva;Rivadavia 7387;San Miguel;Córdoba;camilasilva@correo.com;51;29480350
Abril;Fernández;Av. de Mayo 8622;San Miguel;Santa Fe;abrilfernandez@correo.com;42;41594077
Carlos;Sosa;Pueyrredón 6067;San Miguel;Entre Ríos;carlossosa@correo.com;37;37511863
Joaquín;Herrera;Alvear 8528;9 de Julio;Salta;joaquinherrera@correo.com;26;37466297
Sofía;Pérez;Rivadavia 7002;San Miguel;Buenos Aires;sofiaperez@correo.com;21;27060685
Agustín;Castro;Urquiza 7910;Capitan Mendoza;Mendoza;agustincastro@correo.com;71;40988371
Agustín;Sosa;Av. de Mayo 1008;Gral. Pico;Tucumán;agustinsosa@correo.com;38;47335065
Ezequiel;Ramírez;Lavalle 3047;La Palta;Buenos Aires;ezequielramirez@correo.com;63;26885443
Abril;Herrera;Av. de Mayo 3025;9 de Julio;Santa Fe;abrilherrera@correo.com;45;15740420
Sofía;Peralta;Sarmiento 9992;La Palta;Mendoza;sofiaperalta@correo.com;61;21887346
Santiago;Rodríguez;Lavalle 9416;San Miguel;Buenos Aires;santiagorodriguez@correo.com;18;14832430
Ana;Medina;Alvear 9389;25 de Mayo;Córdoba;anamedina@correo.com;31;34549347
Natalia;Rojas;Rivadavia 6772;Inmaculada Concepcion;Santa Fe;nataliarojas@correo.com;74;30623636
María;Vidal;Sarmiento 2133;Gral. Pico;Tucumán;mariavidal@correo.com;20;27850934
Elena;Flores;Alvear 4248;La Palta;Misiones;elenaflores@correo.com;65;23602204
Joaquín;Molina;Pueyrredón 687;25 de Mayo;Tucumán;joaquinmolina@correo.com;80;21885146
Joaquín;Torres;Alvear 7605;Rosario de la Cruz;Santa Fe;joaquintorres@correo.com;75;38891524
Camila;Castro;Av. San Martín 5694;San Martin;Mendoza;camilacastro@correo.com;76;13566168
Gonzalo;Flores;Urquiza 1439;Inmaculada Concepcion;Entre Ríos;gonzaloflores@correo.com;34;21646352
Santiago;Fernández;Rivadavia 5134;Rosario de la Cruz;Córdoba;santiagofernandez@correo.com;42;12186066
Javier;Medina;Av. de Mayo 2171;25 de Mayo;Chaco;javiermedina@correo.com;21;28747521
Tomas;Aguirre;Rivadavia 6980;La Palta;Neuquén;tomasaguirre@correo.com;83;24234684
Ezequiel;Fernández;Belgrano 5484;Rosario de la Cruz;Chaco;ezequielfernandez@correo.com;65;28949953
Javier;González;Urquiza 7944;Gral. Pico;Misiones;javiergonzalez@correo.com;30;37725174
Gonzalo;Castro;Pueyrredón 3092;Inmaculada Concepcion;Misiones;gonzalocastro@correo.com;38;14539176
Luis;Benítez;Urquiza 1782;Rosario de la Cruz;Mendoza;luisbenitez@correo.com;61;44798567
Ignacio;Aguirre;Rivadavia 9153;Inmaculada Concepcion;Misiones;ignacioaguirre@correo.com;28;18382838
Isabella;Ruiz;Sarmiento 1697;San Miguel;Neuquén;isabellaruiz@correo.com;18;22123955
Camila;Benítez;Urquiza 1662;San Miguel;Salta;camilabenitez@correo.com;82;25439244
Ignacio;Silva;Pueyrredón 8610;San Martin;Tucumán;ignaciosilva@correo.com;73;34403690
Gonzalo;Acosta;Rivadavia 7223;San Martin;Tucumán;gonzaloacosta@correo.com;37;44573248
Agustín;Vidal;Rivadavia 4207;Palermo;Chaco;agustinvidal@correo.com;27;46258489
Nicolás;García;Sarmiento 3135;San Miguel;Entre Ríos;nicolasgarcia@correo.com;52;40569685
Nicolás;López;Av. San Martín 9939;9 de Julio;Mendoza;nicolaslopez@correo.com;21;27288623
Agustín;García;Sarmiento 9725;San Martin;Córdoba;agustingarcia@correo.com;83;31342662
Camila;Rojas;Urquiza 2723;Inmaculada Concepcion;Misiones;camilarojas@correo.com;54;35208469
Martina;Vidal;Alvear 6037;9 de Julio;Santa Fe;martinavidal@correo.com;70;26919828
Gonzalo;Flores;Urquiza 8335;Gral. Pico;Misiones;gonzaloflores@correo.com;38;14559086
Sara;Giménez;Alvear 5666;Inmaculada Concepcion;Misiones;saragimenez@correo.com;34;11010056
Santiago;Torres;Mitre 967;San Martin;Tucumán;santiagotorres@correo.com;65;34268924
Gabriel;Benítez;Alvear 5825;25 de Mayo;Entre Ríos;gabrielbenitez@correo.com;62;33625448
Joaquín;Álvarez;Belgrano 9235;Rosario de la Cruz;Salta;joaquinalvarez@correo.com;77;43419027
Abril;Gómez;Belgrano 4524;Gral. Pico;Tucumán;abrilgomez@correo.com;81;38076628
Sara;Benítez;Urquiza 4117;San Miguel;Chaco;sarabenitez@correo.com;74;20746435
Gonzalo;Giménez;Urquiza 6434;Capitan Mendoza;Córdoba;gonzalogimenez@correo.com;34;46516944
Martina;Ruiz;Belgrano 9791;25 de Mayo;Mendoza;martinaruiz@correo.com;32;32228611
Mateo;Sosa;Mitre 7412;Inmaculada Concepcion;Mendoza;mateososa@correo.com;83;40281241
Tomas;Rodríguez;Rivadavia 4347;Palermo;Tucumán;tomasrodriguez@correo.com;52;26726186
Lucía;Peralta;Av. de Mayo 9140;La Palta;Salta;luciaperalta@correo.com;53;44899157
Tomas;Pérez;Belgrano 6122;Rosario de la Cruz;Chaco;tomasperez@correo.com;39;45294159
Tomas;Medina;Urquiza 8422;San Martin;Mendoza;tomasmedina@correo.com;74;34061768
Paula;Silva;Pueyrredón 9173;San Miguel;Neuquén;paulasilva@correo.com;84;46757554
Ana;Flores;Av. San Martín 3226;La Palta;Buenos Aires;anaflores@correo.com;24;42873096
Carlos;Rojas;Rivadavia 8611;Palermo;Salta;carlosrojas@correo.com;51;42123499
Carlos;Aguirre;Lavalle 700;9 de Julio;Entre Ríos;carlosaguirre@correo.com;65;19517589
Natalia;Sosa;Pueyrredón 284;Inmaculada Concepcion;Santa Fe;nataliasosa@correo.com;34;47996064
Gabriel;Pérez;Alvear 3501;Inmaculada Concepcion;Neuquén;gabrielperez@correo.com;62;40312661
Sofía;Benítez;Rivadavia 8577;La Palta;Mendoza;sofiabenitez@correo.com;41;45446709
Martina;Flores;Sarmiento 526;Capitan Mendoza;Santa Fe;martinaflores@correo.com;46;36182511
Lucía;Torres;Belgrano 8804;San Martin;Mendoza;luciatorres@correo.com;68;13283602
Lucía;Herrera;Av. de Mayo 4793;9 de Julio;Córdoba;luciaherrera@correo.com;66;23242388
Gabriel;Martínez;Av. de Mayo 1882;Gral. Pico;Santa Fe;gabrielmartinez@correo.com;37;27640579
Ana;Ramírez;Belgrano 8059;San Miguel;Neuquén;anaramirez@correo.com;36;34156073
Martina;Díaz;Sarmiento 6816;Gral. Pico;Córdoba;martinadiaz@correo.com;72;44358888
Lucía;Acosta;Av. de Mayo 9518;La Palta;Chaco;luciaacosta@correo.com;51;39270861
Nicolás;Sánchez;Urquiza 3774;La Palta;Buenos Aires;nicolassanchez@correo.com;77;12216489
Tomas;Ruiz;Belgrano 9610;San Martin;Buenos Aires;tomasruiz@correo.com;69;40534831
Camila;Medina;Av. de Mayo 5477;Capitan Mendoza;Córdoba;camilamedina@correo.com;53;16083824
Victoria;López;Pueyrredón 2839;9 de Julio;Mendoza;victorialopez@correo.com;20;16341026
Martina;Rodríguez;Av. de Mayo 2869;Inmaculada Concepcion;Salta;martinarodriguez@correo.com;31;21503978
Luis;Sánchez;Alvear 2284;Rosario de la Cruz;Buenos Aires;luissanchez@correo.com;56;42901868
Natalia;Giménez;Rivadavia 4657;Inmaculada Concepcion;Neuquén;nataliagimenez@correo.com;49;23512951
Valeria;Aguirre;Mitre 9038;9 de Julio;Misiones;valeriaaguirre@correo.com;74;43669233
Javier;Aguirre;Av. de Mayo 8416;Inmaculada Concepcion;Entre Ríos;javieraguirre@correo.com;69;18973093
Lucía;Vidal;Mitre 9928;Inmaculada Concepcion;Mendoza;luciavidal@correo.com;72;13845035
Javier;Herrera;Pueyrredón 9241;San Miguel;Buenos Aires;javierherrera@correo.com;31;35915155
Diego;Pérez;Alvear 2994;9 de Julio;Entre Ríos;diegoperez@correo.com;23;18142183
Santiago;Benítez;Rivadavia 833;Capitan Mendoza;Buenos Aires;santiagobenitez@correo.com;62;25199551
Diego;Álvarez;Urquiza 3087;Inmaculada Concepcion;Santa Fe;diegoalvarez@correo.com;29;26986670
Valeria;Giménez;Alvear 1827;San Martin;Chaco;valeriagimenez@correo.com;30;23858686
Natalia;Fernández;Belgrano 5084;La Palta;Buenos Aires;nataliafernandez@correo.com;72;43861239
Santiago;Díaz;Alvear 6964;Rosario de la Cruz;Santa Fe;santiagodiaz@correo.com;21;20612069
Nicolás;Castro;Mitre 6754;25 de Mayo;Tucumán;nicolascastro@correo.com;49;47282425
Joaquín;González;Belgrano 8761;Palermo;Entre Ríos;joaquingonzalez@correo.com;33;25625253
Camila;Romero;Av. San Martín 3939;Capitan Mendoza;Misiones;camilaromero@correo.com;38;26710366
Ezequiel;González;Pueyrredón 2566;9 de Julio;Buenos Aires;ezequielgonzalez@correo.com;28;33141387
Camila;Silva;Av. San Martín 8359;Palermo;Chaco;camilasilva@correo.com;60;22582719
Nicolás;Álvarez;Alvear 369;La Palta;Neuquén;nicolasalvarez@correo.com;24;39772142
Martina;González;Rivadavia 6489;San Miguel;Salta;martinagonzalez@correo.com;72;21062695
Victoria;Rojas;Rivadavia 91;25 de Mayo;Salta;victoriarojas@correo.com;69;41315499
Sara;Martínez;Urquiza 5203;Rosario de la Cruz;Entre Ríos;saramartinez@correo.com;51;16659778
Joaquín;Aguirre;Urquiza 3196;San Martin;Tucumán;joaquinaguirre@correo.com;20;17991004
Camila;Molina;Sarmiento 541;9 de Julio;Córdoba;camilamolina@correo.com;84;25108655
Carlos;Molina;Rivadavia 6520;Rosario de la Cruz;Neuquén;carlosmolina@correo.com;27;44980196
Ana;Ruiz;Alvear 5717;San Martin;Mendoza;anaruiz@correo.com;36;36152372
Victoria;López;Av. de Mayo 5609;Palermo;Neuquén;victorialopez@correo.com;41;26983647
Ana;González;Rivadavia 4990;Palermo;Tucumán;anagonzalez@correo.com;51;23354135
Lucas;González;Belgrano 1603;25 de Mayo;Tucumán;lucasgonzalez@correo.com;81;47121650
Lucas;Peralta;Mitre 4010;Palermo;Santa Fe;lucasperalta@correo.com;47;16922106
Isabella;Silva;Pueyrredón 4318;9 de Julio;Tucumán;isabellasilva@correo.com;27;20497715
Sofía;Vidal;Urquiza 2725;Gral. Pico;Santa Fe;sofiavidal@correo.com;60;44581706
Lucas;Díaz;Sarmiento 4875;La Palta;Santa Fe;lucasdiaz@correo.com;22;38550959
Valeria;Romero;Mitre 1019;Gral. Pico;Salta;valeriaromero@correo.com;48;15532975
Ana;Aguirre;Rivadavia 6829;Inmaculada Concepcion;Entre Ríos;anaaguirre@correo.com;44;33700731
Luis;Molina;Pueyrredón 6580;La Palta;Misiones;luismolina@correo.com;21;15422028
Victoria;Peralta;Mitre 2932;Palermo;Chaco;victoriaperalta@correo.com;19;14984092
Santiago;Fernández;Av. San Martín 8656;San Miguel;Misiones;santiagofernandez@correo.com;31;16252768
Diego;Ruiz;Belgrano 9185;La Palta;Buenos Aires;diegoruiz@correo.com;44;32838778
Elena;Martínez;Mitre 5170;9 de Julio;Misiones;elenamartinez@correo.com;81;28310002
Elena;Herrera;Lavalle 9778;San Martin;Tucumán;elenaherrera@correo.com;78;29773637
Luis;Molina;Pueyrredón 2997;La Palta;Buenos Aires;luismolina@correo.com;50;39835284
Gonzalo;Díaz;Belgrano 7063;San Martin;Neuquén;gonzalodiaz@correo.com;42;47000260
Abril;Vidal;Lavalle 7572;Gral. Pico;Salta;abrilvidal@correo.com;55;19815706
Santiago;Castro;Av. San Martín 1045;Inmaculada Concepcion;Chaco;santiagocastro@correo.com;82;27627440
Nicolás;Peralta;Av. San Martín 9728;Gral. Pico;Santa Fe;nicolasperalta@correo.com;52;42477772
Sara;Sánchez;Alvear 9158;Rosario de la Cruz;Salta;sarasanchez@correo.com;61;35736952
Mateo;González;Lavalle 212;25 de Mayo;Córdoba;mateogonzalez@correo.com;41;13494202
Camila;Rojas;Alvear 749;Gral. Pico;Salta;camilarojas@correo.com;26;28053904
Isabella;Martínez;Alvear 6488;Inmaculada Concepcion;Tucumán;isabellamartinez@correo.com;30;13771253
Victoria;Medina;Sarmiento 9662;Gral. Pico;Buenos Aires;victoriamedina@correo.com;34;19150616
Gabriel;Pérez;Lavalle 1381;Rosario de la Cruz;Tucumán;gabrielperez@correo.com;79;37496942
Diego;Fernández;Urquiza 8097;La Palta;Córdoba;diegofernandez@correo.com;48;20176339
Camila;Martínez;Lavalle 2643;9 de Julio;Buenos Aires;camilamartinez@correo.com;55;31459106
Paula;Fernández;Av. San Martín 4526;9 de Julio;Santa Fe;paulafernandez@correo.com;68;32921382
Martina;Rodríguez;Alvear 766;Rosario de la Cruz;Tucumán;martinarodriguez@correo.com;40;35507498
Camila;Gómez;Pueyrredón 3469;9 de Julio;Buenos Aires;camilagomez@correo.com;52;32797775
Diego;Aguirre;Belgrano 6756;San Miguel;Santa Fe;diegoaguirre@correo.com;37;13115168
Valeria;Sánchez;Pueyrredón 9224;Rosario de la Cruz;Chaco;valeriasanchez@correo.com;43;25906184
Valeria;Gómez;Alvear 3546;Palermo;Misiones;valeriagomez@correo.com;65;16446079
Victoria;Castro;Rivadavia 4812;Capitan Mendoza;Misiones;victoriacastro@correo.com;84;13066444
Martina;Pérez;Urquiza 4267;Inmaculada Concepcion;Buenos Aires;martinaperez@correo.com;82;18123898
Daniela;Pérez;Pueyrredón 2582;San Martin;Córdoba;danielaperez@correo.com;64;29312599
Gabriel;Acosta;Pueyrredón 5101;Capitan Mendoza;Salta;gabrielacosta@correo.com;48;11111393
Lucas;Benítez;Lavalle 9558;9 de Julio;Córdoba;lucasbenitez@correo.com;53;40386143
Ana;Benítez;Av. San Martín 4043;Capitan Mendoza;Neuquén;anabenitez@correo.com;62;34614786
Valeria;Rodríguez;Rivadavia 9345;San Miguel;Mendoza;valeriarodriguez@correo.com;21;21667438
Daniela;Castro;Mitre 233;San Miguel;Córdoba;danielacastro@correo.com;82;23742896
Ezequiel;Rojas;Av. San Martín 6799;25 de Mayo;Entre Ríos;ezequielrojas@correo.com;72;36455512
Ignacio;Giménez;Alvear 7244;La Palta;Mendoza;ignaciogimenez@correo.com;41;25111381
Lucía;González;Lavalle 5768;La Palta;Tucumán;luciagonzalez@correo.com;50;36558136
Ezequiel;Silva;Av. San Martín 1878;Rosario de la Cruz;Misiones;ezequielsilva@correo.com;48;15325595
Javier;Guzmán;Urquiza 3509;Inmaculada Concepcion;Córdoba;javierguzman@correo.com;60;14666316
Ezequiel;Ramírez;Rivadavia 3738;San Miguel;Tucumán;ezequielramirez@correo.com;28;43859084
Diego;Giménez;Mitre 5894;San Miguel;Córdoba;diegogimenez@correo.com;58;19450641
Valeria;Martínez;Lavalle 8227;La Palta;Chaco;valeriamartinez@correo.com;48;20122731
Ana;Álvarez;Mitre 5467;La Palta;Misiones;anaalvarez@correo.com;46;43019530
Martina;Giménez;Av. de Mayo 7111;Inmaculada Concepcion;Buenos Aires;martinagimenez@correo.com;51;11571652
Lucas;Guzmán;Av. de Mayo 1514;Inmaculada Concepcion;Chaco;lucasguzman@correo.com;52;47603474
Lucas;Gómez;Alvear 1148;9 de Julio;Córdoba;lucasgomez@correo.com;36;21073520
Paula;Benítez;Sarmiento 1900;Palermo;Entre Ríos;paulabenitez@correo.com;66;18287824
María;Torres;Lavalle 8303;Gral. Pico;Tucumán;mariatorres@correo.com;22;24755533
Javier;Gómez;Urquiza 9664;Gral. Pico;Santa Fe;javiergomez@correo.com;52;41159764
Martina;Díaz;Mitre 8325;25 de Mayo;Misiones;martinadiaz@correo.com;29;27303226
Abril;Rojas;Pueyrredón 3324;25 de Mayo;Chaco;abrilrojas@correo.com;66;47646782
Tomas;Torres;Sarmiento 7533;La Palta;Buenos Aires;tomastorres@correo.com;74;24031498
Agustín;Acosta;Mitre 4078;Palermo;Tucumán;agustinacosta@correo.com;58;15015816
Gonzalo;Martínez;Rivadavia 9930;San Martin;Neuquén;gonzalomartinez@correo.com;46;41799598
Ignacio;Díaz;Av. San Martín 2780;Gral. Pico;Misiones;ignaciodiaz@correo.com;28;33766210
Carlos;Acosta;Mitre 151;Palermo;Entre Ríos;carlosacosta@correo.com;66;34000136
Sara;Acosta;Av. de Mayo 4576;Inmaculada Concepcion;Misiones;saraacosta@correo.com;73;16613469
Sara;Silva;Lavalle 3913;La Palta;Salta;sarasilva@correo.com;32;45374165
Javier;Flores;Belgrano 9808;Palermo;Neuquén;javierflores@correo.com;47;13015480
Joaquín;Flores;Av. San Martín 7274;Rosario de la Cruz;Córdoba;joaquinflores@correo.com;47;13321811
Ignacio;Molina;Pueyrredón 791;Gral. Pico;Buenos Aires;ignaciomolina@correo.com;72;45270668
Abril;Medina;Mitre 9056;Inmaculada Concepcion;Santa Fe;abrilmedina@correo.com;26;36346091
Victoria;Herrera;Av. San Martín 4445;Capitan Mendoza;Chaco;victoriaherrera@correo.com;24;43845940
Valeria;Ruiz;Alvear 3796;La Palta;Neuquén;valeriaruiz@correo.com;33;24832846
Ignacio;Aguirre;Alvear 121;Capitan Mendoza;Neuquén;ignacioaguirre@correo.com;25;30528651
Gabriel;Sosa;Pueyrredón 1142;San Miguel;Santa Fe;gabrielsosa@correo.com;37;45027856
Gabriel;Martínez;Sarmiento 3412;9 de Julio;Buenos Aires;gabrielmartinez@correo.com;22;21520831
Martina;Aguirre;Av. de Mayo 5615;San Miguel;Mendoza;martinaaguirre@correo.com;32;40448546
Gabriel;Romero;Sarmiento 5;Rosario de la Cruz;Neuquén;gabrielromero@correo.com;21;17041573
Agustín;Díaz;Rivadavia 944;25 de Mayo;Neuquén;agustindiaz@correo.com;20;24165132
Luis;Vidal;Mitre 1076;25 de Mayo;Neuquén;luisvidal@correo.com;70;34997510
Elena;González;Alvear 3967;Inmaculada Concepcion;Neuquén;elenagonzalez@correo.com;56;40948022
Ana;Sánchez;Pueyrredón 210;Rosario de la Cruz;Misiones;anasanchez@correo.com;66;20959859
Javier;Molina;Rivadavia 4728;La Palta;Santa Fe;javiermolina@correo.com;24;14283488
Elena;Molina;Av. San Martín 4711;25 de Mayo;Santa Fe;elenamolina@correo.com;61;36962117
Ezequiel;Ruiz;Av. de Mayo 1177;Capitan Mendoza;Misiones;ezequielruiz@correo.com;48;38797710
Gabriel;Silva;Sarmiento 3988;Gral. Pico;Santa Fe;gabrielsilva@correo.com;56;30558291
Gabriel;Martínez;Belgrano 8860;Palermo;Santa Fe;gabrielmartinez@correo.com;62;33051663
Ignacio;Sánchez;Av. de Mayo 3358;La Palta;Neuquén;ignaciosanchez@correo.com;27;28365355
Isabella;Benítez;Belgrano 6427;San Miguel;Misiones;isabellabenitez@correo.com;59;35765952
Ana;Castro;Rivadavia 8731;Gral. Pico;Entre Ríos;anacastro@correo.com;35;36369673
Valeria;Torres;Pueyrredón 7019;Capitan Mendoza;Tucumán;valeriatorres@correo.com;54;25010872
Nicolás;Benítez;Pueyrredón 1232;9 de Julio;Tucumán;nicolasbenitez@correo.com;76;14121838
Natalia;Medina;Av. San Martín 1652;25 de Mayo;Salta;nataliamedina@correo.com;41;20101719
Javier;Rojas;Belgrano 4074;25 de Mayo;Córdoba;javierrojas@correo.com;35;45810786
Lucía;González;Lavalle 5354;Gral. Pico;Córdoba;luciagonzalez@correo.com;48;27212249
Daniela;Martínez;Pueyrredón 2753;San Miguel;Misiones;danielamartinez@correo.com;52;20366510
Victoria;Sánchez;Av. de Mayo 9282;9 de Julio;Córdoba;victoriasanchez@correo.com;80;13778469
Valeria;Romero;Av. San Martín 5219;Capitan Mendoza;Buenos Aires;valeriaromero@correo.com;54;46190512
Abril;Pérez;Av. de Mayo 8464;Inmaculada Concepcion;Salta;abrilperez@correo.com;56;30046316
Sofía;Rojas;Mitre 6816;25 de Mayo;Mendoza;sofiarojas@correo.com;26;30026092
Natalia;Díaz;Pueyrredón 5464;25 de Mayo;Córdoba;nataliadiaz@correo.com;21;28872677
Luis;Ruiz;Av. San Martín 2414;Gral. Pico;Entre Ríos;luisruiz@correo.com;77;20487155
Sara;Ruiz;Av. San Martín 3291;La Palta;Salta;sararuiz@correo.com;69;27374947
Nicolás;Gómez;Alvear 4273;25 de Mayo;Entre Ríos;nicolasgomez@correo.com;19;27160187
Victoria;Sánchez;Av. de Mayo 1957;25 de Mayo;Chaco;victoriasanchez@correo.com;23;38326816
Daniela;Giménez;Lavalle 2443;Palermo;Mendoza;danielagimenez@correo.com;64;22217551
Agustín;Sosa;Lavalle 763;San Miguel;Buenos Aires;agustinsosa@correo.com;60;17660269
Sofía;Gómez;Pueyrredón 8239;Inmaculada Concepcion;Córdoba;sofiagomez@correo.com;76;26934184
Martina;Gómez;Av. de Mayo 4693;Palermo;Misiones;martinagomez@correo.com;63;18883502
Tomas;Acosta;Sarmiento 959;San Miguel;Buenos Aires;tomasacosta@correo.com;29;32983466
Camila;González;Urquiza 2756;Inmaculada Concepcion;Salta;camilagonzalez@correo.com;28;44195755
Elena;Fernández;Av. San Martín 9874;San Miguel;Chaco;elenafernandez@correo.com;74;21954782
Isabella;Ramírez;Av. de Mayo 91;Rosario de la Cruz;Chaco;isabellaramirez@correo.com;47;32535977
Javier;Rojas;Belgrano 976;Gral. Pico;Entre Ríos;javierrojas@correo.com;36;27261285
Carlos;Guzmán;Av. de Mayo 1419;San Miguel;Mendoza;carlosguzman@correo.com;27;23744355
Javier;López;Av. de Mayo 1949;Rosario de la Cruz;Buenos Aires;javierlopez@correo.com;83;37183353
Javier;Aguirre;Alvear 7679;Palermo;Neuquén;javieraguirre@correo.com;34;41055030
Mateo;Ramírez;Av. San Martín 3552;San Miguel;Buenos Aires;mateoramirez@correo.com;38;39628703
Tomas;Romero;Alvear 192;Inmaculada Concepcion;Misiones;tomasromero@correo.com;72;41312903
Natalia;Sánchez;Belgrano 5263;San Miguel;Córdoba;nataliasanchez@correo.com;38;44152234
Valeria;Castro;Pueyrredón 954;San Miguel;Entre Ríos;valeriacastro@correo.com;42;11625879
Ana;Gómez;Av. de Mayo 7358;9 de Julio;Entre Ríos;anagomez@correo.com;60;40528782
Carlos;Aguirre;Alvear 5896;Gral. Pico;Chaco;carlosaguirre@correo.com;59;34037344
Victoria;Castro;Sarmiento 7064;25 de Mayo;Santa Fe;victoriacastro@correo.com;32;15642598
Javier;García;Urquiza 4958;Palermo;Mendoza;javiergarcia@correo.com;24;37875886
María;Medina;Lavalle 3830;9 de Julio;Entre Ríos;mariamedina@correo.com;44;39132536
Mateo;Álvarez;Urquiza 7642;Inmaculada Concepcion;Buenos Aires;mateoalvarez@correo.com;21;30005637
Isabella;Rojas;Urquiza 2039;Gral. Pico;Mendoza;isabellarojas@correo.com;70;43467111
Mateo;Torres;Lavalle 1231;San Martin;Salta;mateotorres@correo.com;76;46809417
Daniela;Álvarez;Mitre 2536;Rosario de la Cruz;Entre Ríos;danielaalvarez@correo.com;56;35841328
Paula;Gómez;Mitre 3032;Rosario de la Cruz;Misiones;paulagomez@correo.com;35;17280869
Joaquín;Aguirre;Lavalle 5773;Gral. Pico;Mendoza;joaquinaguirre@correo.com;58;40574225
Ana;Rojas;Rivadavia 1869;Palermo;Buenos Aires;anarojas@correo.com;39;27971779
Joaquín;Ruiz;Sarmiento 694;San Miguel;Santa Fe;joaquinruiz@correo.com;84;19187266
Camila;Sosa;Av. de Mayo 8215;San Martin;Salta;camilasosa@correo.com;30;15376769
Daniela;Torres;Av. San Martín 4342;25 de Mayo;Córdoba;danielatorres@correo.com;66;39249342
Diego;Rojas;Belgrano 5888;25 de Mayo;Mendoza;diegorojas@correo.com;65;44212928
Natalia;López;Av. de Mayo 4265;Rosario de la Cruz;Santa Fe;natalialopez@correo.com;65;35953094
Joaquín;Pérez;Av. San Martín 1877;9 de Julio;Neuquén;joaquinperez@correo.com;36;23420344
Diego;Martínez;Mitre 1429;Rosario de la Cruz;Córdoba;diegomartinez@correo.com;30;41680136
Ana;Rojas;Av. San Martín 5844;25 de Mayo;Entre Ríos;anarojas@correo.com;74;46898799
Sofía;Flores;Mitre 5224;Palermo;Entre Ríos;sofiaflores@correo.com;63;39158185
Diego;Sosa;Av. de Mayo 4403;La Palta;Salta;diegososa@correo.com;56;23103637
Tomas;Guzmán;Rivadavia 8361;Gral. Pico;Buenos Aires;tomasguzman@correo.com;58;34272265
Natalia;Sánchez;Mitre 6375;Rosario de la Cruz;Chaco;nataliasanchez@correo.com;56;23560994
Victoria;Flores;Belgrano 3277;Gral. Pico;Misiones;victoriaflores@correo.com;50;39689196
Ignacio;Medina;Pueyrredón 1188;Capitan Mendoza;Santa Fe;ignaciomedina@correo.com;67;32140935
María;Sánchez;Belgrano 6484;Inmaculada Concepcion;Salta;mariasanchez@correo.com;25;12346469
Sara;Pérez;Rivadavia 2232;Inmaculada Concepcion;Santa Fe;saraperez@correo.com;40;15755354
Mateo;Castro;Urquiza 3731;Capitan Mendoza;Mendoza;mateocastro@correo.com;55;37845370
Lucía;Pérez;Rivadavia 7989;Rosario de la Cruz;Santa Fe;luciaperez@correo.com;27;34274162
Valeria;Silva;Av. de Mayo 3253;Rosario de la Cruz;Tucumán;valeriasilva@correo.com;81;34607167
Paula;Acosta;Rivadavia 2142;Inmaculada Concepcion;Neuquén;paulaacosta@correo.com;46;32029253
María;Torres;Av. San Martín 2582;San Miguel;Mendoza;mariatorres@correo.com;40;28382686
Tomas;Benítez;Pueyrredón 3388;Palermo;Salta;tomasbenitez@correo.com;81;34564255
Nicolás;González;Sarmiento 9557;Rosario de la Cruz;Misiones;nicolasgonzalez@correo.com;48;35284265
Elena;García;Rivadavia 6495;La Palta;Chaco;elenagarcia@correo.com;67;27505179
Carlos;Díaz;Lavalle 2858;Inmaculada Concepcion;Tucumán;carlosdiaz@correo.com;80;27104721
Agustín;Sosa;Belgrano 3476;San Miguel;Tucumán;agustinsosa@correo.com;59;38965178
Daniela;Romero;Urquiza 1952;Palermo;Mendoza;danielaromero@correo.com;53;16415502
Camila;Molina;Rivadavia 3947;Capitan Mendoza;Mendoza;camilamolina@correo.com;42;34523558
Ana;Sánchez;Urquiza 7514;La Palta;Mendoza;anasanchez@correo.com;80;20329503
Gabriel;Guzmán;Urquiza 3651;Palermo;Tucumán;gabrielguzman@correo.com;46;44742705
Joaquín;Martínez;Lavalle 7759;25 de Mayo;Entre Ríos;joaquinmartinez@correo.com;52;36290372
Ignacio;Vidal;Rivadavia 9584;La Palta;Santa Fe;ignaciovidal@correo.com;40;31409067
Ana;Giménez;Lavalle 800;Palermo;Buenos Aires;anagimenez@correo.com;56;27939135
Daniela;Ramírez;Rivadavia 6726;Gral. Pico;Entre Ríos;danielaramirez@correo.com;41;42734736
Diego;Castro;Mitre 6532;La Palta;Tucumán;diegocastro@correo.com;45;38196852
Elena;Ruiz;Lavalle 9185;Gral. Pico;Mendoza;elenaruiz@correo.com;31;46006959
Nicolás;Herrera;Av. San Martín 1496;San Miguel;Entre Ríos;nicolasherrera@correo.com;26;17891621
Isabella;Ruiz;Lavalle 6508;Gral. Pico;Tucumán;isabellaruiz@correo.com;30;18961111
Daniela;Herrera;Alvear 5843;Palermo;Misiones;danielaherrera@correo.com;83;37238396
Ignacio;Martínez;Av. de Mayo 7681;Gral. Pico;Chaco;ignaciomartinez@correo.com;24;23176335
Carlos;Herrera;Mitre 462;9 de Julio;Chaco;carlosherrera@correo.com;76;16218675
Ana;Aguirre;Mitre 2294;Inmaculada Concepcion;Tucumán;anaaguirre@correo.com;29;29730694
Lucía;Romero;Urquiza 2117;25 de Mayo;Córdoba;luciaromero@correo.com;25;19351253
Joaquín;Medina;Pueyrredón 1733;25 de Mayo;Neuquén;joaquinmedina@correo.com;30;16934931
Gabriel;Aguirre;Urquiza 4236;9 de Julio;Salta;gabrielaguirre@correo.com;30;22628226
Joaquín;Medina;Alvear 5022;Capitan Mendoza;Salta;joaquinmedina@correo.com;65;34977087
Victoria;Castro;Mitre 8696;Palermo;Buenos Aires;victoriacastro@correo.com;50;38564231
Nicolás;Rojas;Belgrano 6598;Inmaculada Concepcion;Neuquén;nicolasrojas@correo.com;59;14843263
Abril;Flores;Av. de Mayo 5331;25 de Mayo;Buenos Aires;abrilflores@correo.com;28;43524493
Carlos;Aguirre;Sarmiento 9547;Palermo;Entre Ríos;carlosaguirre@correo.com;38;41227038
Sara;Sosa;Mitre 52;San Miguel;Tucumán;sarasosa@correo.com;44;40179663
Luis;Sánchez;Lavalle 8173;Inmaculada Concepcion;Córdoba;luissanchez@correo.com;33;32756309
Mateo;Rojas;Av. San Martín 190;Gral. Pico;Chaco;mateorojas@correo.com;58;39420572
Carlos;García;Lavalle 1226;Inmaculada Concepcion;Neuquén;carlosgarcia@correo.com;19;28405343
Gabriel;Sosa;Av. San Martín 1866;Palermo;Buenos Aires;gabrielsosa@correo.com;52;20993682
Javier;López;Sarmiento 2146;Inmaculada Concepcion;Salta;javierlopez@correo.com;57;16240121
Ezequiel;Vidal;Urquiza 4350;25 de Mayo;Buenos Aires;ezequielvidal@correo.com;27;14945989
Sofía;Giménez;Belgrano 4195;Capitan Mendoza;Misiones;sofiagimenez@correo.com;18;21299562
Ana;Ruiz;Lavalle 540;Gral. Pico;Entre Ríos;anaruiz@correo.com;61;14122495
Santiago;Díaz;Lavalle 8766;9 de Julio;Neuquén;santiagodiaz@correo.com;64;42191726
Mateo;Flores;Urquiza 6122;Palermo;Buenos Aires;mateoflores@correo.com;71;35756457
Agustín;Ramírez;Alvear 5104;La Palta;Misiones;agustinramirez@correo.com;49;11924078
Diego;Aguirre;Belgrano 7949;San Miguel;Entre Ríos;diegoaguirre@correo.com;53;43600295
Daniela;Aguirre;Belgrano 3301;San Miguel;Neuquén;danielaaguirre@correo.com;30;13640323
Valeria;Ruiz;Av. San Martín 9065;San Martin;Chaco;valeriaruiz@correo.com;54;30909371
Paula;Gómez;Rivadavia 3048;Palermo;Entre Ríos;paulagomez@correo.com;81;42219116
Ignacio;Benítez;Mitre 4481;9 de Julio;Mendoza;ignaciobenitez@correo.com;64;19133270
Sofía;Silva;Pueyrredón 515;Palermo;Mendoza;sofiasilva@correo.com;23;22900105
Lucía;Gómez;Rivadavia 7165;La Palta;Buenos Aires;luciagomez@correo.com;52;24371526
Lucas;López;Lavalle 515;La Palta;Chaco;lucaslopez@correo.com;56;31272398
Ezequiel;Acosta;Belgrano 2890;San Miguel;Tucumán;ezequielacosta@correo.com;79;42818172
Luis;Ruiz;Mitre 9814;9 de Julio;Entre Ríos;luisruiz@correo.com;39;22761665
Lucas;Torres;Lavalle 8217;Palermo;Mendoza;lucastorres@correo.com;60;33366548
Lucía;Benítez;Mitre 6120;Rosario de la Cruz;Entre Ríos;luciabenitez@correo.com;19;39173720
Luis;Torres;Belgrano 3138;La Palta;Córdoba;luistorres@correo.com;77;44196460
Victoria;Díaz;Urquiza 3543;Palermo;Neuquén;victoriadiaz@correo.com;63;22813839
Elena;Ruiz;Lavalle 7106;Capitan Mendoza;Buenos Aires;elenaruiz@correo.com;65;12736509
María;Torres;Alvear 9875;9 de Julio;Neuquén;mariatorres@correo.com;48;29492104
Nicolás;Flores;Rivadavia 4132;9 de Julio;Neuquén;nicolasflores@correo.com;21;38813863
Luis;Sánchez;Lavalle 5027;San Martin;Salta;luissanchez@correo.com;56;43645193
María;García;Lavalle 7214;La Palta;Salta;mariagarcia@correo.com;46;16289530
Lucas;Peralta;Rivadavia 4295;Gral. Pico;Misiones;lucasperalta@correo.com;35;31665695
Martina;Pérez;Mitre 5641;Rosario de la Cruz;Salta;martinaperez@correo.com;71;32081048
Joaquín;Castro;Alvear 4563;Palermo;Córdoba;joaquincastro@correo.com;66;21443162
Valeria;Álvarez;Lavalle 4582;Palermo;Buenos Aires;valeriaalvarez@correo.com;62;34669504
Sofía;Álvarez;Av. de Mayo 9374;San Miguel;Córdoba;sofiaalvarez@correo.com;32;33870265
Joaquín;Sánchez;Rivadavia 4785;San Miguel;Mendoza;joaquinsanchez@correo.com;76;29662688
Camila;Aguirre;Lavalle 1925;San Miguel;Tucumán;camilaaguirre@correo.com;40;11653262
Mateo;Álvarez;Lavalle 7422;Inmaculada Concepcion;Salta;mateoalvarez@correo.com;77;20601427
Paula;Aguirre;Pueyrredón 4680;La Palta;Buenos Aires;paulaaguirre@correo.com;24;28097475
Paula;Giménez;Av. San Martín 1437;Inmaculada Concepcion;Tucumán;paulagimenez@correo.com;61;18645223
Daniela;López;Alvear 2059;La Palta;Córdoba;danielalopez@correo.com;47;35139436
Diego;Ramírez;Rivadavia 751;Gral. Pico;Santa Fe;diegoramirez@correo.com;35;36413885
Agustín;Herrera;Belgrano 4872;La Palta;Salta;agustinherrera@correo.com;70;22610260
Javier;Martínez;Pueyrredón 5114;Inmaculada Concepcion;Santa Fe;javiermartinez@correo.com;38;37237811
Gonzalo;Aguirre;Belgrano 1239;San Miguel;Mendoza;gonzaloaguirre@correo.com;84;19715258
Gonzalo;Flores;Alvear 8087;Palermo;Córdoba;gonzaloflores@correo.com;46;24911106
Ignacio;González;Rivadavia 7986;Inmaculada Concepcion;Mendoza;ignaciogonzalez@correo.com;36;23787401
Sara;González;Lavalle 8670;Gral. Pico;Neuquén;saragonzalez@correo.com;44;16398947
Gonzalo;Sánchez;Av. de Mayo 395;25 de Mayo;Buenos Aires;gonzalosanchez@correo.com;18;19280521
Javier;Sánchez;Mitre 2320;Rosario de la Cruz;Salta;javiersanchez@correo.com;50;31865042
Elena;Sosa;Av. San Martín 5405;San Miguel;Buenos Aires;elenasosa@correo.com;73;26277209
Paula;Pérez;Belgrano 7393;Palermo;Santa Fe;paulaperez@correo.com;80;41211805
Tomas;Molina;Belgrano 9009;25 de Mayo;Tucumán;tomasmolina@correo.com;26;19160700
Paula;Álvarez;Sarmiento 6735;San Miguel;Santa Fe;paulaalvarez@correo.com;73;30856276
Mateo;Sánchez;Urquiza 473;Palermo;Misiones;mateosanchez@correo.com;75;32723389
Diego;Guzmán;Alvear 8245;Inmaculada Concepcion;Misiones;diegoguzman@correo.com;31;47552649
Ignacio;Silva;Urquiza 5435;Palermo;Salta;ignaciosilva@correo.com;81;20194180
Ignacio;García;Urquiza 6396;San Miguel;Santa Fe;ignaciogarcia@correo.com;42;18428190
Natalia;Benítez;Urquiza 6191;San Martin;Chaco;nataliabenitez@correo.com;40;16738819
Joaquín;Medina;Sarmiento 8721;Palermo;Misiones;joaquinmedina@correo.com;81;47411333
Lucía;Fernández;Urquiza 8763;9 de Julio;Buenos Aires;luciafernandez@correo.com;57;31547269
Lucas;Castro;Rivadavia 8264;Capitan Mendoza;Tucumán;lucascastro@correo.com;72;14290171
Gabriel;Álvarez;Av. de Mayo 1130;Gral. Pico;Córdoba;gabrielalvarez@correo.com;48;17780313
Tomas;García;Lavalle 4350;La Palta;Chaco;tomasgarcia@correo.com;68;43869979
Agustín;Gómez;Sarmiento 5834;25 de Mayo;Córdoba;agustingomez@correo.com;77;37652075
Gabriel;Aguirre;Av. de Mayo 1689;La Palta;Chaco;gabrielaguirre@correo.com;44;12042991
Elena;Martínez;Av. de Mayo 8075;9 de Julio;Salta;elenamartinez@correo.com;19;16476265
Lucía;Martínez;Rivadavia 38;25 de Mayo;Misiones;luciamartinez@correo.com;76;24310822
Victoria;Ramírez;Av. San Martín 2330;Capitan Mendoza;Córdoba;victoriaramirez@correo.com;78;31936306
Abril;Ruiz;Av. San Martín 9637;9 de Julio;Salta;abrilruiz@correo.com;73;43507680
Luis;Martínez;Lavalle 8276;Capitan Mendoza;Entre Ríos;luismartinez@correo.com;31;34189512
Javier;Acosta;Rivadavia 9030;Inmaculada Concepcion;Tucumán;javieracosta@correo.com;83;25036666
Elena;López;Alvear 1749;Inmaculada Concepcion;Entre Ríos;elenalopez@correo.com;81;16773686
Santiago;Silva;Alvear 4948;Gral. Pico;Mendoza;santiagosilva@correo.com;59;24184138
Sara;Ramírez;Urquiza 3164;Capitan Mendoza;Buenos Aires;sararamirez@correo.com;82;13309936
Nicolás;Álvarez;Rivadavia 2549;San Miguel;Entre Ríos;nicolasalvarez@correo.com;52;28072028
Elena;Silva;Urquiza 2892;Palermo;Entre Ríos;elenasilva@correo.com;47;47291504
Diego;Molina;Sarmiento 8904;Inmaculada Concepcion;Misiones;diegomolina@correo.com;60;13225161
Ignacio;Medina;Alvear 3922;25 de Mayo;Salta;ignaciomedina@correo.com;22;11357115
Mateo;Molina;Rivadavia 3074;Inmaculada Concepcion;Neuquén;mateomolina@correo.com;24;38119041
Diego;Herrera;Alvear 6453;Rosario de la Cruz;Tucumán;diegoherrera@correo.com;30;28950625
Diego;Acosta;Sarmiento 2150;Inmaculada Concepcion;Santa Fe;diegoacosta@correo.com;45;12236631
Mateo;Rojas;Alvear 6360;San Martin;Córdoba;mateorojas@correo.com;37;33084996
Santiago;Castro;Alvear 2925;San Miguel;Neuquén;santiagocastro@correo.com;67;20954028
Victoria;Benítez;Mitre 402;Inmaculada Concepcion;Tucumán;victoriabenitez@correo.com;59;25401748
Luis;Sosa;Alvear 7957;San Martin;Mendoza;luissosa@correo.com;62;27908636
María;Romero;Mitre 5723;Palermo;Misiones;mariaromero@correo.com;49;22871722
Carlos;Vidal;Av. de Mayo 5049;San Miguel;Entre Ríos;carlosvidal@correo.com;67;45930339
Nicolás;Flores;Av. San Martín 4072;9 de Julio;Entre Ríos;nicolasflores@correo.com;64;18919324
Ezequiel;Medina;Lavalle 9316;La Palta;Misiones;ezequielmedina@correo.com;52;32136799
Isabella;Peralta;Sarmiento 959;25 de Mayo;Mendoza;isabellaperalta@correo.com;74;33186813
Mateo;Díaz;Belgrano 2342;Capitan Mendoza;Entre Ríos;mateodiaz@correo.com;29;14519510
Martina;Torres;Sarmiento 8227;San Miguel;Chaco;martinatorres@correo.com;63;15859892
Javier;Pérez;Av. de Mayo 637;Inmaculada Concepcion;Misiones;javierperez@correo.com;46;43107303
Nicolás;Peralta;Urquiza 972;9 de Julio;Santa Fe;nicolasperalta@correo.com;37;44696086
Ignacio;Silva;Av. de Mayo 8499;9 de Julio;Chaco;ignaciosilva@correo.com;48;46255083
Ana;Vidal;Av. de Mayo 4455;San Miguel;Tucumán;anavidal@correo.com;30;41549418
Tomas;Vidal;Sarmiento 8112;Rosario de la Cruz;Córdoba;tomasvidal@correo.com;32;15973831
Carlos;Ruiz;Av. de Mayo 6318;Gral. Pico;Entre Ríos;carlosruiz@correo.com;66;17910556
Daniela;Ruiz;Av. San Martín 1840;Rosario de la Cruz;Córdoba;danielaruiz@correo.com;20;32687100
Ezequiel;Giménez;Rivadavia 5370;San Miguel;Entre Ríos;ezequielgimenez@correo.com;30;15226653
Carlos;Silva;Lavalle 3750;San Miguel;Misiones;carlossilva@correo.com;50;34968343
Lucía;Sánchez;Lavalle 1571;San Miguel;Misiones;luciasanchez@correo.com;76;43331586
Paula;Flores;Alvear 1758;25 de Mayo;Salta;paulaflores@correo.com;44;14367156
Gonzalo;Flores;Lavalle 3295;9 de Julio;Entre Ríos;gonzaloflores@correo.com;77;38825759
Ana;Vidal;Sarmiento 600;Inmaculada Concepcion;Tucumán;anavidal@correo.com;35;32257907
Ignacio;Ruiz;Alvear 31;Rosario de la Cruz;Santa Fe;ignacioruiz@correo.com;62;30958916
Carlos;Pérez;Rivadavia 9746;Gral. Pico;Misiones;carlosperez@correo.com;40;47279774
Victoria;Herrera;Sarmiento 3993;9 de Julio;Neuquén;victoriaherrera@correo.com;62;20131222
Mateo;Medina;Rivadavia 4552;Inmaculada Concepcion;Chaco;mateomedina@correo.com;29;18174688
Javier;Giménez;Urquiza 2109;San Martin;Buenos Aires;javiergimenez@correo.com;23;20809976
Sara;Rodríguez;Pueyrredón 3969;Gral. Pico;Salta;sararodriguez@correo.com;33;30546191
Sofía;Sánchez;Rivadavia 3077;Rosario de la Cruz;Misiones;sofiasanchez@correo.com;81;12170572
Elena;Fernández;Mitre 7530;Rosario de la Cruz;Misiones;elenafernandez@correo.com;82;39180752
Sara;Sosa;Pueyrredón 433;Palermo;Tucumán;sarasosa@correo.com;71;15133786
Lucía;López;Pueyrredón 7375;Rosario de la Cruz;Misiones;lucialopez@correo.com;83;15914861
Lucas;Aguirre;Belgrano 7774;25 de Mayo;Mendoza;lucasaguirre@correo.com;77;32802094
Luis;Herrera;Urquiza 6713;Inmaculada Concepcion;Neuquén;luisherrera@correo.com;30;26714190
Nicolás;Guzmán;Sarmiento 925;Capitan Mendoza;Salta;nicolasguzman@correo.com;58;29477115
Luis;Martínez;Lavalle 538;Palermo;Salta;luismartinez@correo.com;53;38681624
Daniela;Herrera;Urquiza 3270;Rosario de la Cruz;Entre Ríos;danielaherrera@correo.com;63;15208451
Nicolás;Herrera;Av. de Mayo 6319;25 de Mayo;Neuquén;nicolasherrera@correo.com;61;44435525
Ignacio;Aguirre;Sarmiento 4847;Palermo;Córdoba;ignacioaguirre@correo.com;53;36550077
Isabella;Álvarez;Av. San Martín 8136;Inmaculada Concepcion;Mendoza;isabellaalvarez@correo.com;70;44639480
Isabella;Medina;Pueyrredón 595;Gral. Pico;Entre Ríos;isabellamedina@correo.com;70;34399262
Ignacio;Peralta;Pueyrredón 6107;La Palta;Córdoba;ignacioperalta@correo.com;73;25367807
Sara;Molina;Av. de Mayo 5544;9 de Julio;Misiones;saramolina@correo.com;44;34762929
María;Torres;Sarmiento 995;Capitan Mendoza;Salta;mariatorres@correo.com;83;18795580
María;Rodríguez;Urquiza 6823;San Miguel;Salta;mariarodriguez@correo.com;25;26122817
María;Castro;Lavalle 5768;Capitan Mendoza;Mendoza;mariacastro@correo.com;25;33718612
Agustín;Gómez;Av. San Martín 2696;Inmaculada Concepcion;Buenos Aires;agustingomez@correo.com;59;41384076
Tomas;García;Rivadavia 9132;San Miguel;Misiones;tomasgarcia@correo.com;65;45768559
Agustín;Fernández;Sarmiento 8712;La Palta;Mendoza;agustinfernandez@correo.com;38;17263202
Paula;González;Rivadavia 3129;Capitan Mendoza;Salta;paulagonzalez@correo.com;52;26373707
Santiago;Acosta;Alvear 5814;San Miguel;Mendoza;santiagoacosta@correo.com;77;32532615
María;Álvarez;Alvear 21;La Palta;Misiones;mariaalvarez@correo.com;24;32287637
Abril;Rodríguez;Sarmiento 4246;San Miguel;Entre Ríos;abrilrodriguez@correo.com;18;23799203
Santiago;Vidal;Lavalle 5887;San Miguel;Misiones;santiagovidal@correo.com;49;46247716
Abril;Romero;Alvear 9244;25 de Mayo;Mendoza;abrilromero@correo.com;83;15773656
Ana;Guzmán;Lavalle 7315;Capitan Mendoza;Neuquén;anaguzman@correo.com;76;41771309
Agustín;Fernández;Pueyrredón 9600;La Palta;Córdoba;agustinfernandez@correo.com;18;33362382
Luis;Silva;Belgrano 2565;La Palta;Salta;luissilva@correo.com;82;14786007
Daniela;Fernández;Av. San Martín 2803;San Miguel;Salta;danielafernandez@correo.com;46;37852477
Mateo;Gómez;Av. San Martín 347;Palermo;Chaco;mateogomez@correo.com;33;38497185
Elena;González;Urquiza 8747;Palermo;Mendoza;elenagonzalez@correo.com;41;21307605
Javier;Aguirre;Lavalle 4282;Gral. Pico;Chaco;javieraguirre@correo.com;57;25152588
Javier;Molina;Alvear 11;San Martin;Salta;javiermolina@correo.com;57;31490521
Elena;Flores;Rivadavia 9788;25 de Mayo;Misiones;elenaflores@correo.com;41;28312165
María;Díaz;Av. San Martín 4634;La Palta;Chaco;mariadiaz@correo.com;42;29212716
Ezequiel;Gómez;Urquiza 9442;Rosario de la Cruz;Mendoza;ezequielgomez@correo.com;34;46754523
Elena;Guzmán;Urquiza 3943;Gral. Pico;Chaco;elenaguzman@correo.com;35;21104226
Valeria;Romero;Rivadavia 2694;Palermo;Entre Ríos;valeriaromero@correo.com;43;14281306
Isabella;Martínez;Pueyrredón 7878;San Martin;Tucumán;isabellamartinez@correo.com;49;21306470
Ezequiel;González;Av. San Martín 9096;Inmaculada Concepcion;Misiones;ezequielgonzalez@correo.com;71;43278299
María;Díaz;Av. de Mayo 8001;Capitan Mendoza;Tucumán;mariadiaz@correo.com;71;16900185
Tomas;Torres;Belgrano 6927;San Martin;Salta;tomastorres@correo.com;53;30550568
Camila;Peralta;Urquiza 6999;Gral. Pico;Mendoza;camilaperalta@correo.com;50;36802747
Joaquín;Rojas;Sarmiento 3495;Palermo;Chaco;joaquinrojas@correo.com;57;40760331
Carlos;Molina;Lavalle 1025;Gral. Pico;Santa Fe;carlosmolina@correo.com;54;43653023
Ana;Aguirre;Urquiza 446;25 de Mayo;Entre Ríos;anaaguirre@correo.com;83;27903655
Javier;Sosa;Av. San Martín 1557;Palermo;Misiones;javiersosa@correo.com;60;31290620
María;Romero;Mitre 6986;9 de Julio;Santa Fe;mariaromero@correo.com;69;31000377
Isabella;Vidal;Urquiza 6991;San Martin;Neuquén;isabellavidal@correo.com;77;40977435
Nicolás;Díaz;Lavalle 3899;Palermo;Salta;nicolasdiaz@correo.com;21;12901394
Santiago;Aguirre;Mitre 2288;San Miguel;Tucumán;santiagoaguirre@correo.com;32;45737629
Martina;Silva;Av. de Mayo 5233;Capitan Mendoza;Entre Ríos;martinasilva@correo.com;68;28463231
Elena;Castro;Alvear 7109;Inmaculada Concepcion;Chaco;elenacastro@correo.com;23;47541591
Camila;Romero;Rivadavia 1551;Gral. Pico;Buenos Aires;camilaromero@correo.com;34;35262344
Javier;García;Alvear 7020;Inmaculada Concepcion;Misiones;javiergarcia@correo.com;84;29523503
Agustín;Gómez;Lavalle 278;9 de Julio;Entre Ríos;agustingomez@correo.com;43;19942823
Martina;Martínez;Lavalle 9700;9 de Julio;Misiones;martinamartinez@correo.com;80;19574018
Ana;Rodríguez;Urquiza 2321;Inmaculada Concepcion;Mendoza;anarodriguez@correo.com;78;30279938
Carlos;Giménez;Rivadavia 8334;La Palta;Santa Fe;carlosgimenez@correo.com;21;30273690
Gabriel;Ruiz;Pueyrredón 7719;9 de Julio;Mendoza;gabrielruiz@correo.com;26;17825941
Javier;Flores;Av. San Martín 1983;La Palta;Córdoba;javierflores@correo.com;80;37832035
Martina;García;Sarmiento 6266;Gral. Pico;Mendoza;martinagarcia@correo.com;28;19775286
Mateo;Acosta;Alvear 4959;San Martin;Misiones;mateoacosta@correo.com;41;31440382
Luis;Herrera;Belgrano 5956;La Palta;Entre Ríos;luisherrera@correo.com;23;19095810
Daniela;Fernández;Belgrano 2289;La Palta;Córdoba;danielafernandez@correo.com;40;19633494
Joaquín;Martínez;Alvear 9421;Gral. Pico;Mendoza;joaquinmartinez@correo.com;30;16615447
Isabella;Medina;Mitre 9752;Rosario de la Cruz;Mendoza;isabellamedina@correo.com;73;22043781
Luis;Peralta;Mitre 8226;Rosario de la Cruz;Tucumán;luisperalta@correo.com;38;28233484
María;Rodríguez;Sarmiento 9301;9 de Julio;Córdoba;mariarodriguez@correo.com;46;33857823
Camila;Castro;Av. de Mayo 5080;San Miguel;Chaco;camilacastro@correo.com;20;11470049
Isabella;Ramírez;Sarmiento 5733;9 de Julio;Neuquén;isabellaramirez@correo.com;66;39354193
Ezequiel;Gómez;Rivadavia 3450;La Palta;Buenos Aires;ezequielgomez@correo.com;65;19910676
Luis;Medina;Mitre 2120;Inmaculada Concepcion;Misiones;luismedina@correo.com;47;40876725
María;Rodríguez;Belgrano 9434;25 de Mayo;Neuquén;mariarodriguez@correo.com;27;40163260
Ezequiel;López;Alvear 4423;9 de Julio;Salta;ezequiellopez@correo.com;72;15502999
Ezequiel;Benítez;Mitre 915;Inmaculada Concepcion;Buenos Aires;ezequielbenitez@correo.com;57;29175918
Daniela;Rodríguez;Alvear 9142;Inmaculada Concepcion;Mendoza;danielarodriguez@correo.com;60;34624513
Victoria;Silva;Pueyrredón 7463;San Miguel;Entre Ríos;victoriasilva@correo.com;35;19955063
Carlos;Torres;Sarmiento 4442;Inmaculada Concepcion;Mendoza;carlostorres@correo.com;71;45311932
Valeria;Álvarez;Av. San Martín 8473;Inmaculada Concepcion;Neuquén;valeriaalvarez@correo.com;79;27115364
Santiago;Ruiz;Sarmiento 8767;San Martin;Salta;santiagoruiz@correo.com;78;11566257
Carlos;Ruiz;Pueyrredón 22;Capitan Mendoza;Neuquén;carlosruiz@correo.com;58;37300086
Gonzalo;Romero;Av. de Mayo 5415;Rosario de la Cruz;Mendoza;gonzaloromero@correo.com;41;12386935
Nicolás;Gómez;Pueyrredón 4028;San Martin;Córdoba;nicolasgomez@correo.com;30;17150075
Valeria;Acosta;Urquiza 432;9 de Julio;Buenos Aires;valeriaacosta@correo.com;66;42620845
Javier;Aguirre;Belgrano 2590;25 de Mayo;Tucumán;javieraguirre@correo.com;19;18650290
Camila;Castro;Alvear 3920;25 de Mayo;Salta;camilacastro@correo.com;62;24024120
Agustín;Peralta;Belgrano 5140;Inmaculada Concepcion;Misiones;agustinperalta@correo.com;38;25002420
Carlos;Rojas;Lavalle 5801;Palermo;Neuquén;carlosrojas@correo.com;78;37903905
Paula;Sosa;Lavalle 6697;Inmaculada Concepcion;Misiones;paulasosa@correo.com;60;29284974
María;Peralta;Alvear 7438;San Miguel;Tucumán;mariaperalta@correo.com;37;11481035
Joaquín;Álvarez;Pueyrredón 937;Palermo;Salta;joaquinalvarez@correo.com;22;31815687
Lucía;Giménez;Belgrano 8228;Rosario de la Cruz;Misiones;luciagimenez@correo.com;52;44438762
Mateo;Flores;Av. de Mayo 2017;Capitan Mendoza;Mendoza;mateoflores@correo.com;80;26636691
Sara;García;Alvear 8969;San Miguel;Salta;saragarcia@correo.com;77;28790980
Martina;Guzmán;Alvear 5504;25 de Mayo;Mendoza;martinaguzman@correo.com;81;16121789
Agustín;Ruiz;Belgrano 5781;9 de Julio;Tucumán;agustinruiz@correo.com;73;24800090
Carlos;Pérez;Pueyrredón 4831;Inmaculada Concepcion;Córdoba;carlosperez@correo.com;34;18352549
Daniela;Pérez;Av. de Mayo 2177;25 de Mayo;Santa Fe;danielaperez@correo.com;19;40604629
Agustín;Acosta;Alvear 5961;La Palta;Córdoba;agustinacosta@correo.com;28;31962169
Natalia;Sosa;Pueyrredón 7220;San Martin;Buenos Aires;nataliasosa@correo.com;73;40816659
Javier;Benítez;Urquiza 2407;Palermo;Santa Fe;javierbenitez@correo.com;28;47930659
Tomas;Torres;Sarmiento 7282;Palermo;Chaco;tomastorres@correo.com;34;21836011
Lucía;Benítez;Alvear 8797;San Miguel;Córdoba;luciabenitez@correo.com;58;35113400
Joaquín;Díaz;Rivadavia 598;25 de Mayo;Santa Fe;joaquindiaz@correo.com;64;14406085
Diego;Acosta;Urquiza 9541;25 de Mayo;Misiones;diegoacosta@correo.com;59;31240948
Camila;Gómez;Urquiza 85;Inmaculada Concepcion;Salta;camilagomez@correo.com;23;15120927
Sofía;Silva;Mitre 9369;San Martin;Mendoza;sofiasilva@correo.com;48;40635378
Gonzalo;Flores;Sarmiento 2312;San Martin;Salta;gonzaloflores@correo.com;62;23061804
Daniela;Romero;Belgrano 784;La Palta;Córdoba;danielaromero@correo.com;28;20375605
María;Ruiz;Av. de Mayo 5234;Palermo;Santa Fe;mariaruiz@correo.com;26;41413663
Lucas;Rodríguez;Av. San Martín 7256;Palermo;Córdoba;lucasrodriguez@correo.com;38;24292036
Javier;Rodríguez;Lavalle 5543;9 de Julio;Salta;javierrodriguez@correo.com;58;47966230
Joaquín;Peralta;Av. de Mayo 3713;Gral. Pico;Chaco;joaquinperalta@correo.com;60;42969562
Joaquín;Aguirre;Alvear 2821;25 de Mayo;Misiones;joaquinaguirre@correo.com;82;34435308
Gonzalo;Medina;Av. San Martín 5180;9 de Julio;Salta;gonzalomedina@correo.com;44;45801893
Elena;López;Av. de Mayo 8685;La Palta;Santa Fe;elenalopez@correo.com;37;41149243
Javier;López;Av. de Mayo 8293;Capitan Mendoza;Córdoba;javierlopez@correo.com;69;21414859
Tomas;Aguirre;Av. San Martín 7521;Gral. Pico;Mendoza;tomasaguirre@correo.com;30;47163620
Paula;Fernández;Sarmiento 2937;25 de Mayo;Neuquén;paulafernandez@correo.com;60;30801399
Lucas;Acosta;Pueyrredón 8382;Gral. Pico;Tucumán;lucasacosta@correo.com;62;47222864
Natalia;Molina;Av. San Martín 1354;9 de Julio;Misiones;nataliamolina@correo.com;21;18768645
Gabriel;Pérez;Belgrano 5971;La Palta;Buenos Aires;gabrielperez@correo.com;51;16785322
Abril;Díaz;Mitre 7973;25 de Mayo;Neuquén;abrildiaz@correo.com;46;33381650
Luis;Díaz;Av. San Martín 2217;La Palta;Entre Ríos;luisdiaz@correo.com;56;26580681
Paula;Castro;Pueyrredón 9809;25 de Mayo;Entre Ríos;paulacastro@correo.com;28;42635999
Tomas;Medina;Av. de Mayo 456;Inmaculada Concepcion;Buenos Aires;tomasmedina@correo.com;83;25508756
Sofía;Silva;Sarmiento 3937;25 de Mayo;Santa Fe;sofiasilva@correo.com;57;26192128
Natalia;Rojas;Av. San Martín 8949;25 de Mayo;Chaco;nataliarojas@correo.com;77;24793254
Mateo;Ramírez;Mitre 4649;25 de Mayo;Tucumán;mateoramirez@correo.com;41;46718218
Gabriel;Rojas;Av. San Martín 5367;Inmaculada Concepcion;Mendoza;gabrielrojas@correo.com;59;36688744
Lucía;Giménez;Mitre 3096;Rosario de la Cruz;Misiones;luciagimenez@correo.com;41;29857085
Mateo;Aguirre;Belgrano 1641;Rosario de la Cruz;Mendoza;mateoaguirre@correo.com;57;19710836
Abril;Díaz;Alvear 8326;Inmaculada Concepcion;Buenos Aires;abrildiaz@correo.com;21;31085634
Elena;Díaz;Av. de Mayo 1275;Inmaculada Concepcion;Neuquén;elenadiaz@correo.com;71;42878170
Victoria;Ramírez;Av. San Martín 7419;Inmaculada Concepcion;Chaco;victoriaramirez@correo.com;55;47063967
Gonzalo;Molina;Rivadavia 31;San Miguel;Misiones;gonzalomolina@correo.com;39;25609165
Joaquín;Fernández;Belgrano 2778;La Palta;Misiones;joaquinfernandez@correo.com;37;46740113
Martina;González;Pueyrredón 577;9 de Julio;Chaco;martinagonzalez@correo.com;73;41266485
Lucas;Medina;Mitre 1641;Palermo;Tucumán;lucasmedina@correo.com;34;31921851
Mateo;Sánchez;Urquiza 4127;Capitan Mendoza;Tucumán;mateosanchez@correo.com;28;40964935
Javier;Peralta;Av. de Mayo 547;Gral. Pico;Buenos Aires;javierperalta@correo.com;57;35011210
Joaquín;Pérez;Pueyrredón 7765;Rosario de la Cruz;Chaco;joaquinperez@correo.com;23;18787438
Tomas;Pérez;Belgrano 1151;9 de Julio;Córdoba;tomasperez@correo.com;37;21598889
Tomas;Benítez;Pueyrredón 1254;San Martin;Neuquén;tomasbenitez@correo.com;77;20659554
Joaquín;Herrera;Alvear 7306;25 de Mayo;Tucumán;joaquinherrera@correo.com;79;26267640
Agustín;López;Av. San Martín 701;Gral. Pico;Buenos Aires;agustinlopez@correo.com;77;34979900
Ignacio;Álvarez;Lavalle 9615;La Palta;Chaco;ignacioalvarez@correo.com;72;11487967
Javier;González;Belgrano 6405;La Palta;Entre Ríos;javiergonzalez@correo.com;25;12670092
Gabriel;Álvarez;Alvear 4806;San Martin;Entre Ríos;gabrielalvarez@correo.com;66;42873876
Natalia;Ruiz;Lavalle 3171;San Martin;Chaco;nataliaruiz@correo.com;66;36745337
Santiago;Torres;Mitre 7675;Capitan Mendoza;Buenos Aires;santiagotorres@correo.com;25;15953254
Elena;Castro;Belgrano 2594;Inmaculada Concepcion;Buenos Aires;elenacastro@correo.com;75;13429147
Sofía;López;Pueyrredón 7562;Gral. Pico;Chaco;sofialopez@correo.com;25;37891046
Isabella;Giménez;Alvear 2704;Gral. Pico;Misiones;isabellagimenez@correo.com;63;19504490
Ana;Álvarez;Av. San Martín 331;Inmaculada Concepcion;Chaco;anaalvarez@correo.com;54;18187567
Tomas;Pérez;Av. San Martín 4435;9 de Julio;Mendoza;tomasperez@correo.com;32;28650460
Ezequiel;Sosa;Belgrano 2274;Rosario de la Cruz;Entre Ríos;ezequielsosa@correo.com;84;20629685
Agustín;Vidal;Urquiza 6174;Rosario de la Cruz;Córdoba;agustinvidal@correo.com;68;36949944
Tomas;Gómez;Belgrano 7351;La Palta;Mendoza;tomasgomez@correo.com;57;36443913
Carlos;Flores;Rivadavia 1437;25 de Mayo;Tucumán;carlosflores@correo.com;71;32816893
Valeria;Ramírez;Lavalle 645;Capitan Mendoza;Córdoba;valeriaramirez@correo.com;47;23599675
Javier;Benítez;Urquiza 9455;La Palta;Chaco;javierbenitez@correo.com;80;43369199
Javier;Pérez;Mitre 6119;Rosario de la Cruz;Neuquén;javierperez@correo.com;36;33856876
Abril;Molina;Av. de Mayo 6698;Palermo;Tucumán;abrilmolina@correo.com;40;13937265
Luis;Rodríguez;Av. de Mayo 1699;Capitan Mendoza;Salta;luisrodriguez@correo.com;52;41274160
Tomas;Rojas;Mitre 922;San Martin;Santa Fe;tomasrojas@correo.com;63;42015812
Luis;Giménez;Lavalle 1555;Gral. Pico;Córdoba;luisgimenez@correo.com;64;25408401
Mateo;Ramírez;Av. de Mayo 5921;Gral. Pico;Entre Ríos;mateoramirez@correo.com;75;39716925
Agustín;Benítez;Lavalle 2073;Rosario de la Cruz;Neuquén;agustinbenitez@correo.com;82;12301137
Sofía;Silva;Sarmiento 4166;25 de Mayo;Córdoba;sofiasilva@correo.com;70;15400312
Luis;Sosa;Rivadavia 9642;Gral. Pico;Neuquén;luissosa@correo.com;77;20336833
Agustín;Sánchez;Rivadavia 4899;Capitan Mendoza;Entre Ríos;agustinsanchez@correo.com;60;36606836
Tomas;Fernández;Av. San Martín 9902;San Martin;Entre Ríos;tomasfernandez@correo.com;31;20089032
María;González;Av. San Martín 2460;Palermo;Córdoba;mariagonzalez@correo.com;64;46926281
Ignacio;Sánchez;Lavalle 2041;Rosario de la Cruz;Mendoza;ignaciosanchez@correo.com;32;42354968
Daniela;González;Pueyrredón 3276;Palermo;Entre Ríos;danielagonzalez@correo.com;19;45551233
Lucía;Pérez;Sarmiento 451;Capitan Mendoza;Tucumán;luciaperez@correo.com;27;47327738
Gabriel;Silva;Rivadavia 4106;San Miguel;Chaco;gabrielsilva@correo.com;68;11221900
María;Silva;Av. de Mayo 5577;La Palta;Santa Fe;mariasilva@correo.com;41;26372423
Gonzalo;Aguirre;Sarmiento 8190;Rosario de la Cruz;Buenos Aires;gonzaloaguirre@correo.com;51;33579650
Victoria;Vidal;Rivadavia 6011;La Palta;Neuquén;victoriavidal@correo.com;77;39803391
Sara;Castro;Lavalle 5981;Capitan Mendoza;Salta;saracastro@correo.com;69;33369207
Joaquín;Martínez;Pueyrredón 348;Palermo;Salta;joaquinmartinez@correo.com;66;42567704
Elena;Giménez;Mitre 8258;San Martin;Misiones;elenagimenez@correo.com;43;18197427
Elena;Ruiz;Av. de Mayo 4690;San Martin;Misiones;elenaruiz@correo.com;56;39877162
Santiago;González;Av. San Martín 7267;Rosario de la Cruz;Tucumán;santiagogonzalez@correo.com;48;28087151
Tomas;Herrera;Sarmiento 2386;San Martin;Córdoba;tomasherrera@correo.com;33;37707928
Ana;Peralta;Av. San Martín 9524;9 de Julio;Santa Fe;anaperalta@correo.com;81;12037651
Diego;Giménez;Av. de Mayo 1456;Capitan Mendoza;Córdoba;diegogimenez@correo.com;39;33818479
Diego;Rojas;Lavalle 8800;25 de Mayo;Neuquén;diegorojas@correo.com;63;39910036
Mateo;Álvarez;Mitre 1604;San Miguel;Mendoza;mateoalvarez@correo.com;78;43946329
María;Ramírez;Alvear 282;Inmaculada Concepcion;Entre Ríos;mariaramirez@correo.com;47;27323913
Joaquín;Silva;Av. de Mayo 278;Capitan Mendoza;Misiones;joaquinsilva@correo.com;27;21464489
Gabriel;Torres;Mitre 2264;San Miguel;Misiones;gabrieltorres@correo.com;71;27853244
Lucas;Guzmán;Sarmiento 161;Capitan Mendoza;Buenos Aires;lucasguzman@correo.com;32;27716247
Lucas;Vidal;Av. de Mayo 9048;Rosario de la Cruz;Misiones;lucasvidal@correo.com;78;25087561
Santiago;Fernández;Mitre 5738;La Palta;Buenos Aires;santiagofernandez@correo.com;79;14366769
Martina;Sosa;Rivadavia 7197;Gral. Pico;Tucumán;martinasosa@correo.com;82;25384013
Daniela;Torres;Av. de Mayo 4884;San Martin;Misiones;danielatorres@correo.com;68;46805677
Luis;Romero;Alvear 2511;Capitan Mendoza;Chaco;luisromero@correo.com;21;35619251
Tomas;Aguirre;Belgrano 1365;25 de Mayo;Tucumán;tomasaguirre@correo.com;72;12174703
Valeria;Díaz;Av. San Martín 2737;Gral. Pico;Salta;valeriadiaz@correo.com;61;19927611
Nicolás;Rodríguez;Urquiza 370;Palermo;Salta;nicolasrodriguez@correo.com;75;15415968
Diego;Torres;Alvear 9605;Inmaculada Concepcion;Entre Ríos;diegotorres@correo.com;18;17582839
Camila;Gómez;Alvear 8428;25 de Mayo;Santa Fe;camilagomez@correo.com;18;25446093
Carlos;Guzmán;Av. de Mayo 2490;La Palta;Santa Fe;carlosguzman@correo.com;82;15714384
Camila;Castro;Av. de Mayo 4119;Rosario de la Cruz;Córdoba;camilacastro@correo.com;29;35300984
Luis;Fernández;Rivadavia 8982;La Palta;Tucumán;luisfernandez@correo.com;51;27615426
Luis;Aguirre;Pueyrredón 271;Rosario de la Cruz;Santa Fe;luisaguirre@correo.com;41;37005350
Sara;Acosta;Mitre 3476;Palermo;Misiones;saraacosta@correo.com;52;16936659
Agustín;Sosa;Alvear 9270;San Miguel;Salta;agustinsosa@correo.com;18;44826486
Joaquín;Herrera;Av. San Martín 6500;25 de Mayo;Córdoba;joaquinherrera@correo.com;81;15068506
Lucía;Martínez;Rivadavia 1733;San Miguel;Buenos Aires;luciamartinez@correo.com;29;18369869
Carlos;Martínez;Belgrano 4540;9 de Julio;Salta;carlosmartinez@correo.com;32;36682851
Isabella;Pérez;Alvear 3861;Palermo;Chaco;isabellaperez@correo.com;84;38452597
Martina;Pérez;Alvear 5752;Inmaculada Concepcion;Misiones;martinaperez@correo.com;80;32378128
Ezequiel;Medina;Pueyrredón 4315;Palermo;Mendoza;ezequielmedina@correo.com;40;40222240
Sara;Torres;Pueyrredón 9682;La Palta;Buenos Aires;saratorres@correo.com;52;11359574
Santiago;Guzmán;Belgrano 7458;San Martin;Mendoza;santiagoguzman@correo.com;33;15574707
Lucía;Ramírez;Av. de Mayo 4502;Gral. Pico;Chaco;luciaramirez@correo.com;63;11429860
Abril;Álvarez;Av. de Mayo 4604;25 de Mayo;Salta;abrilalvarez@correo.com;52;16858538
Javier;Peralta;Alvear 1124;San Miguel;Tucumán;javierperalta@correo.com;67;38808167
Agustín;Ramírez;Alvear 6338;La Palta;Córdoba;agustinramirez@correo.com;32;30765281
María;Fernández;Pueyrredón 6460;Gral. Pico;Tucumán;mariafernandez@correo.com;26;37197758
Martina;Fernández;Lavalle 2245;9 de Julio;Santa Fe;martinafernandez@correo.com;19;15867964
Lucía;Castro;Pueyrredón 5360;Inmaculada Concepcion;Buenos Aires;luciacastro@correo.com;38;40329104
Daniela;López;Alvear 8261;Gral. Pico;Entre Ríos;danielalopez@correo.com;43;24290314
Santiago;Rodríguez;Av. de Mayo 4476;San Martin;Misiones;santiagorodriguez@correo.com;61;29917625
Luis;Pérez;Sarmiento 5564;Palermo;Chaco;luisperez@correo.com;77;19480056
Luis;Díaz;Urquiza 8313;Inmaculada Concepcion;Buenos Aires;luisdiaz@correo.com;29;14558232
Gabriel;López;Pueyrredón 206;San Martin;Tucumán;gabriellopez@correo.com;50;24906334
Lucía;Silva;Av. San Martín 9289;La Palta;Santa Fe;luciasilva@correo.com;61;36057596
Isabella;Sosa;Av. de Mayo 4611;San Martin;Entre Ríos;isabellasosa@correo.com;70;31691405
Tomas;Guzmán;Pueyrredón 4663;Rosario de la Cruz;Mendoza;tomasguzman@correo.com;29;35310872
Abril;López;Av. San Martín 6012;Palermo;Chaco;abrillopez@correo.com;29;11766111
Elena;Flores;Av. de Mayo 3744;San Martin;Chaco;elenaflores@correo.com;19;35387673
Agustín;Molina;Urquiza 8158;La Palta;Chaco;agustinmolina@correo.com;54;12575449
Sara;Martínez;Rivadavia 2578;9 de Julio;Neuquén;saramartinez@correo.com;30;32325175
Sofía;Díaz;Mitre 1747;San Martin;Córdoba;sofiadiaz@correo.com;30;42750944
Lucía;Díaz;Mitre 3486;Capitan Mendoza;Mendoza;luciadiaz@correo.com;84;16550616
Paula;Ruiz;Sarmiento 7832;Gral. Pico;Salta;paularuiz@correo.com;30;37847247
Gonzalo;Herrera;Alvear 862;La Palta;Santa Fe;gonzaloherrera@correo.com;66;47742820
Santiago;Álvarez;Mitre 6283;Inmaculada Concepcion;Salta;santiagoalvarez@correo.com;76;14330596
Santiago;Herrera;Rivadavia 6179;25 de Mayo;Buenos Aires;santiagoherrera@correo.com;83;13345609
Valeria;Martínez;Belgrano 3487;San Miguel;Misiones;valeriamartinez@correo.com;73;29639000
Diego;Fernández;Av. de Mayo 4779;Rosario de la Cruz;Salta;diegofernandez@correo.com;76;18584403
Camila;Torres;Urquiza 640;Palermo;Córdoba;camilatorres@correo.com;73;32969940
Isabella;Guzmán;Sarmiento 937;Palermo;Córdoba;isabellaguzman@correo.com;73;45953117
Lucas;Peralta;Sarmiento 4449;La Palta;Entre Ríos;lucasperalta@correo.com;62;34124336
Lucía;Peralta;Sarmiento 3547;Inmaculada Concepcion;Misiones;luciaperalta@correo.com;46;46150769
Santiago;Romero;Av. de Mayo 9355;Gral. Pico;Salta;santiagoromero@correo.com;31;32092946
Gonzalo;Rojas;Urquiza 9136;San Martin;Salta;gonzalorojas@correo.com;51;29450316
Paula;López;Av. de Mayo 8731;Gral. Pico;Salta;paulalopez@correo.com;53;30127636
Ignacio;Díaz;Pueyrredón 3080;9 de Julio;Salta;ignaciodiaz@correo.com;21;45684336
María;Sosa;Pueyrredón 1065;San Martin;Chaco;mariasosa@correo.com;78;41254531
Valeria;Fernández;Lavalle 3780;9 de Julio;Buenos Aires;valeriafernandez@correo.com;29;35856108
Ana;Herrera;Urquiza 2065;9 de Julio;Córdoba;anaherrera@correo.com;57;36667280
Agustín;Rodríguez;Alvear 6688;25 de Mayo;Entre Ríos;agustinrodriguez@correo.com;47;39494569
Ana;Molina;Belgrano 3795;San Miguel;Entre Ríos;anamolina@correo.com;77;24551939
Luis;Ruiz;Lavalle 9071;Gral. Pico;Entre Ríos;luisruiz@correo.com;82;41921433
Joaquín;Rodríguez;Mitre 1916;25 de Mayo;Buenos Aires;joaquinrodriguez@correo.com;75;18329497
María;Sánchez;Lavalle 4364;Gral. Pico;Córdoba;mariasanchez@correo.com;48;15384956
Isabella;Rodríguez;Rivadavia 613;Gral. Pico;Entre Ríos;isabellarodriguez@correo.com;31;46214209
Victoria;Herrera;Pueyrredón 1207;Gral. Pico;Salta;victoriaherrera@correo.com;35;14450546
Carlos;Romero;Sarmiento 637;Gral. Pico;Misiones;carlosromero@correo.com;24;25348127
Martina;Ruiz;Sarmiento 3850;San Martin;Buenos Aires;martinaruiz@correo.com;81;18227496
Gabriel;Molina;Pueyrredón 7186;La Palta;Córdoba;gabrielmolina@correo.com;57;27930846
Agustín;Medina;Urquiza 6264;9 de Julio;Mendoza;agustinmedina@correo.com;72;31564331
Mateo;Aguirre;Belgrano 2938;9 de Julio;Salta;mateoaguirre@correo.com;42;33566637
Paula;Sánchez;Rivadavia 4460;Gral. Pico;Salta;paulasanchez@correo.com;55;41789034
Victoria;Rojas;Pueyrredón 5914;La Palta;Buenos Aires;victoriarojas@correo.com;72;44670140
Agustín;Benítez;Rivadavia 9670;25 de Mayo;Chaco;agustinbenitez@correo.com;78;13995624
Mateo;Ramírez;Rivadavia 4514;9 de Julio;Mendoza;mateoramirez@correo.com;35;28557157
Lucas;Benítez;Pueyrredón 5053;San Miguel;Neuquén;lucasbenitez@correo.com;53;28940408
Ignacio;Castro;Mitre 9198;San Martin;Santa Fe;ignaciocastro@correo.com;68;43776484
Gonzalo;Medina;Av. San Martín 8909;San Martin;Neuquén;gonzalomedina@correo.com;59;28264065
Valeria;Romero;Rivadavia 3825;La Palta;Salta;valeriaromero@correo.com;74;31808894
Mateo;Giménez;Lavalle 6384;La Palta;Santa Fe;mateogimenez@correo.com;46;22011915
Mateo;Castro;Av. San Martín 2681;San Martin;Mendoza;mateocastro@correo.com;28;41401626
Abril;Acosta;Rivadavia 9601;Palermo;Santa Fe;abrilacosta@correo.com;57;38762566
María;Aguirre;Av. San Martín 6127;Gral. Pico;Neuquén;mariaaguirre@correo.com;43;44644128
Lucía;Vidal;Mitre 9844;Palermo;Santa Fe;luciavidal@correo.com;57;13366232
Isabella;Giménez;Urquiza 8142;San Miguel;Misiones;isabellagimenez@correo.com;24;35913478
Agustín;Silva;Mitre 2523;Palermo;Córdoba;agustinsilva@correo.com;41;20715114
Agustín;Molina;Sarmiento 3083;9 de Julio;Mendoza;agustinmolina@correo.com;59;17307275
Gonzalo;Ruiz;Av. de Mayo 6287;San Miguel;Buenos Aires;gonzaloruiz@correo.com;41;41576701
Javier;Fernández;Mitre 6928;Rosario de la Cruz;Santa Fe;javierfernandez@correo.com;44;15429790
Ana;Aguirre;Mitre 794;Gral. Pico;Misiones;anaaguirre@correo.com;35;26728285
Gabriel;Rojas;Alvear 5225;San Martin;Neuquén;gabrielrojas@correo.com;22;43099349
Tomas;Martínez;Av. San Martín 7296;9 de Julio;Salta;tomasmartinez@correo.com;77;41898168
Paula;Ruiz;Av. de Mayo 9343;Palermo;Chaco;paularuiz@correo.com;19;12138755
Martina;Álvarez;Mitre 6298;Palermo;Buenos Aires;martinaalvarez@correo.com;49;28234928
Tomas;Díaz;Pueyrredón 6266;25 de Mayo;Buenos Aires;tomasdiaz@correo.com;32;12880675
Camila;Molina;Av. de Mayo 65;9 de Julio;Mendoza;camilamolina@correo.com;56;44373042
Lucía;Vidal;Pueyrredón 9587;Inmaculada Concepcion;Entre Ríos;luciavidal@correo.com;25;41616225
María;Álvarez;Lavalle 7170;Capitan Mendoza;Misiones;mariaalvarez@correo.com;48;25785840
Gonzalo;Ruiz;Belgrano 4612;San Miguel;Mendoza;gonzaloruiz@correo.com;47;13855757
Ignacio;Sánchez;Alvear 4774;La Palta;Córdoba;ignaciosanchez@correo.com;36;39482236
Camila;Flores;Mitre 3512;25 de Mayo;Mendoza;camilaflores@correo.com;28;12417990
Javier;Martínez;Urquiza 2469;San Martin;Córdoba;javiermartinez@correo.com;24;43198524
Lucía;Flores;Mitre 4104;La Palta;Córdoba;luciaflores@correo.com;30;35387071
Mateo;Vidal;Alvear 2824;San Martin;Santa Fe;mateovidal@correo.com;60;36875117
Ezequiel;Sosa;Lavalle 1297;Palermo;Buenos Aires;ezequielsosa@correo.com;24;31885253
Tomas;Aguirre;Alvear 2729;Inmaculada Concepcion;Buenos Aires;tomasaguirre@correo.com;45;31202019
Sara;Ramírez;Belgrano 8567;Palermo;Misiones;sararamirez@correo.com;37;15459181
Nicolás;Molina;Mitre 7942;Capitan Mendoza;Buenos Aires;nicolasmolina@correo.com;26;46866132
Sofía;Martínez;Belgrano 1780;9 de Julio;Entre Ríos;sofiamartinez@correo.com;25;41106586
Natalia;Álvarez;Pueyrredón 8604;Gral. Pico;Neuquén;nataliaalvarez@correo.com;62;41209508
Javier;García;Sarmiento 3916;Palermo;Córdoba;javiergarcia@correo.com;69;14642776
Ezequiel;Rojas;Pueyrredón 1051;San Miguel;Misiones;ezequielrojas@correo.com;36;46269243
Victoria;Silva;Alvear 155;San Miguel;Salta;victoriasilva@correo.com;50;39492036
Carlos;Sánchez;Pueyrredón 7397;San Miguel;Mendoza;carlossanchez@correo.com;37;46765567
Sofía;Peralta;Lavalle 4832;La Palta;Mendoza;sofiaperalta@correo.com;48;40326241
Santiago;Pérez;Urquiza 517;La Palta;Tucumán;santiagoperez@correo.com;62;42690310
Diego;Pérez;Sarmiento 2255;San Martin;Salta;diegoperez@correo.com;51;15595002
Sara;Martínez;Av. San Martín 4887;Palermo;Chaco;saramartinez@correo.com;32;12449143
Camila;Torres;Mitre 3594;San Miguel;Salta;camilatorres@correo.com;27;19724794
Tomas;Castro;Belgrano 4753;La Palta;Córdoba;tomascastro@correo.com;52;27317565
Martina;Gómez;Sarmiento 9666;La Palta;Tucumán;martinagomez@correo.com;81;13071973
Tomas;Sosa;Rivadavia 2032;Palermo;Buenos Aires;tomassosa@correo.com;81;40131095
Abril;Díaz;Alvear 3858;9 de Julio;Córdoba;abrildiaz@correo.com;23;19765739
Ana;Fernández;Av. de Mayo 3702;Capitan Mendoza;Mendoza;anafernandez@correo.com;46;46948856
Joaquín;Díaz;Mitre 9606;La Palta;Misiones;joaquindiaz@correo.com;79;28408709
Luis;Torres;Belgrano 2402;La Palta;Córdoba;luistorres@correo.com;34;39665819
Luis;Peralta;Pueyrredón 6717;Capitan Mendoza;Neuquén;luisperalta@correo.com;74;22288934
Gonzalo;Torres;Sarmiento 1805;Palermo;Chaco;gonzalotorres@correo.com;37;11559775
María;Acosta;Urquiza 6483;25 de Mayo;Córdoba;mariaacosta@correo.com;42;47497911
Agustín;Flores;Belgrano 1840;Capitan Mendoza;Neuquén;agustinflores@correo.com;23;14037514
Abril;Aguirre;Alvear 7377;San Martin;Entre Ríos;abrilaguirre@correo.com;66;18639808
Ana;Herrera;Pueyrredón 6819;La Palta;Tucumán;anaherrera@correo.com;73;32761800
Javier;Pérez;Rivadavia 3810;9 de Julio;Córdoba;javierperez@correo.com;55;46619482
Nicolás;Martínez;Urquiza 6172;San Miguel;Chaco;nicolasmartinez@correo.com;45;19495154
Javier;Flores;Av. de Mayo 6363;La Palta;Misiones;javierflores@correo.com;71;36735221
Camila;Rojas;Alvear 6413;Palermo;Buenos Aires;camilarojas@correo.com;24;35566178
Agustín;Silva;Pueyrredón 7687;9 de Julio;Buenos Aires;agustinsilva@correo.com;78;36350487
Diego;Rojas;Av. de Mayo 356;25 de Mayo;Misiones;diegorojas@correo.com;54;35420816
Nicolás;Flores;Sarmiento 392;25 de Mayo;Chaco;nicolasflores@correo.com;25;22642269
Sara;Flores;Pueyrredón 581;25 de Mayo;Santa Fe;saraflores@correo.com;35;18683961
Carlos;Gómez;Av. San Martín 3587;La Palta;Tucumán;carlosgomez@correo.com;68;15636126
Valeria;Fernández;Av. San Martín 5748;Rosario de la Cruz;Mendoza;valeriafernandez@correo.com;33;27018520
Elena;Martínez;Belgrano 9005;La Palta;Santa Fe;elenamartinez@correo.com;36;41495232
Ana;Guzmán;Sarmiento 2441;Palermo;Misiones;anaguzman@correo.com;42;30100492
Abril;Aguirre;Urquiza 4956;Inmaculada Concepcion;Tucumán;abrilaguirre@correo.com;57;47818114
Lucas;Díaz;Av. de Mayo 1699;Rosario de la Cruz;Tucumán;lucasdiaz@correo.com;45;17862855
Mateo;Díaz;Av. de Mayo 1870;San Martin;Mendoza;mateodiaz@correo.com;42;18843090
Tomas;Medina;Alvear 5612;Gral. Pico;Buenos Aires;tomasmedina@correo.com;28;45924798
Camila;Silva;Sarmiento 7210;San Martin;Tucumán;camilasilva@correo.com;61;30820109
Ana;Flores;Alvear 7269;Capitan Mendoza;Mendoza;anaflores@correo.com;52;28740218
Paula;García;Urquiza 8155;Inmaculada Concepcion;Buenos Aires;paulagarcia@correo.com;81;38671884
Elena;Álvarez;Urquiza 1010;Gral. Pico;Entre Ríos;elenaalvarez@correo.com;22;11132489
Gonzalo;Álvarez;Lavalle 8038;San Miguel;Chaco;gonzaloalvarez@correo.com;25;18371137
Agustín;Giménez;Av. de Mayo 5808;San Martin;Salta;agustingimenez@correo.com;69;41956240
Mateo;Castro;Belgrano 6354;La Palta;Chaco;mateocastro@correo.com;70;21632407
Abril;Silva;Rivadavia 433;Rosario de la Cruz;Santa Fe;abrilsilva@correo.com;60;41355118
Carlos;Gómez;Av. San Martín 7698;La Palta;Neuquén;carlosgomez@correo.com;77;22158633
Ignacio;Torres;Av. San Martín 9934;San Martin;Buenos Aires;ignaciotorres@correo.com;78;28743879
Camila;Fernández;Alvear 1614;La Palta;Neuquén;camilafernandez@correo.com;41;39902656
Victoria;Romero;Sarmiento 2767;Inmaculada Concepcion;Tucumán;victoriaromero@correo.com;79;28341443
Victoria;Benítez;Av. de Mayo 7273;La Palta;Córdoba;victoriabenitez@correo.com;27;13018784
Abril;Álvarez;Urquiza 4629;La Palta;Santa Fe;abrilalvarez@correo.com;77;20153328
Santiago;Benítez;Av. San Martín 3983;La Palta;Santa Fe;santiagobenitez@correo.com;47;11239217
Mateo;Sosa;Mitre 5074;La Palta;Córdoba;mateososa@correo.com;49;34412555
Natalia;Aguirre;Pueyrredón 8544;9 de Julio;Salta;nataliaaguirre@correo.com;57;22307568
Lucía;Herrera;Pueyrredón 3037;Rosario de la Cruz;Neuquén;luciaherrera@correo.com;35;46199793
Lucas;Silva;Alvear 4908;San Martin;Entre Ríos;lucassilva@correo.com;64;22121530
Abril;García;Sarmiento 6795;9 de Julio;Entre Ríos;abrilgarcia@correo.com;40;17184747
Javier;Castro;Sarmiento 7609;Capitan Mendoza;Misiones;javiercastro@correo.com;62;32142649
Lucía;Romero;Av. de Mayo 3804;Inmaculada Concepcion;Buenos Aires;luciaromero@correo.com;78;24130953
Sara;Pérez;Sarmiento 9961;Palermo;Buenos Aires;saraperez@correo.com;27;15918272
Joaquín;Ramírez;Sarmiento 3904;Capitan Mendoza;Salta;joaquinramirez@correo.com;28;12737652
Ignacio;Sosa;Alvear 1248;San Martin;Córdoba;ignaciososa@correo.com;44;14753799
Diego;Sosa;Mitre 724;Gral. Pico;Entre Ríos;diegososa@correo.com;48;16882528
Abril;Guzmán;Av. de Mayo 4464;Capitan Mendoza;Buenos Aires;abrilguzman@correo.com;42;11964123
Luis;Medina;Mitre 9938;Palermo;Córdoba;luismedina@correo.com;46;26914625
Ignacio;Rojas;Belgrano 2138;9 de Julio;Tucumán;ignaciorojas@correo.com;49;39507737
Santiago;López;Rivadavia 4050;Palermo;Mendoza;santiagolopez@correo.com;84;13230115
Lucas;Vidal;Av. San Martín 134;Capitan Mendoza;Córdoba;lucasvidal@correo.com;54;36988949
María;Díaz;Alvear 5804;La Palta;Tucumán;mariadiaz@correo.com;84;11934988
Sara;López;Belgrano 9784;La Palta;Córdoba;saralopez@correo.com;54;25187258
Mateo;Ruiz;Alvear 6725;Inmaculada Concepcion;Salta;mateoruiz@correo.com;83;15941450
Sofía;Ruiz;Pueyrredón 8704;La Palta;Chaco;sofiaruiz@correo.com;51;45562836
Elena;Fernández;Av. San Martín 9334;San Miguel;Salta;elenafernandez@correo.com;20;47176807
Carlos;Flores;Rivadavia 1525;Capitan Mendoza;Buenos Aires;carlosflores@correo.com;73;37023198
Valeria;Martínez;Pueyrredón 8616;Inmaculada Concepcion;Chaco;valeriamartinez@correo.com;54;28616066
Paula;Vidal;Av. de Mayo 577;Capitan Mendoza;Entre Ríos;paulavidal@correo.com;70;11074096
Gonzalo;Flores;Belgrano 327;Rosario de la Cruz;Córdoba;gonzaloflores@correo.com;24;47719737
Gonzalo;Sánchez;Pueyrredón 2735;Gral. Pico;Chaco;gonzalosanchez@correo.com;33;44260245
Ignacio;Silva;Alvear 7465;Rosario de la Cruz;Chaco;ignaciosilva@correo.com;67;28611551
Ana;Giménez;Mitre 2095;San Miguel;Buenos Aires;anagimenez@correo.com;76;11967597
Luis;Martínez;Alvear 930;Palermo;Entre Ríos;luismartinez@correo.com;34;35808288
Gonzalo;Ramírez;Urquiza 9438;Palermo;Entre Ríos;gonzaloramirez@correo.com;48;33984869
Diego;Ruiz;Sarmiento 4931;Capitan Mendoza;Mendoza;diegoruiz@correo.com;32;29763468
Carlos;Ramírez;Lavalle 9172;San Martin;Entre Ríos;carlosramirez@correo.com;29;22202837
Martina;Díaz;Urquiza 8422;Palermo;Salta;martinadiaz@correo.com;46;47475873
Ezequiel;Herrera;Belgrano 614;Palermo;Neuquén;ezequielherrera@correo.com;40;11715944
Abril;Aguirre;Lavalle 4140;Capitan Mendoza;Entre Ríos;abrilaguirre@correo.com;32;43762342
Gabriel;Vidal;Urquiza 7436;Gral. Pico;Neuquén;gabrielvidal@correo.com;45;44866782
Joaquín;Pérez;Rivadavia 3084;San Miguel;Misiones;joaquinperez@correo.com;35;32775678
Daniela;Vidal;Urquiza 5349;9 de Julio;Buenos Aires;danielavidal@correo.com;41;35427604
Camila;Medina;Mitre 8447;Gral. Pico;Mendoza;camilamedina@correo.com;78;27271180
Paula;García;Rivadavia 5024;San Martin;Salta;paulagarcia@correo.com;31;38509146
Sara;Silva;Rivadavia 3892;Rosario de la Cruz;Neuquén;sarasilva@correo.com;42;41457331
Tomas;López;Rivadavia 4714;La Palta;Tucumán;tomaslopez@correo.com;61;35865035
Lucas;Rodríguez;Lavalle 2392;La Palta;Entre Ríos;lucasrodriguez@correo.com;72;21178518
Nicolás;Guzmán;Mitre 4947;Inmaculada Concepcion;Neuquén;nicolasguzman@correo.com;68;33876754
Natalia;Martínez;Mitre 4763;San Martin;Misiones;nataliamartinez@correo.com;76;13337389
Daniela;Silva;Rivadavia 847;Capitan Mendoza;Mendoza;danielasilva@correo.com;49;22732710
Valeria;Ruiz;Av. San Martín 5953;9 de Julio;Neuquén;valeriaruiz@correo.com;24;24564924
Paula;Aguirre;Sarmiento 1490;Palermo;Mendoza;paulaaguirre@correo.com;83;36650858
Gonzalo;Vidal;Lavalle 1952;Gral. Pico;Chaco;gonzalovidal@correo.com;22;26161064
Daniela;Peralta;Mitre 9051;Rosario de la Cruz;Buenos Aires;danielaperalta@correo.com;44;35737744
Tomas;Acosta;Mitre 2661;Rosario de la Cruz;Chaco;tomasacosta@correo.com;63;19880519
Martina;González;Av. de Mayo 9461;San Miguel;Chaco;martinagonzalez@correo.com;72;46534742
María;Benítez;Av. San Martín 7930;Rosario de la Cruz;Córdoba;mariabenitez@correo.com;34;45876660
Camila;Ramírez;Urquiza 393;25 de Mayo;Neuquén;camilaramirez@correo.com;71;23877418
Isabella;Aguirre;Av. San Martín 1039;25 de Mayo;Tucumán;isabellaaguirre@correo.com;20;16500974
Nicolás;Benítez;Rivadavia 993;Gral. Pico;Santa Fe;nicolasbenitez@correo.com;58;33122219
Paula;Díaz;Alvear 8040;25 de Mayo;Mendoza;pauladiaz@correo.com;24;27774628
Isabella;Romero;Sarmiento 3700;Gral. Pico;Buenos Aires;isabellaromero@correo.com;19;24503170
Nicolás;Fernández;Belgrano 5856;25 de Mayo;Entre Ríos;nicolasfernandez@correo.com;57;24802223
Elena;Pérez;Mitre 8476;25 de Mayo;Chaco;elenaperez@correo.com;43;46852955
Ezequiel;Flores;Rivadavia 7849;San Miguel;Misiones;ezequielflores@correo.com;81;17739021
Ignacio;Benítez;Av. San Martín 1750;Palermo;Santa Fe;ignaciobenitez@correo.com;47;20099292
Abril;Vidal;Mitre 2033;Inmaculada Concepcion;Misiones;abrilvidal@correo.com;36;20086444
Javier;Sánchez;Pueyrredón 547;Rosario de la Cruz;Mendoza;javiersanchez@correo.com;56;18930672
Nicolás;Díaz;Sarmiento 8469;25 de Mayo;Buenos Aires;nicolasdiaz@correo.com;38;16555447
Camila;Romero;Belgrano 3310;San Miguel;Chaco;camilaromero@correo.com;65;20602103
Carlos;Acosta;Sarmiento 9580;Gral. Pico;Neuquén;carlosacosta@correo.com;20;34997582
Sara;Ramírez;Pueyrredón 5845;9 de Julio;Misiones;sararamirez@correo.com;63;36915131
Isabella;Martínez;Av. de Mayo 5340;La Palta;Santa Fe;isabellamartinez@correo.com;69;12753959
Ignacio;García;Urquiza 574;San Miguel;Mendoza;ignaciogarcia@correo.com;23;41722219
Valeria;Molina;Rivadavia 9236;25 de Mayo;Misiones;valeriamolina@correo.com;73;29906474
Victoria;López;Belgrano 5997;San Martin;Entre Ríos;victorialopez@correo.com;41;33676863
Carlos;Acosta;Belgrano 9618;Palermo;Entre Ríos;carlosacosta@correo.com;29;29498101
Santiago;López;Av. San Martín 518;San Miguel;Buenos Aires;santiagolopez@correo.com;22;31450603
Ana;Ramírez;Av. San Martín 9596;Capitan Mendoza;Chaco;anaramirez@correo.com;30;30408765
Lucía;Guzmán;Alvear 3418;Gral. Pico;Salta;luciaguzman@correo.com;40;46561129
Ana;Martínez;Av. San Martín 6266;9 de Julio;Neuquén;anamartinez@correo.com;64;38212483
Javier;Silva;Rivadavia 8194;La Palta;Tucumán;javiersilva@correo.com;21;33008837
Ezequiel;Ramírez;Mitre 3758;Palermo;Neuquén;ezequielramirez@correo.com;73;38013589
Luis;Pérez;Rivadavia 662;Rosario de la Cruz;Buenos Aires;luisperez@correo.com;64;19849570
Joaquín;Flores;Alvear 5022;25 de Mayo;Salta;joaquinflores@correo.com;65;14566941
Ana;Giménez;Pueyrredón 9339;Palermo;Tucumán;anagimenez@correo.com;77;33206448
Elena;Ramírez;Urquiza 5562;Rosario de la Cruz;Misiones;elenaramirez@correo.com;50;16913510
Javier;Torres;Belgrano 3646;Rosario de la Cruz;Mendoza;javiertorres@correo.com;64;42678860
Mateo;Romero;Sarmiento 2655;Rosario de la Cruz;Misiones;mateoromero@correo.com;43;15762824
Carlos;Gómez;Rivadavia 9391;San Martin;Córdoba;carlosgomez@correo.com;19;41980954
Diego;Martínez;Mitre 7477;San Martin;Salta;diegomartinez@correo.com;49;22587421
Ignacio;Flores;Alvear 4222;9 de Julio;Mendoza;ignacioflores@correo.com;61;13692059
Carlos;Flores;Sarmiento 1804;Capitan Mendoza;Buenos Aires;carlosflores@correo.com;32;41699116
Tomas;Benítez;Alvear 1015;San Martin;Entre Ríos;tomasbenitez@correo.com;50;11326430
Mateo;Ramírez;Sarmiento 1797;Gral. Pico;Córdoba;mateoramirez@correo.com;34;32065062
Victoria;Ramírez;Av. de Mayo 5575;San Miguel;Buenos Aires;victoriaramirez@correo.com;33;45101864
Carlos;Aguirre;Lavalle 5285;San Miguel;Misiones;carlosaguirre@correo.com;45;29442530
Gabriel;Álvarez;Sarmiento 522;25 de Mayo;Entre Ríos;gabrielalvarez@correo.com;66;36967836
Agustín;García;Pueyrredón 2712;Inmaculada Concepcion;Córdoba;agustingarcia@correo.com;79;28056212
Javier;Vidal;Lavalle 8913;25 de Mayo;Tucumán;javiervidal@correo.com;82;23180746
Valeria;Fernández;Lavalle 8524;La Palta;Neuquén;valeriafernandez@correo.com;67;37777352
Nicolás;González;Av. San Martín 3624;Gral. Pico;Salta;nicolasgonzalez@correo.com;64;23621462
Ana;Acosta;Sarmiento 5418;9 de Julio;Neuquén;anaacosta@correo.com;21;11242858
Sara;Ruiz;Urquiza 5585;25 de Mayo;Santa Fe;sararuiz@correo.com;55;16855967
Lucas;Pérez;Belgrano 9567;La Palta;Buenos Aires;lucasperez@correo.com;67;23432245
Elena;Rojas;Rivadavia 2046;Inmaculada Concepcion;Entre Ríos;elenarojas@correo.com;35;28079577
Valeria;Romero;Urquiza 7257;Palermo;Neuquén;valeriaromero@correo.com;68;22783893
Gonzalo;Torres;Mitre 1089;Rosario de la Cruz;Tucumán;gonzalotorres@correo.com;50;43369055
Ana;Sánchez;Av. de Mayo 2524;Gral. Pico;Salta;anasanchez@correo.com;21;12638220
Gonzalo;Benítez;Mitre 3177;San Martin;Chaco;gonzalobenitez@correo.com;33;20250996
Daniela;Benítez;Lavalle 5621;9 de Julio;Santa Fe;danielabenitez@correo.com;32;13135144
Nicolás;Fernández;Mitre 4220;La Palta;Misiones;nicolasfernandez@correo.com;56;17942549
Sofía;Rojas;Belgrano 78;25 de Mayo;Santa Fe;sofiarojas@correo.com;43;38383671
Gonzalo;Silva;Av. de Mayo 9185;San Martin;Mendoza;gonzalosilva@correo.com;65;29684285
Luis;Pérez;Mitre 6561;San Martin;Córdoba;luisperez@correo.com;79;35020800
Gonzalo;Ruiz;Av. San Martín 3162;Inmaculada Concepcion;Neuquén;gonzaloruiz@correo.com;30;46666972
Martina;Romero;Av. de Mayo 2579;La Palta;Mendoza;martinaromero@correo.com;79;43095681
Luis;Torres;Av. de Mayo 960;Rosario de la Cruz;Santa Fe;luistorres@correo.com;54;29685647
Joaquín;Ruiz;Sarmiento 4934;Inmaculada Concepcion;Tucumán;joaquinruiz@correo.com;32;35716722
Santiago;Gómez;Sarmiento 1824;San Miguel;Chaco;santiagogomez@correo.com;39;33826728
Gabriel;Silva;Urquiza 7786;25 de Mayo;Chaco;gabrielsilva@correo.com;32;31043800
Paula;Herrera;Rivadavia 7742;Palermo;Entre Ríos;paulaherrera@correo.com;30;44869259
Daniela;Castro;Av. de Mayo 8691;Inmaculada Concepcion;Salta;danielacastro@correo.com;29;44078277
Isabella;López;Urquiza 5828;Gral. Pico;Entre Ríos;isabellalopez@correo.com;24;12340249
Paula;Sánchez;Mitre 6202;25 de Mayo;Mendoza;paulasanchez@correo.com;35;32393037
Valeria;Benítez;Mitre 4089;25 de Mayo;Mendoza;valeriabenitez@correo.com;71;14559877
Tomas;Aguirre;Mitre 3925;Palermo;Chaco;tomasaguirre@correo.com;21;29777601
María;Flores;Rivadavia 6626;Inmaculada Concepcion;Salta;mariaflores@correo.com;83;46647450
Gabriel;Ruiz;Pueyrredón 6836;Gral. Pico;Córdoba;gabrielruiz@correo.com;56;37625685
Sofía;Silva;Av. de Mayo 6404;25 de Mayo;Tucumán;sofiasilva@correo.com;64;38218433
Ana;Giménez;Lavalle 2455;Inmaculada Concepcion;Santa Fe;anagimenez@correo.com;53;13081812
Victoria;González;Av. de Mayo 9746;25 de Mayo;Salta;victoriagonzalez@correo.com;44;23019419
Gonzalo;Rojas;Mitre 8879;Inmaculada Concepcion;Tucumán;gonzalorojas@correo.com;80;47509863
Lucía;Peralta;Belgrano 4613;Gral. Pico;Santa Fe;luciaperalta@correo.com;37;43760944
Joaquín;García;Pueyrredón 3047;Palermo;Misiones;joaquingarcia@correo.com;25;32162881
Lucía;Torres;Sarmiento 4489;25 de Mayo;Tucumán;luciatorres@correo.com;80;23109065
María;Pérez;Av. de Mayo 6638;Palermo;Mendoza;mariaperez@correo.com;18;45409266
Mateo;Pérez;Rivadavia 9435;Capitan Mendoza;Tucumán;mateoperez@correo.com;71;20797949
Ezequiel;López;Rivadavia 6218;Capitan Mendoza;Mendoza;ezequiellopez@correo.com;32;45293956
Camila;Romero;Pueyrredón 2527;Inmaculada Concepcion;Tucumán;camilaromero@correo.com;44;20272680
Gabriel;Giménez;Av. de Mayo 5100;San Miguel;Chaco;gabrielgimenez@correo.com;81;41019380
Victoria;Pérez;Mitre 4547;25 de Mayo;Tucumán;victoriaperez@correo.com;43;45395533
Elena;Sánchez;Av. San Martín 2426;9 de Julio;Entre Ríos;elenasanchez@correo.com;22;24147666
Victoria;Flores;Av. San Martín 9625;Rosario de la Cruz;Buenos Aires;victoriaflores@correo.com;69;31902664
Victoria;Ramírez;Sarmiento 908;Inmaculada Concepcion;Córdoba;victoriaramirez@correo.com;68;39811830
Victoria;Vidal;Pueyrredón 7308;Rosario de la Cruz;Entre Ríos;victoriavidal@correo.com;76;34654259
Abril;González;Pueyrredón 3563;Capitan Mendoza;Entre Ríos;abrilgonzalez@correo.com;51;24455552
Javier;Medina;Lavalle 4838;San Martin;Mendoza;javiermedina@correo.com;29;41158777
Martina;Molina;Rivadavia 2553;La Palta;Santa Fe;martinamolina@correo.com;53;12107553
Martina;Molina;Av. de Mayo 7725;La Palta;Salta;martinamolina@correo.com;22;35046798
Sofía;Romero;Alvear 1444;San Martin;Salta;sofiaromero@correo.com;78;18642868
Camila;Romero;Rivadavia 6450;San Martin;Misiones;camilaromero@correo.com;31;14290067
Paula;Peralta;Av. San Martín 8084;Inmaculada Concepcion;Santa Fe;paulaperalta@correo.com;25;38421232
Diego;Benítez;Av. San Martín 1267;La Palta;Neuquén;diegobenitez@correo.com;63;29393813
Victoria;López;Mitre 8610;Palermo;Buenos Aires;victorialopez@correo.com;45;31534259
Lucía;Peralta;Alvear 119;9 de Julio;Buenos Aires;luciaperalta@correo.com;33;34679079
Lucía;Silva;Rivadavia 1051;9 de Julio;Mendoza;luciasilva@correo.com;59;17152008
Mateo;Medina;Lavalle 1736;9 de Julio;Córdoba;mateomedina@correo.com;42;13892243
Lucía;Vidal;Alvear 2228;9 de Julio;Buenos Aires;luciavidal@correo.com;32;33325043
Javier;Acosta;Av. San Martín 4847;25 de Mayo;Neuquén;javieracosta@correo.com;55;36232024
Nicolás;Acosta;Mitre 3692;Inmaculada Concepcion;Salta;nicolasacosta@correo.com;42;35386945
Joaquín;Ramírez;Belgrano 3042;San Miguel;Salta;joaquinramirez@correo.com;21;22764332
Natalia;Sánchez;Lavalle 1304;9 de Julio;Buenos Aires;nataliasanchez@correo.com;18;24587077
Gonzalo;Benítez;Urquiza 7;Rosario de la Cruz;Mendoza;gonzalobenitez@correo.com;47;47389121
Natalia;Giménez;Urquiza 5293;25 de Mayo;Salta;nataliagimenez@correo.com;27;37594527
Sofía;Ruiz;Urquiza 6905;Capitan Mendoza;Chaco;sofiaruiz@correo.com;30;34929552
Valeria;Aguirre;Rivadavia 1281;San Martin;Salta;valeriaaguirre@correo.com;73;20963333
Isabella;Vidal;Belgrano 6211;Rosario de la Cruz;Salta;isabellavidal@correo.com;26;18163378
Elena;Díaz;Sarmiento 2122;Gral. Pico;Entre Ríos;elenadiaz@correo.com;76;41440526
Isabella;Aguirre;Rivadavia 5856;Rosario de la Cruz;Neuquén;isabellaaguirre@correo.com;75;13512576
Agustín;Herrera;Lavalle 4213;Inmaculada Concepcion;Córdoba;agustinherrera@correo.com;65;31746118
Carlos;Pérez;Sarmiento 5976;Inmaculada Concepcion;Tucumán;carlosperez@correo.com;82;33746736
Victoria;Gómez;Alvear 1801;La Palta;Neuquén;victoriagomez@correo.com;21;24956293
Tomas;Martínez;Urquiza 2902;Capitan Mendoza;Chaco;tomasmartinez@correo.com;84;43319937
Diego;Vidal;Urquiza 5344;Gral. Pico;Mendoza;diegovidal@correo.com;37;22831438
Daniela;Herrera;Sarmiento 5862;9 de Julio;Entre Ríos;danielaherrera@correo.com;37;21131141
Santiago;Peralta;Urquiza 377;Rosario de la Cruz;Santa Fe;santiagoperalta@correo.com;74;12980259
Daniela;Álvarez;Av. San Martín 762;Rosario de la Cruz;Entre Ríos;danielaalvarez@correo.com;77;26370047
Victoria;Díaz;Av. de Mayo 9053;Palermo;Santa Fe;victoriadiaz@correo.com;47;38918171
Sofía;Gómez;Belgrano 7785;25 de Mayo;Entre Ríos;sofiagomez@correo.com;69;39339286
Ezequiel;Ruiz;Alvear 6223;Rosario de la Cruz;Neuquén;ezequielruiz@correo.com;77;28223964
Carlos;Díaz;Pueyrredón 2343;Gral. Pico;Santa Fe;carlosdiaz@correo.com;27;13209371
Ignacio;Romero;Sarmiento 8704;La Palta;Córdoba;ignacioromero@correo.com;80;19266061
Isabella;García;Av. San Martín 5714;San Martin;Misiones;isabellagarcia@correo.com;76;43020287
Elena;Martínez;Av. de Mayo 5208;9 de Julio;Neuquén;elenamartinez@correo.com;21;42976033
Joaquín;Giménez;Av. de Mayo 1304;Palermo;Entre Ríos;joaquingimenez@correo.com;56;37993349
Tomas;Medina;Mitre 3030;San Martin;Mendoza;tomasmedina@correo.com;30;39966073
Lucas;Silva;Alvear 7908;La Palta;Tucumán;lucassilva@correo.com;74;41315428
Gonzalo;Gómez;Belgrano 9848;San Martin;Chaco;gonzalogomez@correo.com;54;29703201
Sara;Rojas;Av. San Martín 346;San Miguel;Chaco;sararojas@correo.com;66;36087044
Gonzalo;Benítez;Av. San Martín 1450;Palermo;Misiones;gonzalobenitez@correo.com;30;11620446
Lucas;Romero;Av. San Martín 3596;Inmaculada Concepcion;Chaco;lucasromero@correo.com;80;25819004
Joaquín;Flores;Sarmiento 7818;Capitan Mendoza;Mendoza;joaquinflores@correo.com;72;12353704
Tomas;Guzmán;Rivadavia 7061;25 de Mayo;Buenos Aires;tomasguzman@correo.com;48;28194018
Santiago;Giménez;Pueyrredón 999;9 de Julio;Santa Fe;santiagogimenez@correo.com;19;38903246
Victoria;Giménez;Av. de Mayo 8727;La Palta;Salta;victoriagimenez@correo.com;56;44351464
Carlos;Sánchez;Belgrano 4611;San Miguel;Buenos Aires;carlossanchez@correo.com;31;41526624
Paula;Sánchez;Pueyrredón 9266;9 de Julio;Salta;paulasanchez@correo.com;53;41187263
Nicolás;Silva;Sarmiento 4807;Gral. Pico;Chaco;nicolassilva@correo.com;24;44948695
Victoria;Ruiz;Lavalle 7462;Capitan Mendoza;Salta;victoriaruiz@correo.com;59;27885121
Elena;González;Av. de Mayo 5232;Gral. Pico;Buenos Aires;elenagonzalez@correo.com;27;47415569
Agustín;Ramírez;Pueyrredón 9321;9 de Julio;Córdoba;agustinramirez@correo.com;41;38170983
Victoria;Aguirre;Lavalle 4112;San Miguel;Neuquén;victoriaaguirre@correo.com;50;21331910
Ana;Ruiz;Belgrano 5518;San Miguel;Misiones;anaruiz@correo.com;64;15212823
Daniela;Acosta;Sarmiento 1732;San Miguel;Mendoza;danielaacosta@correo.com;74;31865812
Sofía;González;Alvear 628;San Miguel;Córdoba;sofiagonzalez@correo.com;33;19974398
Paula;López;Sarmiento 1440;25 de Mayo;Chaco;paulalopez@correo.com;55;32013157
Joaquín;Aguirre;Lavalle 5249;La Palta;Santa Fe;joaquinaguirre@correo.com;31;18766297
Gonzalo;Flores;Av. San Martín 106;Palermo;Neuquén;gonzaloflores@correo.com;52;15330097
Tomas;Guzmán;Rivadavia 2595;Gral. Pico;Buenos Aires;tomasguzman@correo.com;24;20356114
Ignacio;Rojas;Belgrano 1445;Gral. Pico;Mendoza;ignaciorojas@correo.com;27;43246237
María;Silva;Sarmiento 7145;Capitan Mendoza;Entre Ríos;mariasilva@correo.com;38;42143952
María;López;Urquiza 2101;Rosario de la Cruz;Entre Ríos;marialopez@correo.com;49;16518179
María;Flores;Av. San Martín 4054;Gral. Pico;Chaco;mariaflores@correo.com;39;29441268
Nicolás;González;Rivadavia 1424;La Palta;Neuquén;nicolasgonzalez@correo.com;26;15110419
Lucas;Álvarez;Av. de Mayo 8483;San Miguel;Tucumán;lucasalvarez@correo.com;57;46599476
Lucía;Vidal;Av. San Martín 4708;Rosario de la Cruz;Córdoba;luciavidal@correo.com;58;34238029
Gabriel;Díaz;Pueyrredón 901;Inmaculada Concepcion;Córdoba;gabrieldiaz@correo.com;18;41601596
Ana;Álvarez;Sarmiento 1169;9 de Julio;Misiones;anaalvarez@correo.com;75;27061770
Daniela;Pérez;Urquiza 4410;25 de Mayo;Salta;danielaperez@correo.com;63;28677542
Carlos;Álvarez;Sarmiento 3759;San Martin;Neuquén;carlosalvarez@correo.com;54;17399419
Daniela;Guzmán;Alvear 7097;Inmaculada Concepcion;Mendoza;danielaguzman@correo.com;23;27063685
Agustín;López;Urquiza 314;Palermo;Mendoza;agustinlopez@correo.com;28;45737454
Joaquín;Gómez;Mitre 546;Inmaculada Concepcion;Buenos Aires;joaquingomez@correo.com;29;36856492
Agustín;Molina;Lavalle 3888;Gral. Pico;Santa Fe;agustinmolina@correo.com;43;27381662
Paula;Herrera;Av. de Mayo 9218;Capitan Mendoza;Misiones;paulaherrera@correo.com;42;47429009
Valeria;Rodríguez;Av. San Martín 742;Capitan Mendoza;Córdoba;valeriarodriguez@correo.com;20;25402930
Ana;Medina;Mitre 9593;La Palta;Córdoba;anamedina@correo.com;81;35589504
Sara;Sosa;Av. de Mayo 1874;25 de Mayo;Tucumán;sarasosa@correo.com;54;44468577
Joaquín;Pérez;Av. San Martín 5997;San Martin;Mendoza;joaquinperez@correo.com;76;33171343
Abril;Benítez;Av. San Martín 8444;Palermo;Chaco;abrilbenitez@correo.com;62;15282023
Diego;Gómez;Mitre 2374;25 de Mayo;Chaco;diegogomez@correo.com;71;12085063
Daniela;Castro;Mitre 5380;San Miguel;Entre Ríos;danielacastro@correo.com;72;30044115
Valeria;Benítez;Rivadavia 1250;San Martin;Chaco;valeriabenitez@correo.com;43;40971456
María;Silva;Sarmiento 9572;Palermo;Neuquén;mariasilva@correo.com;27;38681607
Sofía;Ruiz;Sarmiento 4658;Palermo;Salta;sofiaruiz@correo.com;69;29627690
Sofía;Torres;Rivadavia 6796;Gral. Pico;Córdoba;sofiatorres@correo.com;63;37823605
Nicolás;González;Av. San Martín 6075;San Miguel;Santa Fe;nicolasgonzalez@correo.com;68;47460363
Agustín;Vidal;Av. San Martín 3657;San Martin;Tucumán;agustinvidal@correo.com;56;47886636
Nicolás;Giménez;Belgrano 3558;Capitan Mendoza;Misiones;nicolasgimenez@correo.com;31;34314159
Elena;Rojas;Urquiza 6125;San Martin;Misiones;elenarojas@correo.com;59;26007947
Carlos;González;Lavalle 3918;Palermo;Buenos Aires;carlosgonzalez@correo.com;71;29301192
Paula;Ruiz;Av. San Martín 4092;Inmaculada Concepcion;Santa Fe;paularuiz@correo.com;81;25197541
Gonzalo;Peralta;Lavalle 143;San Miguel;Buenos Aires;gonzaloperalta@correo.com;49;41768638
Ana;Aguirre;Alvear 4003;25 de Mayo;Misiones;anaaguirre@correo.com;76;26186663
Camila;Aguirre;Belgrano 5917;Capitan Mendoza;Santa Fe;camilaaguirre@correo.com;46;15135466
Lucía;Guzmán;Sarmiento 1063;Inmaculada Concepcion;Córdoba;luciaguzman@correo.com;29;37726724
Nicolás;Aguirre;Urquiza 6278;San Martin;Mendoza;nicolasaguirre@correo.com;55;44376751
Joaquín;García;Av. de Mayo 4850;La Palta;Buenos Aires;joaquingarcia@correo.com;84;34733020
Gonzalo;Acosta;Av. de Mayo 6217;9 de Julio;Misiones;gonzaloacosta@correo.com;38;26216936
Gabriel;Silva;Belgrano 7648;San Martin;Santa Fe;gabrielsilva@correo.com;51;18960838
Elena;Herrera;Rivadavia 3662;Rosario de la Cruz;Neuquén;elenaherrera@correo.com;83;35049884
Valeria;Herrera;Belgrano 3286;Gral. Pico;Entre Ríos;valeriaherrera@correo.com;22;27114208
Nicolás;Herrera;Lavalle 9402;Inmaculada Concepcion;Buenos Aires;nicolasherrera@correo.com;47;17393857
Mateo;Peralta;Av. San Martín 7024;San Miguel;Neuquén;mateoperalta@correo.com;22;26830566
Valeria;Peralta;Mitre 6010;Capitan Mendoza;Chaco;valeriaperalta@correo.com;25;17489800
Valeria;Ruiz;Urquiza 5337;Capitan Mendoza;Tucumán;valeriaruiz@correo.com;72;40675123
Lucía;Benítez;Av. de Mayo 2558;Rosario de la Cruz;Neuquén;luciabenitez@correo.com;26;13268641
Elena;García;Av. San Martín 9691;Rosario de la Cruz;Salta;elenagarcia@correo.com;57;40499839
Gonzalo;Martínez;Mitre 1112;Inmaculada Concepcion;Salta;gonzalomartinez@correo.com;27;21551924
Diego;Sosa;Urquiza 9586;Rosario de la Cruz;Santa Fe;diegososa@correo.com;59;14702204
Camila;Benítez;Pueyrredón 1590;La Palta;Santa Fe;camilabenitez@correo.com;70;39423510
Gabriel;Giménez;Alvear 1833;9 de Julio;Entre Ríos;gabrielgimenez@correo.com;23;31152189
Joaquín;Ruiz;Av. de Mayo 8330;La Palta;Mendoza;joaquinruiz@correo.com;36;38729149
Victoria;Castro;Av. San Martín 2289;Rosario de la Cruz;Chaco;victoriacastro@correo.com;71;36132861
Ezequiel;Flores;Pueyrredón 9525;Gral. Pico;Buenos Aires;ezequielflores@correo.com;47;12396726
Sofía;Vidal;Urquiza 6733;25 de Mayo;Córdoba;sofiavidal@correo.com;38;17355239
Ana;López;Alvear 8581;Palermo;Entre Ríos;analopez@correo.com;20;14352712
Abril;Herrera;Av. San Martín 6349;Rosario de la Cruz;Buenos Aires;abrilherrera@correo.com;84;29065641
Paula;Pérez;Urquiza 365;Rosario de la Cruz;Buenos Aires;paulaperez@correo.com;56;22991003
Camila;Guzmán;Av. San Martín 6925;San Martin;Entre Ríos;camilaguzman@correo.com;38;24822994
Lucas;Álvarez;Sarmiento 4236;San Miguel;Entre Ríos;lucasalvarez@correo.com;43;12166059
Elena;Romero;Mitre 2427;La Palta;Misiones;elenaromero@correo.com;73;16439136
Sara;Fernández;Sarmiento 6924;Gral. Pico;Chaco;sarafernandez@correo.com;68;42599006
Elena;Silva;Belgrano 2881;9 de Julio;Neuquén;elenasilva@correo.com;39;19208695
Ezequiel;Sánchez;Pueyrredón 2594;San Miguel;Misiones;ezequielsanchez@correo.com;56;31138129
Santiago;Rojas;Sarmiento 3679;Rosario de la Cruz;Chaco;santiagorojas@correo.com;63;39780317
Natalia;Rodríguez;Mitre 7596;Rosario de la Cruz;Misiones;nataliarodriguez@correo.com;83;16223564
Sofía;Peralta;Alvear 8491;Inmaculada Concepcion;Tucumán;sofiaperalta@correo.com;45;28068608
Sara;Aguirre;Alvear 9184;San Martin;Santa Fe;saraaguirre@correo.com;35;27136246
Martina;Martínez;Sarmiento 771;San Martin;Mendoza;martinamartinez@correo.com;79;14467882
Nicolás;Pérez;Pueyrredón 6119;Rosario de la Cruz;Neuquén;nicolasperez@correo.com;84;34692969
Lucía;Vidal;Av. de Mayo 4781;San Martin;Buenos Aires;luciavidal@correo.com;67;15168755
Luis;Pérez;Av. de Mayo 7668;Palermo;Mendoza;luisperez@correo.com;54;23064509
Diego;Pérez;Mitre 6759;Palermo;Buenos Aires;diegoperez@correo.com;29;19853262
Gabriel;Ruiz;Pueyrredón 5063;San Miguel;Mendoza;gabrielruiz@correo.com;36;36264021
Sofía;Romero;Rivadavia 773;Palermo;Chaco;sofiaromero@correo.com;84;45522596
Gabriel;Rojas;Mitre 6478;Rosario de la Cruz;Tucumán;gabrielrojas@correo.com;76;14539747
Gonzalo;Silva;Belgrano 9124;Capitan Mendoza;Chaco;gonzalosilva@correo.com;42;17980009
Javier;González;Av. de Mayo 9739;9 de Julio;Santa Fe;javiergonzalez@correo.com;70;32495097
Sofía;Silva;Av. de Mayo 6751;San Miguel;Entre Ríos;sofiasilva@correo.com;40;34774608
Isabella;Aguirre;Mitre 433;Capitan Mendoza;Mendoza;isabellaaguirre@correo.com;82;29612180
Carlos;Álvarez;Av. de Mayo 6574;Palermo;Neuquén;carlosalvarez@correo.com;84;13857135
Nicolás;Fernández;Urquiza 5706;San Martin;Misiones;nicolasfernandez@correo.com;48;39834589
Isabella;Peralta;Av. San Martín 5265;San Miguel;Entre Ríos;isabellaperalta@correo.com;77;46825566
Camila;Ramírez;Urquiza 7447;La Palta;Córdoba;camilaramirez@correo.com;64;28527822
Ezequiel;Vidal;Av. San Martín 7322;Palermo;Buenos Aires;ezequielvidal@correo.com;74;44889704
Gabriel;Ramírez;Urquiza 4445;Rosario de la Cruz;Mendoza;gabrielramirez@correo.com;60;22823856
Santiago;Ramírez;Lavalle 5919;San Miguel;Santa Fe;santiagoramirez@correo.com;79;45698389
Martina;Fernández;Sarmiento 3741;25 de Mayo;Neuquén;martinafernandez@correo.com;63;34574206
Martina;Sánchez;Alvear 614;San Martin;Córdoba;martinasanchez@correo.com;19;20267144
Martina;Peralta;Belgrano 2539;San Miguel;Entre Ríos;martinaperalta@correo.com;35;19971562
Elena;Romero;Pueyrredón 7615;25 de Mayo;Mendoza;elenaromero@correo.com;70;42618115
Martina;Rojas;Av. de Mayo 84;San Miguel;Buenos Aires;martinarojas@correo.com;57;41937537
Sara;Sánchez;Mitre 2151;Rosario de la Cruz;Mendoza;sarasanchez@correo.com;67;21267118
Sara;Gómez;Av. de Mayo 5132;Palermo;Buenos Aires;saragomez@correo.com;52;42187559
Daniela;Flores;Sarmiento 5964;9 de Julio;Buenos Aires;danielaflores@correo.com;51;21347572
Sofía;Ramírez;Rivadavia 3579;9 de Julio;Tucumán;sofiaramirez@correo.com;64;21290746
Ezequiel;Ruiz;Alvear 1392;Gral. Pico;Chaco;ezequielruiz@correo.com;28;13643102
Lucas;Sosa;Urquiza 4689;Rosario de la Cruz;Chaco;lucassosa@correo.com;58;16269810
Nicolás;García;Av. de Mayo 2499;Capitan Mendoza;Tucumán;nicolasgarcia@correo.com;58;30782288
Sara;Peralta;Pueyrredón 8760;Palermo;Entre Ríos;saraperalta@correo.com;72;14102113
Ana;García;Av. de Mayo 386;Gral. Pico;Santa Fe;anagarcia@correo.com;31;24516847
Ezequiel;Fernández;Lavalle 904;Palermo;Tucumán;ezequielfernandez@correo.com;64;30632861
Ana;González;Sarmiento 8583;9 de Julio;Salta;anagonzalez@correo.com;36;28837951
Ezequiel;Vidal;Lavalle 6812;Palermo;Misiones;ezequielvidal@correo.com;53;29714791
Lucía;Peralta;Mitre 4020;La Palta;Buenos Aires;luciaperalta@correo.com;60;31310541
Mateo;Romero;Sarmiento 7262;Rosario de la Cruz;Córdoba;mateoromero@correo.com;46;16132867
Mateo;López;Mitre 5978;San Martin;Tucumán;mateolopez@correo.com;68;17457617
Elena;Benítez;Lavalle 623;25 de Mayo;Buenos Aires;elenabenitez@correo.com;33;40086760
Nicolás;Aguirre;Sarmiento 9861;La Palta;Misiones;nicolasaguirre@correo.com;52;13195472
Victoria;Ramírez;Sarmiento 4065;Rosario de la Cruz;Entre Ríos;victoriaramirez@correo.com;45;25131582
Nicolás;Sosa;Av. San Martín 8230;9 de Julio;Buenos Aires;nicolassosa@correo.com;48;36390490
Natalia;Giménez;Av. de Mayo 6783;9 de Julio;Misiones;nataliagimenez@correo.com;68;12542869
Ezequiel;Sánchez;Rivadavia 6574;9 de Julio;Mendoza;ezequielsanchez@correo.com;79;23877301
Tomas;Álvarez;Urquiza 7171;25 de Mayo;Tucumán;tomasalvarez@correo.com;60;16601303
María;Gómez;Rivadavia 8896;Inmaculada Concepcion;Mendoza;mariagomez@correo.com;51;14654907
María;Álvarez;Mitre 9220;La Palta;Salta;mariaalvarez@correo.com;73;21594703
Agustín;Peralta;Rivadavia 7922;25 de Mayo;Misiones;agustinperalta@correo.com;70;42904640
Sofía;Ruiz;Mitre 7881;Capitan Mendoza;Salta;sofiaruiz@correo.com;78;43932489
Luis;Herrera;Av. San Martín 5611;Inmaculada Concepcion;Buenos Aires;luisherrera@correo.com;24;40776752
Ezequiel;Molina;Alvear 2550;9 de Julio;Córdoba;ezequielmolina@correo.com;54;40729189
Gonzalo;López;Urquiza 9721;Gral. Pico;Mendoza;gonzalolopez@correo.com;59;12346060
Sara;Aguirre;Alvear 9636;Palermo;Mendoza;saraaguirre@correo.com;38;25384711
Joaquín;López;Rivadavia 3596;La Palta;Tucumán;joaquinlopez@correo.com;48;38401678
Gonzalo;Fernández;Lavalle 7784;San Miguel;Tucumán;gonzalofernandez@correo.com;83;25121623
Martina;Acosta;Belgrano 767;Capitan Mendoza;Córdoba;martinaacosta@correo.com;73;21936993
Gabriel;Guzmán;Sarmiento 8412;25 de Mayo;Misiones;gabrielguzman@correo.com;28;22214427
María;Álvarez;Av. de Mayo 9668;San Miguel;Entre Ríos;mariaalvarez@correo.com;18;41418706
Victoria;Torres;Alvear 9754;Inmaculada Concepcion;Buenos Aires;victoriatorres@correo.com;28;44575758
Martina;Vidal;Av. San Martín 6157;San Martin;Mendoza;martinavidal@correo.com;50;11209589
Santiago;Giménez;Alvear 1392;San Martin;Entre Ríos;santiagogimenez@correo.com;44;19295722
Nicolás;Peralta;Av. de Mayo 8630;Palermo;Buenos Aires;nicolasperalta@correo.com;69;11954579
Carlos;Acosta;Urquiza 8670;La Palta;Córdoba;carlosacosta@correo.com;66;22564962
Valeria;Fernández;Urquiza 510;25 de Mayo;Tucumán;valeriafernandez@correo.com;77;43306265
Nicolás;Molina;Sarmiento 2683;San Martin;Chaco;nicolasmolina@correo.com;36;13400684
Agustín;González;Sarmiento 171;San Miguel;Buenos Aires;agustingonzalez@correo.com;49;44189957
Ignacio;Fernández;Pueyrredón 5206;San Miguel;Tucumán;ignaciofernandez@correo.com;20;23143061
Luis;Medina;Belgrano 3150;La Palta;Córdoba;luismedina@correo.com;82;37495022
Ezequiel;Herrera;Urquiza 3095;La Palta;Buenos Aires;ezequielherrera@correo.com;57;26140138
Sofía;Torres;Urquiza 2633;La Palta;Tucumán;sofiatorres@correo.com;34;33738486
Javier;González;Alvear 6777;Gral. Pico;Buenos Aires;javiergonzalez@correo.com;33;15910338
Diego;Rojas;Rivadavia 2749;Gral. Pico;Mendoza;diegorojas@correo.com;47;13406777
María;Martínez;Rivadavia 4256;Gral. Pico;Tucumán;mariamartinez@correo.com;71;17648478
Ana;Fernández;Pueyrredón 7630;25 de Mayo;Mendoza;anafernandez@correo.com;34;36455267
Valeria;Ruiz;Pueyrredón 7970;Gral. Pico;Santa Fe;valeriaruiz@correo.com;23;44285062
Natalia;Sosa;Urquiza 1117;9 de Julio;Buenos Aires;nataliasosa@correo.com;78;43007489
Ana;Peralta;Lavalle 4349;La Palta;Mendoza;anaperalta@correo.com;52;17483209
Santiago;Torres;Alvear 7089;Inmaculada Concepcion;Neuquén;santiagotorres@correo.com;62;32997890
Santiago;González;Rivadavia 2020;Inmaculada Concepcion;Córdoba;santiagogonzalez@correo.com;49;17463087
Natalia;Pérez;Pueyrredón 8059;Rosario de la Cruz;Santa Fe;nataliaperez@correo.com;42;31693544
Sofía;Peralta;Mitre 8259;San Miguel;Neuquén;sofiaperalta@correo.com;59;35773991
María;Flores;Urquiza 6791;Rosario de la Cruz;Buenos Aires;mariaflores@correo.com;82;35260679
Abril;Silva;Mitre 1353;Palermo;Misiones;abrilsilva@correo.com;68;45468222
Ezequiel;Giménez;Pueyrredón 9766;Gral. Pico;Misiones;ezequielgimenez@correo.com;21;46481222
Gonzalo;Díaz;Urquiza 5464;San Miguel;Entre Ríos;gonzalodiaz@correo.com;57;39356680
Camila;Torres;Av. de Mayo 6103;San Miguel;Buenos Aires;camilatorres@correo.com;47;31783532
María;Benítez;Av. San Martín 8589;Palermo;Santa Fe;mariabenitez@correo.com;55;21613607
Natalia;López;Rivadavia 9755;La Palta;Salta;natalialopez@correo.com;72;45403541
Carlos;López;Belgrano 652;Inmaculada Concepcion;Salta;carloslopez@correo.com;38;21847651
Daniela;Ruiz;Av. San Martín 9501;9 de Julio;Salta;danielaruiz@correo.com;44;41899871
Carlos;Castro;Mitre 6480;San Miguel;Mendoza;carloscastro@correo.com;82;33684063
Valeria;Ramírez;Av. de Mayo 8174;Inmaculada Concepcion;Salta;valeriaramirez@correo.com;81;36640639
Lucas;Torres;Alvear 5503;La Palta;Chaco;lucastorres@correo.com;20;35606038
Paula;Fernández;Lavalle 8728;Rosario de la Cruz;Neuquén;paulafernandez@correo.com;70;39704742
Agustín;Romero;Alvear 8633;Palermo;Neuquén;agustinromero@correo.com;54;30636053
Diego;Medina;Belgrano 6814;Inmaculada Concepcion;Misiones;diegomedina@correo.com;82;39278144
Gonzalo;Castro;Rivadavia 6755;Gral. Pico;Mendoza;gonzalocastro@correo.com;55;26658307
Lucía;Medina;Rivadavia 2786;San Miguel;Salta;luciamedina@correo.com;19;39830859
Lucas;Ramírez;Sarmiento 3557;San Martin;Tucumán;lucasramirez@correo.com;30;43221890
Nicolás;Molina;Lavalle 9437;Capitan Mendoza;Salta;nicolasmolina@correo.com;18;21719999
Natalia;Aguirre;Av. de Mayo 6795;San Miguel;Entre Ríos;nataliaaguirre@correo.com;30;41444044
Santiago;Martínez;Mitre 746;Gral. Pico;Santa Fe;santiagomartinez@correo.com;50;27879148
Sofía;Ramírez;Lavalle 157;San Miguel;Buenos Aires;sofiaramirez@correo.com;34;25061873
Martina;Torres;Pueyrredón 7980;La Palta;Salta;martinatorres@correo.com;71;16295365
Lucía;Álvarez;Lavalle 177;Gral. Pico;Misiones;luciaalvarez@correo.com;28;44671758
Santiago;Rodríguez;Lavalle 9878;Rosario de la Cruz;Neuquén;santiagorodriguez@correo.com;22;21693657
Daniela;Fernández;Av. de Mayo 5349;Gral. Pico;Entre Ríos;danielafernandez@correo.com;41;42946607
Tomas;Aguirre;Pueyrredón 5117;Gral. Pico;Misiones;tomasaguirre@correo.com;26;15808507
Tomas;Molina;Av. de Mayo 9473;Rosario de la Cruz;Mendoza;tomasmolina@correo.com;46;15751084
Paula;Vidal;Sarmiento 1575;Palermo;Buenos Aires;paulavidal@correo.com;30;11654548
Sofía;Castro;Lavalle 7363;Rosario de la Cruz;Buenos Aires;sofiacastro@correo.com;46;29283899
Ana;Díaz;Av. de Mayo 7713;San Miguel;Mendoza;anadiaz@correo.com;81;15050004
Luis;Castro;Av. de Mayo 1159;San Martin;Santa Fe;luiscastro@correo.com;48;30362280
Mateo;Herrera;Sarmiento 8096;Rosario de la Cruz;Entre Ríos;mateoherrera@correo.com;61;19239256
Luis;Guzmán;Belgrano 716;Inmaculada Concepcion;Mendoza;luisguzman@correo.com;43;18064088
Abril;Martínez;Urquiza 5898;Inmaculada Concepcion;Salta;abrilmartinez@correo.com;77;22276849
Mateo;Vidal;Belgrano 1257;Capitan Mendoza;Tucumán;mateovidal@correo.com;56;24105427
Paula;Rodríguez;Sarmiento 1205;9 de Julio;Entre Ríos;paularodriguez@correo.com;63;44828124
Nicolás;Ramírez;Belgrano 5486;Gral. Pico;Misiones;nicolasramirez@correo.com;50;30785058
Javier;Rodríguez;Pueyrredón 2622;Capitan Mendoza;Mendoza;javierrodriguez@correo.com;58;24673415
Ezequiel;Silva;Pueyrredón 2983;San Martin;Entre Ríos;ezequielsilva@correo.com;60;26879156
Ana;González;Belgrano 9385;San Martin;Chaco;anagonzalez@correo.com;45;29013495
Luis;Martínez;Alvear 3936;San Miguel;Salta;luismartinez@correo.com;26;33125565
Gonzalo;Sosa;Pueyrredón 2096;9 de Julio;Chaco;gonzalososa@correo.com;22;11605642
Carlos;Silva;Av. de Mayo 9813;Capitan Mendoza;Mendoza;carlossilva@correo.com;32;16364540
Santiago;Medina;Av. San Martín 8851;San Martin;Chaco;santiagomedina@correo.com;44;35258867
Victoria;Medina;Mitre 267;9 de Julio;Santa Fe;victoriamedina@correo.com;51;20291536
Joaquín;Gómez;Alvear 2711;Inmaculada Concepcion;Tucumán;joaquingomez@correo.com;36;38575209
Paula;Gómez;Av. San Martín 164;La Palta;Misiones;paulagomez@correo.com;67;38882769
Joaquín;Silva;Urquiza 7320;San Miguel;Neuquén;joaquinsilva@correo.com;76;47900659
Isabella;García;Belgrano 6154;Capitan Mendoza;Salta;isabellagarcia@correo.com;45;23086294
Camila;Herrera;Av. San Martín 1701;9 de Julio;Neuquén;camilaherrera@correo.com;57;17164356
Gonzalo;López;Sarmiento 7437;Rosario de la Cruz;Tucumán;gonzalolopez@correo.com;58;45646677
Gabriel;Torres;Belgrano 9538;25 de Mayo;Buenos Aires;gabrieltorres@correo.com;26;37323409
Carlos;Medina;Av. de Mayo 8135;Gral. Pico;Neuquén;carlosmedina@correo.com;18;33165947
Joaquín;Molina;Sarmiento 3401;Inmaculada Concepcion;Salta;joaquinmolina@correo.com;38;11133220
Diego;Giménez;Av. San Martín 8797;La Palta;Mendoza;diegogimenez@correo.com;69;39660450
Camila;Rodríguez;Belgrano 6281;9 de Julio;Córdoba;camilarodriguez@correo.com;50;11965525
Victoria;Sosa;Alvear 2569;9 de Julio;Buenos Aires;victoriasosa@correo.com;49;12892344
Gonzalo;Rodríguez;Belgrano 3129;Palermo;Mendoza;gonzalorodriguez@correo.com;54;13118379
Victoria;Vidal;Av. de Mayo 6126;Palermo;Neuquén;victoriavidal@correo.com;32;21387754
Nicolás;Molina;Lavalle 1580;Gral. Pico;Santa Fe;nicolasmolina@correo.com;29;44184789
Isabella;Sosa;Mitre 2184;9 de Julio;Córdoba;isabellasosa@correo.com;43;13559211
Valeria;Sosa;Mitre 2468;San Martin;Salta;valeriasosa@correo.com;52;43698025
Carlos;González;Urquiza 655;Inmaculada Concepcion;Buenos Aires;carlosgonzalez@correo.com;51;46986579
Ezequiel;Benítez;Pueyrredón 7892;La Palta;Tucumán;ezequielbenitez@correo.com;26;35983346
Lucas;Sosa;Av. San Martín 7415;Rosario de la Cruz;Chaco;lucassosa@correo.com;37;30870045
Ana;Molina;Urquiza 751;Rosario de la Cruz;Salta;anamolina@correo.com;82;31789988
María;Díaz;Av. San Martín 9887;Rosario de la Cruz;Entre Ríos;mariadiaz@correo.com;78;32297301
Abril;Martínez;Sarmiento 2606;Rosario de la Cruz;Chaco;abrilmartinez@correo.com;60;37397793
Daniela;López;Belgrano 1442;Palermo;Chaco;danielalopez@correo.com;26;30344521
Camila;Vidal;Rivadavia 4001;Inmaculada Concepcion;Neuquén;camilavidal@correo.com;55;30778190
Lucía;Silva;Sarmiento 1730;25 de Mayo;Mendoza;luciasilva@correo.com;19;36388831
Agustín;Pérez;Urquiza 8016;San Miguel;Santa Fe;agustinperez@correo.com;48;15450736
Natalia;López;Lavalle 101;San Martin;Tucumán;natalialopez@correo.com;58;23674901
Santiago;Peralta;Av. de Mayo 4747;San Martin;Santa Fe;santiagoperalta@correo.com;79;32551632
Abril;Benítez;Mitre 6671;Rosario de la Cruz;Neuquén;abrilbenitez@correo.com;44;17635462
Paula;Díaz;Urquiza 3085;San Martin;Chaco;pauladiaz@correo.com;36;44095836
Luis;Peralta;Rivadavia 6169;San Miguel;Santa Fe;luisperalta@correo.com;59;46755353
Natalia;Sosa;Pueyrredón 9682;Inmaculada Concepcion;Mendoza;nataliasosa@correo.com;71;25894598
Paula;García;Alvear 7174;Rosario de la Cruz;Salta;paulagarcia@correo.com;29;35335158
Valeria;Acosta;Belgrano 2320;25 de Mayo;Misiones;valeriaacosta@correo.com;71;12308743
Camila;Sosa;Rivadavia 801;Palermo;Santa Fe;camilasosa@correo.com;69;27958919
Joaquín;Acosta;Mitre 9635;San Miguel;Tucumán;joaquinacosta@correo.com;69;32788764
Mateo;Díaz;Urquiza 1432;La Palta;Misiones;mateodiaz@correo.com;31;16128732
Abril;Giménez;Alvear 797;Rosario de la Cruz;Mendoza;abrilgimenez@correo.com;54;14908205
Joaquín;Guzmán;Rivadavia 9529;San Martin;Mendoza;joaquinguzman@correo.com;73;44645026
Joaquín;Pérez;Sarmiento 4857;La Palta;Neuquén;joaquinperez@correo.com;68;12693232
Daniela;Vidal;Alvear 1105;La Palta;Chaco;danielavidal@correo.com;72;37783633
Santiago;Aguirre;Sarmiento 1658;25 de Mayo;Entre Ríos;santiagoaguirre@correo.com;65;21012743
Isabella;González;Sarmiento 2071;Gral. Pico;Entre Ríos;isabellagonzalez@correo.com;74;23517984
Javier;Benítez;Belgrano 1670;9 de Julio;Entre Ríos;javierbenitez@correo.com;30;34527865
Gabriel;Herrera;Pueyrredón 249;San Martin;Misiones;gabrielherrera@correo.com;70;19405280
Ana;Benítez;Av. San Martín 9797;Palermo;Salta;anabenitez@correo.com;33;12922336
Camila;Silva;Rivadavia 8835;La Palta;Buenos Aires;camilasilva@correo.com;78;47535379
Valeria;Sosa;Av. de Mayo 2339;Capitan Mendoza;Misiones;valeriasosa@correo.com;49;26225703
María;Martínez;Sarmiento 1741;San Martin;Buenos Aires;mariamartinez@correo.com;25;35650332
Elena;López;Av. San Martín 3433;Palermo;Chaco;elenalopez@correo.com;57;14278667
Lucía;López;Sarmiento 7215;La Palta;Salta;lucialopez@correo.com;27;29198433
Lucía;Martínez;Lavalle 9152;Capitan Mendoza;Entre Ríos;luciamartinez@correo.com;55;23484189
Daniela;Flores;Mitre 3559;Palermo;Buenos Aires;danielaflores@correo.com;25;31985038
Valeria;López;Pueyrredón 3228;Rosario de la Cruz;Mendoza;valerialopez@correo.com;33;14260184
Agustín;Acosta;Pueyrredón 131;Capitan Mendoza;Neuquén;agustinacosta@correo.com;66;27629483
Tomas;Torres;Pueyrredón 7006;La Palta;Misiones;tomastorres@correo.com;24;12464220
Elena;Peralta;Rivadavia 8281;La Palta;Chaco;elenaperalta@correo.com;28;34920420
Natalia;Herrera;Av. San Martín 4046;La Palta;Santa Fe;nataliaherrera@correo.com;81;21594966
Sara;Aguirre;Av. San Martín 6593;La Palta;Chaco;saraaguirre@correo.com;35;24034419
Abril;Peralta;Av. de Mayo 8685;25 de Mayo;Salta;abrilperalta@correo.com;76;14358300
Diego;García;Pueyrredón 2277;Capitan Mendoza;Córdoba;diegogarcia@correo.com;49;20440177
Nicolás;Sosa;Av. San Martín 2237;9 de Julio;Santa Fe;nicolassosa@correo.com;57;40687142
Sara;Gómez;Mitre 6257;Capitan Mendoza;Buenos Aires;saragomez@correo.com;53;16214229
Nicolás;Fernández;Av. de Mayo 8083;Palermo;Chaco;nicolasfernandez@correo.com;30;31423024
Martina;Romero;Mitre 3908;Inmaculada Concepcion;Chaco;martinaromero@correo.com;58;37823203
Gabriel;Fernández;Av. de Mayo 2348;Inmaculada Concepcion;Mendoza;gabrielfernandez@correo.com;33;22259370
Lucas;Ruiz;Belgrano 8691;Inmaculada Concepcion;Misiones;lucasruiz@correo.com;52;12266074
Natalia;Díaz;Av. San Martín 3829;La Palta;Santa Fe;nataliadiaz@correo.com;50;23814014
Lucía;Medina;Lavalle 9116;25 de Mayo;Neuquén;luciamedina@correo.com;83;24410632
Camila;Romero;Rivadavia 8198;San Miguel;Buenos Aires;camilaromero@correo.com;74;42666359
Mateo;Gómez;Alvear 9707;Gral. Pico;Entre Ríos;mateogomez@correo.com;70;40852703
Agustín;López;Av. San Martín 4721;9 de Julio;Buenos Aires;agustinlopez@correo.com;81;38458908
Ezequiel;Vidal;Av. San Martín 5418;La Palta;Entre Ríos;ezequielvidal@correo.com;69;28774356
Martina;Romero;Urquiza 3327;San Miguel;Buenos Aires;martinaromero@correo.com;22;29353567
Isabella;Benítez;Belgrano 9030;Palermo;Santa Fe;isabellabenitez@correo.com;39;12773074
Diego;Aguirre;Pueyrredón 1402;San Miguel;Chaco;diegoaguirre@correo.com;64;12479732
Sara;Ruiz;Pueyrredón 2700;25 de Mayo;Entre Ríos;sararuiz@correo.com;51;16677004
Diego;Álvarez;Mitre 5041;San Miguel;Tucumán;diegoalvarez@correo.com;70;28215592
María;Vidal;Alvear 5514;Rosario de la Cruz;Neuquén;mariavidal@correo.com;54;39664558
Isabella;Torres;Av. San Martín 7456;Palermo;Salta;isabellatorres@correo.com;84;43404042
Abril;Flores;Belgrano 3331;Rosario de la Cruz;Entre Ríos;abrilflores@correo.com;32;14273670
Tomas;Giménez;Urquiza 4384;9 de Julio;Chaco;tomasgimenez@correo.com;19;46672432
Isabella;Benítez;Av. de Mayo 1007;Palermo;Entre Ríos;isabellabenitez@correo.com;39;11751279
Abril;Giménez;Lavalle 8952;La Palta;Chaco;abrilgimenez@correo.com;39;37006886
Gabriel;Vidal;Lavalle 9724;9 de Julio;Entre Ríos;gabrielvidal@correo.com;52;34702374
Sara;González;Pueyrredón 5266;Capitan Mendoza;Mendoza;saragonzalez@correo.com;55;41889277
Luis;Molina;Alvear 637;Inmaculada Concepcion;Tucumán;luismolina@correo.com;83;30981810
Valeria;Martínez;Sarmiento 6258;Gral. Pico;Santa Fe;valeriamartinez@correo.com;55;15124148
Agustín;Silva;Av. San Martín 5649;Palermo;Tucumán;agustinsilva@correo.com;67;46864643
Luis;Álvarez;Alvear 1337;Gral. Pico;Misiones;luisalvarez@correo.com;43;14461306
Abril;Sánchez;Sarmiento 9253;25 de Mayo;Chaco;abrilsanchez@correo.com;45;30822999
Lucas;Romero;Urquiza 8700;Gral. Pico;Salta;lucasromero@correo.com;61;12405568
Mateo;Giménez;Av. de Mayo 8597;9 de Julio;Entre Ríos;mateogimenez@correo.com;44;22611396
Mateo;Gómez;Belgrano 5021;Rosario de la Cruz;Córdoba;mateogomez@correo.com;79;21423708
Luis;Medina;Pueyrredón 8330;Palermo;Neuquén;luismedina@correo.com;52;32123114
Javier;Pérez;Av. San Martín 8399;25 de Mayo;Tucumán;javierperez@correo.com;64;26329729
Ignacio;Ruiz;Sarmiento 9134;Gral. Pico;Santa Fe;ignacioruiz@correo.com;61;35154645
Abril;Martínez;Alvear 8047;Rosario de la Cruz;Chaco;abrilmartinez@correo.com;35;47514772
Paula;Sánchez;Av. San Martín 589;9 de Julio;Mendoza;paulasanchez@correo.com;77;33958754
Ezequiel;Ramírez;Alvear 5434;Inmaculada Concepcion;Misiones;ezequielramirez@correo.com;39;41485907
Natalia;Castro;Urquiza 8298;San Miguel;Córdoba;nataliacastro@correo.com;71;16614625
Gonzalo;González;Urquiza 6934;Rosario de la Cruz;Córdoba;gonzalogonzalez@correo.com;79;36069041
Carlos;García;Lavalle 9490;La Palta;Santa Fe;carlosgarcia@correo.com;44;19773094
Camila;Sánchez;Alvear 3958;Inmaculada Concepcion;Salta;camilasanchez@correo.com;26;23942943
Lucía;Sosa;Belgrano 2781;Rosario de la Cruz;Entre Ríos;luciasosa@correo.com;41;44035307
Ignacio;Giménez;Rivadavia 7172;San Miguel;Neuquén;ignaciogimenez@correo.com;35;35079093
Santiago;Aguirre;Av. San Martín 8616;San Martin;Misiones;santiagoaguirre@correo.com;77;45604217
Gonzalo;Benítez;Av. de Mayo 1843;Palermo;Chaco;gonzalobenitez@correo.com;67;45507072
Santiago;Molina;Pueyrredón 1778;Palermo;Tucumán;santiagomolina@correo.com;29;12398364
Ignacio;Flores;Belgrano 8910;Rosario de la Cruz;Salta;ignacioflores@correo.com;59;26002003
Daniela;Flores;Rivadavia 2959;Gral. Pico;Salta;danielaflores@correo.com;67;40215832
Ana;Peralta;Pueyrredón 256;San Martin;Entre Ríos;anaperalta@correo.com;35;34005152
Elena;Álvarez;Pueyrredón 8369;Rosario de la Cruz;Buenos Aires;elenaalvarez@correo.com;82;35922143
Mateo;Peralta;Lavalle 3663;La Palta;Mendoza;mateoperalta@correo.com;75;15317194
Isabella;Gómez;Alvear 598;Palermo;Salta;isabellagomez@correo.com;43;39784548
Ezequiel;Molina;Pueyrredón 6173;Inmaculada Concepcion;Córdoba;ezequielmolina@correo.com;39;31791286
Isabella;Ramírez;Rivadavia 6929;San Martin;Santa Fe;isabellaramirez@correo.com;75;45795172
Abril;González;Lavalle 6193;Capitan Mendoza;Córdoba;abrilgonzalez@correo.com;30;17571139
Isabella;Guzmán;Mitre 9397;San Martin;Mendoza;isabellaguzman@correo.com;71;18386215
Tomas;Molina;Rivadavia 2120;La Palta;Córdoba;tomasmolina@correo.com;69;45570073
Lucas;Rojas;Lavalle 1462;9 de Julio;Entre Ríos;lucasrojas@correo.com;24;26206300
Gonzalo;Flores;Belgrano 1282;San Martin;Buenos Aires;gonzaloflores@correo.com;79;36218742
Gonzalo;Álvarez;Belgrano 7450;Rosario de la Cruz;Tucumán;gonzaloalvarez@correo.com;76;40054126
Camila;Torres;Av. de Mayo 2667;San Miguel;Buenos Aires;camilatorres@correo.com;77;16996099
Luis;López;Av. San Martín 7124;Palermo;Chaco;luislopez@correo.com;21;22522233
Elena;Ramírez;Av. San Martín 7470;9 de Julio;Santa Fe;elenaramirez@correo.com;69;32996934
Natalia;Ramírez;Belgrano 225;Palermo;Tucumán;nataliaramirez@correo.com;50;30513707
Martina;Álvarez;Urquiza 1732;Rosario de la Cruz;Buenos Aires;martinaalvarez@correo.com;19;15769632
Diego;Aguirre;Av. San Martín 1082;Rosario de la Cruz;Tucumán;diegoaguirre@correo.com;83;11506368
Natalia;Rojas;Belgrano 2947;9 de Julio;Chaco;nataliarojas@correo.com;30;36387611
Natalia;Torres;Av. San Martín 303;San Miguel;Córdoba;nataliatorres@correo.com;84;36203839
Diego;Rodríguez;Av. de Mayo 3314;San Miguel;Mendoza;diegorodriguez@correo.com;43;12481506
Natalia;Molina;Belgrano 9664;Palermo;Misiones;nataliamolina@correo.com;51;11654415
Sofía;Silva;Av. San Martín 1686;Gral. Pico;Neuquén;sofiasilva@correo.com;44;43436658
Tomas;Molina;Pueyrredón 596;25 de Mayo;Mendoza;tomasmolina@correo.com;77;40322369
Javier;Giménez;Av. de Mayo 5191;San Martin;Buenos Aires;javiergimenez@correo.com;25;44059770
Ana;Acosta;Sarmiento 6340;San Miguel;Entre Ríos;anaacosta@correo.com;62;16993473
Ignacio;Martínez;Av. de Mayo 895;25 de Mayo;Neuquén;ignaciomartinez@correo.com;76;14333722
Tomas;Vidal;Belgrano 6740;San Martin;Tucumán;tomasvidal@correo.com;52;18311510
Gabriel;Díaz;Av. de Mayo 7552;25 de Mayo;Córdoba;gabrieldiaz@correo.com;41;41058417
Abril;Torres;Belgrano 8834;San Miguel;Tucumán;abriltorres@correo.com;36;22526208
Gabriel;Romero;Sarmiento 250;25 de Mayo;Chaco;gabrielromero@correo.com;58;42230955
Tomas;Acosta;Pueyrredón 5933;Palermo;Entre Ríos;tomasacosta@correo.com;28;34922272
María;Díaz;Mitre 9850;San Miguel;Salta;mariadiaz@correo.com;26;17173742
Sara;Sosa;Av. San Martín 4346;9 de Julio;Córdoba;sarasosa@correo.com;42;26540919
Mateo;Rodríguez;Lavalle 396;Rosario de la Cruz;Santa Fe;mateorodriguez@correo.com;80;35352427
Sara;Medina;Pueyrredón 6447;San Martin;Chaco;saramedina@correo.com;83;22478032
Elena;Fernández;Alvear 4786;9 de Julio;Misiones;elenafernandez@correo.com;61;28000382
Lucía;Rodríguez;Urquiza 9926;La Palta;Buenos Aires;luciarodriguez@correo.com;20;13184926
Daniela;Rojas;Belgrano 5392;Capitan Mendoza;Mendoza;danielarojas@correo.com;83;25529205
Valeria;Herrera;Sarmiento 3678;Rosario de la Cruz;Tucumán;valeriaherrera@correo.com;79;12399032
Gonzalo;Álvarez;Mitre 7054;9 de Julio;Chaco;gonzaloalvarez@correo.com;59;22953279
Daniela;Fernández;Mitre 6989;Capitan Mendoza;Tucumán;danielafernandez@correo.com;67;16772208
Ezequiel;Acosta;Rivadavia 1378;Gral. Pico;Entre Ríos;ezequielacosta@correo.com;74;40136305
Lucas;Acosta;Mitre 6580;Palermo;Chaco;lucasacosta@correo.com;18;29007942
María;Guzmán;Av. San Martín 9760;Rosario de la Cruz;Misiones;mariaguzman@correo.com;34;26694905
Isabella;Guzmán;Urquiza 8884;9 de Julio;Tucumán;isabellaguzman@correo.com;33;44333460
Tomas;Giménez;Mitre 5601;Palermo;Entre Ríos;tomasgimenez@correo.com;60;31658310
Diego;García;Sarmiento 2111;Inmaculada Concepcion;Entre Ríos;diegogarcia@correo.com;44;42699927
Isabella;Peralta;Urquiza 9715;Capitan Mendoza;Tucumán;isabellaperalta@correo.com;35;47461514
Nicolás;Romero;Mitre 9923;San Miguel;Chaco;nicolasromero@correo.com;50;21260334
Gabriel;Ramírez;Belgrano 8999;San Martin;Misiones;gabrielramirez@correo.com;39;11761096
Tomas;Flores;Av. San Martín 8596;San Miguel;Entre Ríos;tomasflores@correo.com;52;40469544
Agustín;Sánchez;Rivadavia 7196;Inmaculada Concepcion;Salta;agustinsanchez@correo.com;41;23912042
Tomas;Álvarez;Rivadavia 4630;Capitan Mendoza;Misiones;tomasalvarez@correo.com;69;17876986
Ezequiel;Ruiz;Rivadavia 5395;Inmaculada Concepcion;Salta;ezequielruiz@correo.com;40;40100968
Joaquín;Castro;Lavalle 8123;Inmaculada Concepcion;Tucumán;joaquincastro@correo.com;42;45282776
Lucas;Torres;Mitre 8488;9 de Julio;Buenos Aires;lucastorres@correo.com;72;42879121
Paula;Herrera;Urquiza 3927;Inmaculada Concepcion;Entre Ríos;paulaherrera@correo.com;59;27537830
Isabella;Martínez;Alvear 2092;San Miguel;Salta;isabellamartinez@correo.com;39;23556661
María;Flores;Sarmiento 3057;Gral. Pico;Misiones;mariaflores@correo.com;43;31753160
Ignacio;Medina;Mitre 4879;Gral. Pico;Buenos Aires;ignaciomedina@correo.com;66;27687077
Elena;Martínez;Lavalle 2588;Rosario de la Cruz;Mendoza;elenamartinez@correo.com;39;12270488
Luis;Sosa;Pueyrredón 8932;La Palta;Santa Fe;luissosa@correo.com;20;31442293
Agustín;Sánchez;Alvear 2683;San Martin;Entre Ríos;agustinsanchez@correo.com;82;26227934
Lucas;Ruiz;Alvear 9264;Gral. Pico;Misiones;lucasruiz@correo.com;48;26136845
Natalia;Sánchez;Alvear 7443;San Martin;Misiones;nataliasanchez@correo.com;47;12434339
Sara;Pérez;Pueyrredón 7718;Gral. Pico;Mendoza;saraperez@correo.com;41;37215665
Sara;Benítez;Alvear 9241;Capitan Mendoza;Santa Fe;sarabenitez@correo.com;63;44803903
Luis;Pérez;Rivadavia 2347;San Miguel;Tucumán;luisperez@correo.com;69;44148783
Ana;Sánchez;Sarmiento 9577;Capitan Mendoza;Mendoza;anasanchez@correo.com;44;19414601
Martina;Molina;Sarmiento 2623;Palermo;Mendoza;martinamolina@correo.com;65;14490210
Camila;Rodríguez;Urquiza 5580;San Miguel;Buenos Aires;camilarodriguez@correo.com;41;38463944
Gabriel;Vidal;Lavalle 5335;Gral. Pico;Tucumán;gabrielvidal@correo.com;38;15185988
Joaquín;Guzmán;Sarmiento 1198;Rosario de la Cruz;Tucumán;joaquinguzman@correo.com;29;46079304
Ana;Giménez;Belgrano 4491;25 de Mayo;Misiones;anagimenez@correo.com;30;30844659
Luis;Ruiz;Alvear 6522;25 de Mayo;Mendoza;luisruiz@correo.com;33;42416952
Lucía;Peralta;Av. San Martín 9362;Capitan Mendoza;Tucumán;luciaperalta@correo.com;54;41739116
Luis;Herrera;Belgrano 3688;La Palta;Salta;luisherrera@correo.com;69;34962972
Abril;López;Lavalle 8115;Gral. Pico;Santa Fe;abrillopez@correo.com;51;40181990
Sara;Pérez;Alvear 379;Capitan Mendoza;Neuquén;saraperez@correo.com;54;21579820
Daniela;Giménez;Sarmiento 1020;Capitan Mendoza;Neuquén;danielagimenez@correo.com;42;41193063
Ana;Fernández;Belgrano 7699;Inmaculada Concepcion;Chaco;anafernandez@correo.com;78;16278213
Ezequiel;Pérez;Mitre 3107;San Miguel;Buenos Aires;ezequielperez@correo.com;35;42790798
Paula;Giménez;Av. de Mayo 780;San Martin;Entre Ríos;paulagimenez@correo.com;50;35920510
Ana;Martínez;Av. de Mayo 1207;Inmaculada Concepcion;Mendoza;anamartinez@correo.com;82;20569972
María;González;Pueyrredón 6365;25 de Mayo;Misiones;mariagonzalez@correo.com;31;15520197
Daniela;Sosa;Alvear 3127;Palermo;Entre Ríos;danielasosa@correo.com;24;25132865
Lucía;Giménez;Mitre 7632;Inmaculada Concepcion;Chaco;luciagimenez@correo.com;51;25218612
Abril;Giménez;Belgrano 5340;Gral. Pico;Córdoba;abrilgimenez@correo.com;71;42664612
Diego;Peralta;Lavalle 7517;9 de Julio;Mendoza;diegoperalta@correo.com;72;34947797
Natalia;Aguirre;Lavalle 8911;La Palta;Córdoba;nataliaaguirre@correo.com;70;32299573
Abril;Rodríguez;Mitre 586;Rosario de la Cruz;Córdoba;abrilrodriguez@correo.com;75;22867772
Sofía;Pérez;Rivadavia 497;La Palta;Buenos Aires;sofiaperez@correo.com;37;33779185
Carlos;Álvarez;Alvear 3499;9 de Julio;Mendoza;carlosalvarez@correo.com;65;15299497
Santiago;Herrera;Belgrano 8057;Gral. Pico;Salta;santiagoherrera@correo.com;37;45580090
Nicolás;Benítez;Mitre 7693;San Martin;Córdoba;nicolasbenitez@correo.com;80;38537774
Daniela;Acosta;Sarmiento 9081;San Martin;Tucumán;danielaacosta@correo.com;41;37132342
Abril;García;Rivadavia 4574;Capitan Mendoza;Mendoza;abrilgarcia@correo.com;39;13898888
Valeria;Acosta;Sarmiento 2767;San Martin;Chaco;valeriaacosta@correo.com;34;47960530
María;Castro;Alvear 7931;Palermo;Córdoba;mariacastro@correo.com;76;39880015
Javier;Álvarez;Av. de Mayo 2823;Palermo;Tucumán;javieralvarez@correo.com;18;44135476
Diego;Silva;Pueyrredón 4063;San Miguel;Entre Ríos;diegosilva@correo.com;75;29484765
Javier;Peralta;Mitre 758;Palermo;Entre Ríos;javierperalta@correo.com;30;16305402
Javier;Romero;Mitre 2670;San Miguel;Salta;javierromero@correo.com;21;34332453
Mateo;Pérez;Rivadavia 8003;San Martin;Santa Fe;mateoperez@correo.com;39;34403144
Isabella;Guzmán;Mitre 655;Capitan Mendoza;Neuquén;isabellaguzman@correo.com;53;38974140
Nicolás;Rojas;Urquiza 1997;Capitan Mendoza;Misiones;nicolasrojas@correo.com;18;21002229
Ezequiel;Molina;Alvear 9223;San Martin;Salta;ezequielmolina@correo.com;40;44246826
Lucas;Martínez;Lavalle 5643;San Miguel;Salta;lucasmartinez@correo.com;80;47115221
Isabella;Vidal;Pueyrredón 2378;9 de Julio;Misiones;isabellavidal@correo.com;19;44810271
Gabriel;Benítez;Sarmiento 15;25 de Mayo;Chaco;gabrielbenitez@correo.com;39;18128968
Paula;Vidal;Pueyrredón 8186;La Palta;Chaco;paulavidal@correo.com;72;41491063
Diego;Rojas;Av. San Martín 315;Inmaculada Concepcion;Chaco;diegorojas@correo.com;54;34751034
Javier;Pérez;Av. San Martín 7205;Inmaculada Concepcion;Buenos Aires;javierperez@correo.com;76;44619822
Carlos;González;Av. San Martín 4931;9 de Julio;Neuquén;carlosgonzalez@correo.com;38;27015238
Gonzalo;Flores;Av. San Martín 2364;Palermo;Salta;gonzaloflores@correo.com;28;24224767
Camila;Flores;Mitre 4731;Inmaculada Concepcion;Santa Fe;camilaflores@correo.com;22;44476089
Agustín;Ruiz;Pueyrredón 168;Inmaculada Concepcion;Santa Fe;agustinruiz@correo.com;67;44492147
Tomas;Vidal;Sarmiento 8306;Palermo;Tucumán;tomasvidal@correo.com;83;23374168
Diego;Herrera;Av. de Mayo 9689;San Miguel;Misiones;diegoherrera@correo.com;44;21266366
Sara;Ramírez;Pueyrredón 8901;San Martin;Córdoba;sararamirez@correo.com;78;36576989
Gonzalo;Fernández;Pueyrredón 7970;Rosario de la Cruz;Mendoza;gonzalofernandez@correo.com;40;27907826
Isabella;Giménez;Rivadavia 4590;La Palta;Tucumán;isabellagimenez@correo.com;45;13232961
Elena;Torres;Rivadavia 4603;25 de Mayo;Santa Fe;elenatorres@correo.com;27;19594583
Diego;González;Pueyrredón 5751;Gral. Pico;Salta;diegogonzalez@correo.com;72;13035728
Joaquín;Ruiz;Lavalle 3103;Inmaculada Concepcion;Misiones;joaquinruiz@correo.com;36;30045468
Gonzalo;Herrera;Rivadavia 9664;Inmaculada Concepcion;Buenos Aires;gonzaloherrera@correo.com;74;42954360
Natalia;Castro;Av. de Mayo 1289;San Martin;Misiones;nataliacastro@correo.com;20;29799500
Martina;Rodríguez;Urquiza 9042;Gral. Pico;Salta;martinarodriguez@correo.com;43;13814644
Camila;Gómez;Pueyrredón 8687;Palermo;Neuquén;camilagomez@correo.com;68;44071063
Sara;Guzmán;Av. de Mayo 8157;Inmaculada Concepcion;Salta;saraguzman@correo.com;40;17940809
Valeria;Vidal;Mitre 9198;San Martin;Córdoba;valeriavidal@correo.com;38;45240781
Sofía;Flores;Av. de Mayo 8705;Palermo;Misiones;sofiaflores@correo.com;73;17784826
Ignacio;López;Av. de Mayo 8490;Rosario de la Cruz;Neuquén;ignaciolopez@correo.com;18;44386640
Sara;Acosta;Rivadavia 4717;Capitan Mendoza;Santa Fe;saraacosta@correo.com;65;30748412
Isabella;Rojas;Av. de Mayo 7091;Capitan Mendoza;Chaco;isabellarojas@correo.com;77;22725875
Abril;Aguirre;Mitre 5221;9 de Julio;Tucumán;abrilaguirre@correo.com;30;11867495
Ana;Álvarez;Pueyrredón 472;Capitan Mendoza;Entre Ríos;anaalvarez@correo.com;54;47030736
Paula;García;Rivadavia 4963;Palermo;Chaco;paulagarcia@correo.com;43;27595497
Nicolás;Medina;Sarmiento 1173;San Martin;Chaco;nicolasmedina@correo.com;48;45672879
Abril;Peralta;Urquiza 5538;San Martin;Tucumán;abrilperalta@correo.com;63;30352619
Nicolás;Martínez;Urquiza 9336;Gral. Pico;Chaco;nicolasmartinez@correo.com;48;38087570
Sara;Ramírez;Belgrano 8344;San Martin;Salta;sararamirez@correo.com;21;21361533
Victoria;Guzmán;Lavalle 8483;Gral. Pico;Mendoza;victoriaguzman@correo.com;51;38500919
Javier;Aguirre;Urquiza 2327;Capitan Mendoza;Córdoba;javieraguirre@correo.com;38;39211479
Carlos;Medina;Pueyrredón 7697;La Palta;Santa Fe;carlosmedina@correo.com;24;32783881
Ignacio;Guzmán;Pueyrredón 3913;Capitan Mendoza;Santa Fe;ignacioguzman@correo.com;68;27374756
Daniela;Sosa;Sarmiento 7786;Gral. Pico;Chaco;danielasosa@correo.com;56;38344737
Natalia;Peralta;Sarmiento 666;Capitan Mendoza;Buenos Aires;nataliaperalta@correo.com;61;39717660
Luis;Guzmán;Lavalle 3052;San Martin;Tucumán;luisguzman@correo.com;60;25041008
Elena;Romero;Lavalle 2195;San Miguel;Neuquén;elenaromero@correo.com;25;18580483
Sofía;González;Sarmiento 7082;San Martin;Entre Ríos;sofiagonzalez@correo.com;33;31101248
Abril;Díaz;Pueyrredón 4895;Inmaculada Concepcion;Córdoba;abrildiaz@correo.com;26;24795502
Elena;Medina;Rivadavia 4620;Gral. Pico;Misiones;elenamedina@correo.com;38;12533237
Isabella;Díaz;Lavalle 7310;Inmaculada Concepcion;Salta;isabelladiaz@correo.com;21;22064498
Daniela;Acosta;Sarmiento 6510;San Martin;Entre Ríos;danielaacosta@correo.com;39;38358211
Carlos;Sosa;Belgrano 8122;Gral. Pico;Mendoza;carlossosa@correo.com;63;22063145
Carlos;Guzmán;Sarmiento 1084;Palermo;Chaco;carlosguzman@correo.com;80;36508762
Luis;García;Lavalle 6070;25 de Mayo;Buenos Aires;luisgarcia@correo.com;34;12837207
Nicolás;Fernández;Lavalle 6385;San Martin;Entre Ríos;nicolasfernandez@correo.com;58;42566426
Sofía;Castro;Urquiza 6877;Rosario de la Cruz;Buenos Aires;sofiacastro@correo.com;73;42984531
Gabriel;Guzmán;Pueyrredón 7772;La Palta;Córdoba;gabrielguzman@correo.com;42;28955277
Paula;Medina;Alvear 9376;Capitan Mendoza;Chaco;paulamedina@correo.com;68;42862878
Daniela;Herrera;Rivadavia 1473;Inmaculada Concepcion;Santa Fe;danielaherrera@correo.com;46;12097918
Carlos;Castro;Pueyrredón 2191;25 de Mayo;Tucumán;carloscastro@correo.com;44;37750331
Santiago;Silva;Belgrano 414;Gral. Pico;Córdoba;santiagosilva@correo.com;73;18127336
Elena;Gómez;Av. San Martín 609;San Martin;Mendoza;elenagomez@correo.com;65;36145028
Victoria;Acosta;Lavalle 9655;Rosario de la Cruz;Entre Ríos;victoriaacosta@correo.com;18;43448734
María;Benítez;Alvear 337;San Miguel;Tucumán;mariabenitez@correo.com;19;11352533
Gonzalo;Pérez;Av. San Martín 8617;Rosario de la Cruz;Buenos Aires;gonzaloperez@correo.com;67;20508971
Sara;Romero;Pueyrredón 5212;Inmaculada Concepcion;Córdoba;sararomero@correo.com;73;41560922
Santiago;López;Av. San Martín 2412;9 de Julio;Entre Ríos;santiagolopez@correo.com;74;32936501
Natalia;Ramírez;Lavalle 2299;Inmaculada Concepcion;Neuquén;nataliaramirez@correo.com;34;14717942
María;Álvarez;Av. San Martín 7100;San Miguel;Mendoza;mariaalvarez@correo.com;19;17669856
Carlos;Molina;Alvear 6101;25 de Mayo;Salta;carlosmolina@correo.com;78;17051487
Nicolás;González;Alvear 2524;Palermo;Misiones;nicolasgonzalez@correo.com;58;27228210
Lucas;Pérez;Urquiza 4920;25 de Mayo;Córdoba;lucasperez@correo.com;73;47860671
Ezequiel;Giménez;Rivadavia 2329;9 de Julio;Entre Ríos;ezequielgimenez@correo.com;78;47905008
Luis;Rodríguez;Lavalle 414;San Martin;Tucumán;luisrodriguez@correo.com;33;40677600
Mateo;Castro;Sarmiento 9777;9 de Julio;Santa Fe;mateocastro@correo.com;56;47449681
Diego;Rojas;Belgrano 9794;Gral. Pico;Santa Fe;diegorojas@correo.com;32;45883380
Isabella;Romero;Mitre 7805;Palermo;Neuquén;isabellaromero@correo.com;46;40459756
Sara;Ramírez;Mitre 3575;San Martin;Salta;sararamirez@correo.com;26;42974944
Agustín;Gómez;Urquiza 3282;La Palta;Entre Ríos;agustingomez@correo.com;47;25590359
Agustín;Gómez;Mitre 7517;Inmaculada Concepcion;Mendoza;agustingomez@correo.com;27;44680788
Nicolás;Torres;Sarmiento 4136;9 de Julio;Misiones;nicolastorres@correo.com;76;18748233
Abril;Benítez;Belgrano 5008;Gral. Pico;Mendoza;abrilbenitez@correo.com;41;42319098
Elena;Gómez;Urquiza 2774;Palermo;Santa Fe;elenagomez@correo.com;68;36521593
Mateo;Fernández;Lavalle 8951;Palermo;Córdoba;mateofernandez@correo.com;43;25845730
Daniela;Vidal;Urquiza 8077;Gral. Pico;Tucumán;danielavidal@correo.com;66;42620274
Valeria;Ruiz;Alvear 6325;9 de Julio;Misiones;valeriaruiz@correo.com;72;20361651
Abril;Fernández;Belgrano 5531;Palermo;Misiones;abrilfernandez@correo.com;21;28429586
Abril;Herrera;Av. San Martín 1693;Gral. Pico;Córdoba;abrilherrera@correo.com;44;14897871
María;Rodríguez;Av. de Mayo 858;La Palta;Neuquén;mariarodriguez@correo.com;73;45330503
Sara;Ruiz;Mitre 7529;San Miguel;Salta;sararuiz@correo.com;25;37866712
Daniela;González;Av. San Martín 8045;Inmaculada Concepcion;Chaco;danielagonzalez@correo.com;63;39851177
Lucas;Herrera;Mitre 6744;Inmaculada Concepcion;Mendoza;lucasherrera@correo.com;38;15613023
Santiago;Flores;Belgrano 4189;Inmaculada Concepcion;Salta;santiagoflores@correo.com;29;12067186
Ignacio;Pérez;Rivadavia 6333;La Palta;Misiones;ignacioperez@correo.com;45;34182850
Daniela;Benítez;Belgrano 3788;Capitan Mendoza;Buenos Aires;danielabenitez@correo.com;22;26487253
Tomas;Acosta;Av. San Martín 961;Palermo;Córdoba;tomasacosta@correo.com;69;35854711
Ignacio;Silva;Sarmiento 4413;San Martin;Córdoba;ignaciosilva@correo.com;74;33008331
Isabella;Fernández;Belgrano 3481;San Martin;Chaco;isabellafernandez@correo.com;20;39326238
Gonzalo;Flores;Rivadavia 4911;25 de Mayo;Misiones;gonzaloflores@correo.com;63;27004721
Martina;Aguirre;Lavalle 1978;Rosario de la Cruz;Chaco;martinaaguirre@correo.com;28;26272357
Santiago;Álvarez;Pueyrredón 6592;Inmaculada Concepcion;Córdoba;santiagoalvarez@correo.com;56;41386339
Abril;Giménez;Alvear 717;Gral. Pico;Mendoza;abrilgimenez@correo.com;45;28303221
María;Herrera;Pueyrredón 4039;La Palta;Santa Fe;mariaherrera@correo.com;60;38956853
María;Rodríguez;Pueyrredón 5409;San Miguel;Neuquén;mariarodriguez@correo.com;42;38063750
Lucas;Torres;Lavalle 8153;San Miguel;Tucumán;lucastorres@correo.com;59;44503949
Abril;Vidal;Av. San Martín 536;San Miguel;Salta;abrilvidal@correo.com;72;12067674
Daniela;Fernández;Sarmiento 8568;9 de Julio;Buenos Aires;danielafernandez@correo.com;30;42286637
Santiago;Díaz;Rivadavia 87;9 de Julio;Salta;santiagodiaz@correo.com;20;20311730
Ana;Rojas;Belgrano 5031;San Miguel;Santa Fe;anarojas@correo.com;28;47627986
Gonzalo;López;Mitre 3314;Inmaculada Concepcion;Córdoba;gonzalolopez@correo.com;52;20393366
Joaquín;Medina;Rivadavia 7458;Inmaculada Concepcion;Salta;joaquinmedina@correo.com;45;15926532
Gonzalo;Sánchez;Mitre 7895;San Martin;Neuquén;gonzalosanchez@correo.com;79;24618621
Lucía;Silva;Av. San Martín 2519;Rosario de la Cruz;Córdoba;luciasilva@correo.com;72;12695338
Lucas;Silva;Av. de Mayo 9692;San Martin;Buenos Aires;lucassilva@correo.com;83;21022217
Santiago;Herrera;Belgrano 9625;9 de Julio;Santa Fe;santiagoherrera@correo.com;67;37257519
Tomas;Sánchez;Sarmiento 7083;Inmaculada Concepcion;Salta;tomassanchez@correo.com;36;31943428
Tomas;Peralta;Belgrano 6671;Inmaculada Concepcion;Mendoza;tomasperalta@correo.com;38;25893765
Lucas;López;Mitre 1157;Gral. Pico;Chaco;lucaslopez@correo.com;32;13002303
Valeria;Pérez;Belgrano 3816;San Martin;Buenos Aires;valeriaperez@correo.com;53;21070418
Javier;Fernández;Pueyrredón 5055;San Martin;Mendoza;javierfernandez@correo.com;56;18839348
Ezequiel;Molina;Lavalle 2534;La Palta;Entre Ríos;ezequielmolina@correo.com;66;17274095
Natalia;Ramírez;Sarmiento 6946;Gral. Pico;Entre Ríos;nataliaramirez@correo.com;68;32896305
María;Aguirre;Belgrano 8088;San Miguel;Santa Fe;mariaaguirre@correo.com;35;23867279
Isabella;Flores;Lavalle 300;Capitan Mendoza;Chaco;isabellaflores@correo.com;50;12254268
Martina;Medina;Lavalle 852;Gral. Pico;Tucumán;martinamedina@correo.com;73;34553057
Ignacio;Gómez;Lavalle 4039;Palermo;Tucumán;ignaciogomez@correo.com;38;22316618
Elena;López;Belgrano 375;Capitan Mendoza;Santa Fe;elenalopez@correo.com;46;34149647
Tomas;Álvarez;Belgrano 9555;25 de Mayo;Córdoba;tomasalvarez@correo.com;25;20512998
Mateo;Álvarez;Belgrano 7733;Rosario de la Cruz;Buenos Aires;mateoalvarez@correo.com;26;12206127
Santiago;Peralta;Av. de Mayo 7119;Inmaculada Concepcion;Mendoza;santiagoperalta@correo.com;70;12504331
María;Torres;Av. San Martín 7168;Palermo;Entre Ríos;mariatorres@correo.com;32;24754227
Ezequiel;López;Lavalle 1583;San Miguel;Neuquén;ezequiellopez@correo.com;48;45269470
Valeria;Romero;Av. de Mayo 3131;Capitan Mendoza;Santa Fe;valeriaromero@correo.com;60;12682481
Javier;Molina;Rivadavia 3858;San Miguel;Neuquén;javiermolina@correo.com;31;26523398
Tomas;Martínez;Mitre 1822;9 de Julio;Chaco;tomasmartinez@correo.com;51;41662271
Agustín;González;Pueyrredón 7394;Palermo;Neuquén;agustingonzalez@correo.com;76;21116216
Martina;Pérez;Belgrano 136;9 de Julio;Neuquén;martinaperez@correo.com;43;20989406
Victoria;Giménez;Mitre 1434;9 de Julio;Entre Ríos;victoriagimenez@correo.com;25;28323192
Martina;Aguirre;Av. de Mayo 3312;Inmaculada Concepcion;Entre Ríos;martinaaguirre@correo.com;79;47671260
Agustín;Romero;Pueyrredón 7191;Inmaculada Concepcion;Santa Fe;agustinromero@correo.com;62;38656648
Elena;Sánchez;Belgrano 177;Palermo;Salta;elenasanchez@correo.com;25;35892430
Gonzalo;Guzmán;Lavalle 6951;25 de Mayo;Neuquén;gonzaloguzman@correo.com;55;15052908
Agustín;Álvarez;Av. San Martín 9283;Capitan Mendoza;Santa Fe;agustinalvarez@correo.com;50;39851124
Victoria;Fernández;Mitre 3201;Inmaculada Concepcion;Misiones;victoriafernandez@correo.com;35;27223366
Gabriel;Guzmán;Av. de Mayo 4047;Rosario de la Cruz;Neuquén;gabrielguzman@correo.com;69;42355153
Camila;Acosta;Mitre 3357;Inmaculada Concepcion;Tucumán;camilaacosta@correo.com;81;35296294
Luis;Benítez;Rivadavia 7987;Rosario de la Cruz;Buenos Aires;luisbenitez@correo.com;67;25777464
Diego;Guzmán;Lavalle 1756;25 de Mayo;Córdoba;diegoguzman@correo.com;19;32781856
Isabella;Díaz;Lavalle 6767;Rosario de la Cruz;Salta;isabelladiaz@correo.com;82;18263931
Santiago;Aguirre;Rivadavia 9080;Gral. Pico;Córdoba;santiagoaguirre@correo.com;63;32046946
Nicolás;Rodríguez;Av. San Martín 4868;Gral. Pico;Mendoza;nicolasrodriguez@correo.com;49;41803729
Sara;Medina;Pueyrredón 7748;9 de Julio;Mendoza;saramedina@correo.com;35;28265286
Elena;Flores;Av. de Mayo 3189;San Miguel;Tucumán;elenaflores@correo.com;63;34897708
Camila;Giménez;Alvear 7747;Inmaculada Concepcion;Santa Fe;camilagimenez@correo.com;23;44590192
Ezequiel;Ramírez;Av. San Martín 369;Gral. Pico;Neuquén;ezequielramirez@correo.com;74;24006968
Tomas;Álvarez;Mitre 3117;San Miguel;Misiones;tomasalvarez@correo.com;22;31351804
Elena;Díaz;Av. de Mayo 6296;Palermo;Córdoba;elenadiaz@correo.com;72;44371853
Sara;Fernández;Belgrano 5236;Rosario de la Cruz;Córdoba;sarafernandez@correo.com;54;21037315
Ana;Álvarez;Alvear 8704;Gral. Pico;Tucumán;anaalvarez@correo.com;44;17740582
Carlos;García;Alvear 9302;San Miguel;Entre Ríos;carlosgarcia@correo.com;66;38369678
Lucía;García;Alvear 8167;San Martin;Entre Ríos;luciagarcia@correo.com;33;25033352
Ignacio;Pérez;Belgrano 1045;Inmaculada Concepcion;Misiones;ignacioperez@correo.com;55;17323126
Victoria;Vidal;Pueyrredón 585;Inmaculada Concepcion;Misiones;victoriavidal@correo.com;70;18262623
Victoria;García;Pueyrredón 1414;Inmaculada Concepcion;Chaco;victoriagarcia@correo.com;32;33782810
Ana;Gómez;Mitre 9415;San Martin;Santa Fe;anagomez@correo.com;20;31726133
Gabriel;Guzmán;Mitre 9562;Gral. Pico;Córdoba;gabrielguzman@correo.com;28;39427078
Ezequiel;Benítez;Av. de Mayo 7107;Capitan Mendoza;Buenos Aires;ezequielbenitez@correo.com;49;21120276
Santiago;Sánchez;Mitre 7303;La Palta;Córdoba;santiagosanchez@correo.com;37;24796585
Luis;Medina;Urquiza 2298;San Miguel;Entre Ríos;luismedina@correo.com;83;14315361
Tomas;Rojas;Mitre 9409;San Martin;Entre Ríos;tomasrojas@correo.com;65;43034526
Diego;Ramírez;Mitre 5342;San Miguel;Entre Ríos;diegoramirez@correo.com;34;11440175
Gonzalo;Aguirre;Alvear 527;San Martin;Buenos Aires;gonzaloaguirre@correo.com;61;41160923
Carlos;Benítez;Alvear 1250;San Miguel;Córdoba;carlosbenitez@correo.com;63;28173644
Victoria;López;Alvear 191;San Miguel;Tucumán;victorialopez@correo.com;41;43136292
María;Sánchez;Rivadavia 4669;25 de Mayo;Tucumán;mariasanchez@correo.com;21;40953877
Mateo;Giménez;Rivadavia 4972;Inmaculada Concepcion;Salta;mateogimenez@correo.com;78;16183767
Joaquín;García;Pueyrredón 5701;Palermo;Santa Fe;joaquingarcia@correo.com;45;30925311
Ignacio;Flores;Av. San Martín 7090;9 de Julio;Córdoba;ignacioflores@correo.com;69;38628307
Daniela;Ruiz;Pueyrredón 7113;Gral. Pico;Entre Ríos;danielaruiz@correo.com;76;29651439
Valeria;Flores;Pueyrredón 6521;Gral. Pico;Entre Ríos;valeriaflores@correo.com;52;13847152
Ezequiel;Benítez;Mitre 5283;9 de Julio;Córdoba;ezequielbenitez@correo.com;76;39571951
Joaquín;Sánchez;Urquiza 5702;San Martin;Buenos Aires;joaquinsanchez@correo.com;35;14434774
Ezequiel;Sánchez;Av. San Martín 4835;25 de Mayo;Entre Ríos;ezequielsanchez@correo.com;74;35718558
Agustín;Rodríguez;Pueyrredón 9349;Inmaculada Concepcion;Salta;agustinrodriguez@correo.com;55;39908037
Luis;Benítez;Rivadavia 6783;San Martin;Córdoba;luisbenitez@correo.com;19;40688809
Santiago;Molina;Urquiza 7214;Rosario de la Cruz;Salta;santiagomolina@correo.com;43;25509706
Diego;Peralta;Av. San Martín 7312;San Martin;Neuquén;diegoperalta@correo.com;24;46822933
Victoria;Torres;Sarmiento 1791;9 de Julio;Neuquén;victoriatorres@correo.com;47;22563087
Victoria;Sosa;Lavalle 3257;Inmaculada Concepcion;Entre Ríos;victoriasosa@correo.com;79;22881568
María;García;Urquiza 3891;Gral. Pico;Misiones;mariagarcia@correo.com;44;27120248
Mateo;Ruiz;Lavalle 9503;La Palta;Mendoza;mateoruiz@correo.com;22;47889328
Lucas;Romero;Lavalle 5249;Gral. Pico;Tucumán;lucasromero@correo.com;73;12273657
María;Fernández;Urquiza 9710;Capitan Mendoza;Buenos Aires;mariafernandez@correo.com;76;14197032
Javier;Martínez;Mitre 2382;9 de Julio;Chaco;javiermartinez@correo.com;40;19702111
Natalia;González;Alvear 3892;San Martin;Neuquén;nataliagonzalez@correo.com;19;35153692
Camila;Álvarez;Mitre 7914;Capitan Mendoza;Misiones;camilaalvarez@correo.com;67;16457655
Luis;Fernández;Urquiza 8403;9 de Julio;Buenos Aires;luisfernandez@correo.com;39;27290768
Paula;Flores;Pueyrredón 3323;25 de Mayo;Mendoza;paulaflores@correo.com;77;29630290
Martina;Rojas;Sarmiento 2337;Inmaculada Concepcion;Santa Fe;martinarojas@correo.com;62;29790126
Carlos;López;Rivadavia 1307;San Miguel;Entre Ríos;carloslopez@correo.com;68;42852835
Sofía;Álvarez;Av. de Mayo 976;San Miguel;Neuquén;sofiaalvarez@correo.com;27;26454451
Nicolás;Rojas;Urquiza 1265;9 de Julio;Córdoba;nicolasrojas@correo.com;34;35890934
Carlos;Castro;Rivadavia 8602;25 de Mayo;Salta;carloscastro@correo.com;44;28283035
Luis;Ruiz;Pueyrredón 6674;Capitan Mendoza;Tucumán;luisruiz@correo.com;50;11208768
Martina;Peralta;Av. San Martín 1354;San Miguel;Buenos Aires;martinaperalta@correo.com;64;39786927
Martina;Rodríguez;Rivadavia 8729;La Palta;Salta;martinarodriguez@correo.com;38;45977287
Luis;Sánchez;Av. de Mayo 2626;Capitan Mendoza;Salta;luissanchez@correo.com;31;40061035
Martina;García;Rivadavia 6262;Gral. Pico;Tucumán;martinagarcia@correo.com;35;33399950
Sofía;Álvarez;Pueyrredón 3323;San Miguel;Chaco;sofiaalvarez@correo.com;43;12304398
Ezequiel;Sosa;Pueyrredón 5222;San Martin;Santa Fe;ezequielsosa@correo.com;59;32360697
Santiago;García;Av. San Martín 3933;25 de Mayo;Santa Fe;santiagogarcia@correo.com;33;44434539
Gabriel;González;Lavalle 4679;Palermo;Entre Ríos;gabrielgonzalez@correo.com;78;32433689
Ezequiel;Fernández;Sarmiento 5436;San Martin;Córdoba;ezequielfernandez@correo.com;34;28070455
Nicolás;Acosta;Lavalle 7783;9 de Julio;Mendoza;nicolasacosta@correo.com;70;38958672
María;Silva;Pueyrredón 9712;San Martin;Córdoba;mariasilva@correo.com;77;25968359
Martina;Fernández;Lavalle 1129;San Miguel;Buenos Aires;martinafernandez@correo.com;72;12192423
María;González;Av. San Martín 9882;Inmaculada Concepcion;Neuquén;mariagonzalez@correo.com;65;37599787
Lucas;Fernández;Alvear 1953;Inmaculada Concepcion;Buenos Aires;lucasfernandez@correo.com;37;46375859
Natalia;Benítez;Mitre 8929;San Martin;Entre Ríos;nataliabenitez@correo.com;61;45495472
Lucía;Rojas;Lavalle 7483;25 de Mayo;Entre Ríos;luciarojas@correo.com;21;30860256
Ezequiel;Silva;Av. San Martín 1112;Gral. Pico;Chaco;ezequielsilva@correo.com;21;42145426
Natalia;Medina;Urquiza 5977;9 de Julio;Córdoba;nataliamedina@correo.com;58;43671425
Daniela;Martínez;Rivadavia 7459;San Miguel;Chaco;danielamartinez@correo.com;32;17120128
Elena;García;Sarmiento 2689;Palermo;Santa Fe;elenagarcia@correo.com;43;38431062
Joaquín;Rojas;Lavalle 9901;San Miguel;Córdoba;joaquinrojas@correo.com;33;14036597
Lucas;Giménez;Urquiza 9431;Inmaculada Concepcion;Misiones;lucasgimenez@correo.com;61;34609861
Ignacio;Acosta;Av. de Mayo 152;Gral. Pico;Chaco;ignacioacosta@correo.com;74;41623227
Javier;Castro;Av. de Mayo 7225;La Palta;Buenos Aires;javiercastro@correo.com;26;27021232
Tomas;Pérez;Alvear 7569;La Palta;Neuquén;tomasperez@correo.com;40;31339939
Carlos;Martínez;Pueyrredón 589;Palermo;Entre Ríos;carlosmartinez@correo.com;58;24292371
María;Ruiz;Sarmiento 4129;25 de Mayo;Chaco;mariaruiz@correo.com;62;37799272
Gonzalo;Rojas;Mitre 7117;Inmaculada Concepcion;Buenos Aires;gonzalorojas@correo.com;67;22090357
Sofía;García;Mitre 8888;La Palta;Buenos Aires;sofiagarcia@correo.com;39;28221534
Ezequiel;Rojas;Av. de Mayo 1238;San Miguel;Salta;ezequielrojas@correo.com;52;41780886
Ezequiel;Peralta;Belgrano 6995;Palermo;Chaco;ezequielperalta@correo.com;74;21576775
Natalia;Díaz;Alvear 7647;Gral. Pico;Entre Ríos;nataliadiaz@correo.com;19;35741263
Sofía;González;Sarmiento 3042;Rosario de la Cruz;Salta;sofiagonzalez@correo.com;32;42722495
Paula;Vidal;Alvear 7155;San Martin;Santa Fe;paulavidal@correo.com;31;29745561
Daniela;Romero;Belgrano 9422;9 de Julio;Santa Fe;danielaromero@correo.com;46;23090315
Tomas;Peralta;Av. San Martín 5703;San Miguel;Neuquén;tomasperalta@correo.com;51;41557982
Lucas;Sánchez;Lavalle 6522;Gral. Pico;Tucumán;lucassanchez@correo.com;83;34522837
Ana;Romero;Av. San Martín 7658;San Miguel;Chaco;anaromero@correo.com;46;24466460
Isabella;Ruiz;Av. de Mayo 53;25 de Mayo;Entre Ríos;isabellaruiz@correo.com;77;46417164
Javier;Pérez;Sarmiento 318;9 de Julio;Chaco;javierperez@correo.com;81;40166961
Mateo;Torres;Av. de Mayo 1476;Gral. Pico;Buenos Aires;mateotorres@correo.com;53;19569632
Diego;Flores;Urquiza 2856;Capitan Mendoza;Tucumán;diegoflores@correo.com;66;33853894
Tomas;Medina;Sarmiento 2789;Rosario de la Cruz;Santa Fe;tomasmedina@correo.com;82;14035677
Tomas;Peralta;Lavalle 8966;La Palta;Buenos Aires;tomasperalta@correo.com;30;42710648
Daniela;Giménez;Mitre 8665;9 de Julio;Tucumán;danielagimenez@correo.com;69;44436729
Joaquín;Sánchez;Rivadavia 8150;Inmaculada Concepcion;Misiones;joaquinsanchez@correo.com;58;22379314
Ezequiel;Martínez;Urquiza 5879;La Palta;Santa Fe;ezequielmartinez@correo.com;56;13391116
Sofía;Pérez;Av. San Martín 4016;9 de Julio;Tucumán;sofiaperez@correo.com;21;35034252
Martina;Rodríguez;Sarmiento 300;San Miguel;Salta;martinarodriguez@correo.com;67;30312475
Lucas;Rojas;Belgrano 531;Gral. Pico;Santa Fe;lucasrojas@correo.com;83;31746935
Tomas;Herrera;Rivadavia 4378;25 de Mayo;Córdoba;tomasherrera@correo.com;25;21960743
Victoria;Sosa;Sarmiento 2050;Gral. Pico;Mendoza;victoriasosa@correo.com;47;36828407
Tomas;Sosa;Rivadavia 5404;Palermo;Buenos Aires;tomassosa@correo.com;69;25489246
Luis;Pérez;Av. San Martín 9763;Gral. Pico;Mendoza;luisperez@correo.com;77;40330263
Nicolás;Díaz;Av. San Martín 5541;25 de Mayo;Misiones;nicolasdiaz@correo.com;40;18390364
Abril;Ruiz;Urquiza 5781;Palermo;Córdoba;abrilruiz@correo.com;56;40562190
Gabriel;Herrera;Av. San Martín 970;Rosario de la Cruz;Entre Ríos;gabrielherrera@correo.com;33;41553649
Martina;Martínez;Av. San Martín 2623;Capitan Mendoza;Chaco;martinamartinez@correo.com;62;25681067
Paula;Aguirre;Pueyrredón 8519;9 de Julio;Mendoza;paulaaguirre@correo.com;63;35836107
Ana;Guzmán;Sarmiento 8100;Palermo;Entre Ríos;anaguzman@correo.com;33;11458771
Sara;Peralta;Urquiza 3753;Gral. Pico;Mendoza;saraperalta@correo.com;68;27585109
Daniela;Torres;Sarmiento 2754;San Martin;Neuquén;danielatorres@correo.com;73;17377990
Sofía;Vidal;Lavalle 6066;Capitan Mendoza;Córdoba;sofiavidal@correo.com;74;20837313
Santiago;Peralta;Av. de Mayo 2833;Palermo;Misiones;santiagoperalta@correo.com;70;18920106
Martina;González;Mitre 25;Rosario de la Cruz;Neuquén;martinagonzalez@correo.com;78;35515586
Ezequiel;Castro;Av. San Martín 9977;Rosario de la Cruz;Santa Fe;ezequielcastro@correo.com;18;38186560
Tomas;López;Mitre 486;Gral. Pico;Mendoza;tomaslopez@correo.com;67;30259881
Daniela;Acosta;Rivadavia 6349;Capitan Mendoza;Entre Ríos;danielaacosta@correo.com;41;21209590
Martina;Ramírez;Av. San Martín 8329;San Martin;Chaco;martinaramirez@correo.com;76;36018971
Ana;López;Av. de Mayo 4146;Rosario de la Cruz;Salta;analopez@correo.com;52;29261177
Diego;Sánchez;Pueyrredón 5095;Capitan Mendoza;Misiones;diegosanchez@correo.com;25;30059156
Ignacio;Castro;Av. San Martín 359;San Martin;Tucumán;ignaciocastro@correo.com;66;26271294
Abril;Giménez;Urquiza 5623;Capitan Mendoza;Santa Fe;abrilgimenez@correo.com;77;27906019
Ana;Molina;Av. de Mayo 1972;Rosario de la Cruz;Chaco;anamolina@correo.com;49;21160648
María;Álvarez;Av. San Martín 2656;San Miguel;Santa Fe;mariaalvarez@correo.com;39;29872830
Diego;López;Av. de Mayo 2596;Gral. Pico;Buenos Aires;diegolopez@correo.com;30;17441798
Elena;Romero;Av. San Martín 4006;9 de Julio;Santa Fe;elenaromero@correo.com;30;27061482
Sara;Rojas;Sarmiento 7153;San Miguel;Buenos Aires;sararojas@correo.com;63;40553938
Camila;Sánchez;Alvear 8411;Inmaculada Concepcion;Entre Ríos;camilasanchez@correo.com;54;20173158
Gonzalo;López;Mitre 7679;La Palta;Entre Ríos;gonzalolopez@correo.com;19;25240615
Ezequiel;Sánchez;Mitre 9141;San Miguel;Neuquén;ezequielsanchez@correo.com;38;38429357
Joaquín;Torres;Mitre 5381;Inmaculada Concepcion;Misiones;joaquintorres@correo.com;71;19535565
Lucas;Rojas;Lavalle 6929;La Palta;Mendoza;lucasrojas@correo.com;80;12359264
Javier;Ruiz;Rivadavia 1674;Rosario de la Cruz;Santa Fe;javierruiz@correo.com;28;44135343
Carlos;Peralta;Av. de Mayo 5171;9 de Julio;Tucumán;carlosperalta@correo.com;39;12963741
Nicolás;García;Pueyrredón 1367;Rosario de la Cruz;Chaco;nicolasgarcia@correo.com;39;31167791
Santiago;Pérez;Rivadavia 460;La Palta;Mendoza;santiagoperez@correo.com;71;25562115
Isabella;Giménez;Alvear 3012;San Miguel;Córdoba;isabellagimenez@correo.com;52;41955146
Natalia;Torres;Rivadavia 3688;San Miguel;Entre Ríos;nataliatorres@correo.com;31;18368337
María;Peralta;Alvear 3154;25 de Mayo;Salta;mariaperalta@correo.com;49;11543079
Ignacio;Giménez;Alvear 4140;San Miguel;Buenos Aires;ignaciogimenez@correo.com;49;30358901
Martina;Guzmán;Alvear 2718;San Martin;Misiones;martinaguzman@correo.com;48;28092692
Mateo;García;Av. de Mayo 8906;San Martin;Neuquén;mateogarcia@correo.com;29;36442930
Victoria;Flores;Mitre 5735;Rosario de la Cruz;Córdoba;victoriaflores@correo.com;31;33401965
Lucas;Herrera;Pueyrredón 689;La Palta;Santa Fe;lucasherrera@correo.com;71;34350107
Martina;Rodríguez;Mitre 4763;Gral. Pico;Córdoba;martinarodriguez@correo.com;70;45188840
Paula;García;Belgrano 6950;San Martin;Buenos Aires;paulagarcia@correo.com;66;23790068
Isabella;Fernández;Lavalle 737;25 de Mayo;Salta;isabellafernandez@correo.com;27;32058917
Carlos;Romero;Alvear 3944;Inmaculada Concepcion;Tucumán;carlosromero@correo.com;56;12182616
Camila;Sánchez;Mitre 3233;25 de Mayo;Mendoza;camilasanchez@correo.com;42;38923259
María;Martínez;Alvear 7966;Gral. Pico;Entre Ríos;mariamartinez@correo.com;83;33578687
Ana;Molina;Lavalle 3865;9 de Julio;Tucumán;anamolina@correo.com;33;15258321
Paula;Giménez;Av. San Martín 7718;San Martin;Salta;paulagimenez@correo.com;66;34534349
Ezequiel;Molina;Belgrano 3105;San Miguel;Salta;ezequielmolina@correo.com;24;43218786
María;Molina;Av. San Martín 5668;La Palta;Santa Fe;mariamolina@correo.com;64;13182949
Joaquín;Sosa;Pueyrredón 6098;San Martin;Buenos Aires;joaquinsosa@correo.com;63;15082292
Joaquín;Vidal;Av. de Mayo 282;Rosario de la Cruz;Chaco;joaquinvidal@correo.com;61;31221330
Natalia;Silva;Alvear 7931;25 de Mayo;Misiones;nataliasilva@correo.com;80;43875389
Mateo;Silva;Lavalle 8437;9 de Julio;Mendoza;mateosilva@correo.com;76;19512137
Lucas;Álvarez;Av. de Mayo 9443;La Palta;Entre Ríos;lucasalvarez@correo.com;55;41519049
Nicolás;Benítez;Alvear 2842;Gral. Pico;Tucumán;nicolasbenitez@correo.com;24;44672731
María;González;Mitre 3104;9 de Julio;Buenos Aires;mariagonzalez@correo.com;83;30810382
Isabella;Castro;Rivadavia 4278;Rosario de la Cruz;Neuquén;isabellacastro@correo.com;52;36248224
Luis;Ramírez;Av. San Martín 6512;Rosario de la Cruz;Mendoza;luisramirez@correo.com;73;23786745
Sofía;Martínez;Av. de Mayo 8611;San Miguel;Salta;sofiamartinez@correo.com;52;42644321
Carlos;González;Pueyrredón 6310;Capitan Mendoza;Buenos Aires;carlosgonzalez@correo.com;40;39133875
Ana;Castro;Rivadavia 9439;Palermo;Salta;anacastro@correo.com;79;37770315
Santiago;Gómez;Sarmiento 568;25 de Mayo;Mendoza;santiagogomez@correo.com;70;34955570
Ezequiel;Pérez;Lavalle 9677;25 de Mayo;Misiones;ezequielperez@correo.com;48;30612842
Santiago;Rodríguez;Pueyrredón 7297;San Miguel;Buenos Aires;santiagorodriguez@correo.com;80;20086542
Lucas;Fernández;Av. San Martín 7581;San Miguel;Neuquén;lucasfernandez@correo.com;53;28123934
Abril;Giménez;Belgrano 9477;25 de Mayo;Neuquén;abrilgimenez@correo.com;37;42699191
Sara;Flores;Belgrano 4680;San Miguel;Santa Fe;saraflores@correo.com;78;19783566
Tomas;Herrera;Av. de Mayo 6690;25 de Mayo;Chaco;tomasherrera@correo.com;27;29589887
Victoria;Flores;Mitre 5736;Gral. Pico;Chaco;victoriaflores@correo.com;21;44680626
Ignacio;Herrera;Belgrano 6059;Rosario de la Cruz;Chaco;ignacioherrera@correo.com;19;26670285
Sara;García;Sarmiento 5838;Palermo;Santa Fe;saragarcia@correo.com;48;17456360
Javier;González;Urquiza 5355;San Martin;Córdoba;javiergonzalez@correo.com;22;34851103
Nicolás;Medina;Urquiza 1418;Capitan Mendoza;Salta;nicolasmedina@correo.com;38;28028354
Agustín;López;Mitre 8938;San Martin;Córdoba;agustinlopez@correo.com;50;22419846
Abril;Acosta;Pueyrredón 9085;Capitan Mendoza;Buenos Aires;abrilacosta@correo.com;59;37062651
Diego;Fernández;Mitre 662;Gral. Pico;Chaco;diegofernandez@correo.com;37;28105102
Valeria;Gómez;Sarmiento 6483;San Martin;Córdoba;valeriagomez@correo.com;44;20367143
Carlos;Giménez;Urquiza 4458;Palermo;Buenos Aires;carlosgimenez@correo.com;71;21007113
Natalia;Díaz;Lavalle 260;Rosario de la Cruz;Mendoza;nataliadiaz@correo.com;66;24540668
Nicolás;Ruiz;Mitre 105;Inmaculada Concepcion;Chaco;nicolasruiz@correo.com;55;21813927
Diego;Giménez;Av. de Mayo 3842;Inmaculada Concepcion;Neuquén;diegogimenez@correo.com;79;14801373
Natalia;Fernández;Lavalle 7998;San Miguel;Mendoza;nataliafernandez@correo.com;21;37405498
Gabriel;Acosta;Alvear 2193;Palermo;Buenos Aires;gabrielacosta@correo.com;82;20670794
Victoria;Guzmán;Av. de Mayo 3407;San Martin;Misiones;victoriaguzman@correo.com;81;44102183
Lucía;González;Mitre 2308;San Miguel;Neuquén;luciagonzalez@correo.com;82;24446617
Elena;Álvarez;Av. de Mayo 1208;San Martin;Salta;elenaalvarez@correo.com;35;12777066
Camila;Ramírez;Urquiza 2533;San Miguel;Mendoza;camilaramirez@correo.com;25;41665463
Valeria;Sánchez;Alvear 1194;Capitan Mendoza;Entre Ríos;valeriasanchez@correo.com;48;18676069
Daniela;Flores;Sarmiento 3621;Palermo;Chaco;danielaflores@correo.com;50;22466702
Gabriel;Pérez;Av. San Martín 2868;Capitan Mendoza;Mendoza;gabrielperez@correo.com;53;35491345
Nicolás;Torres;Rivadavia 2369;Palermo;Tucumán;nicolastorres@correo.com;34;41028380
Agustín;Romero;Belgrano 7864;San Martin;Córdoba;agustinromero@correo.com;52;24747039
Ignacio;Silva;Mitre 5183;Palermo;Misiones;ignaciosilva@correo.com;69;30358475
Ezequiel;Gómez;Av. San Martín 9322;Rosario de la Cruz;Santa Fe;ezequielgomez@correo.com;60;16209749
Abril;Díaz;Pueyrredón 8774;Rosario de la Cruz;Buenos Aires;abrildiaz@correo.com;19;38914635
Elena;Romero;Alvear 7499;25 de Mayo;Misiones;elenaromero@correo.com;19;41572092
Tomas;Medina;Sarmiento 4783;San Martin;Salta;tomasmedina@correo.com;78;36815683
Isabella;Peralta;Pueyrredón 7997;Capitan Mendoza;Tucumán;isabellaperalta@correo.com;34;47662589
Abril;Álvarez;Lavalle 4649;La Palta;Entre Ríos;abrilalvarez@correo.com;19;16885530
Nicolás;Silva;Av. de Mayo 3354;25 de Mayo;Tucumán;nicolassilva@correo.com;49;44532015
Mateo;Sosa;Urquiza 9135;Rosario de la Cruz;Misiones;mateososa@correo.com;42;38846287
Sara;Acosta;Lavalle 4576;San Miguel;Mendoza;saraacosta@correo.com;48;41116620
Tomas;Ruiz;Sarmiento 7047;San Martin;Tucumán;tomasruiz@correo.com;30;17661810
Paula;Sánchez;Rivadavia 8020;San Miguel;Chaco;paulasanchez@correo.com;78;23812158
Agustín;Medina;Alvear 4109;Rosario de la Cruz;Mendoza;agustinmedina@correo.com;43;34170434
Natalia;González;Mitre 4032;Inmaculada Concepcion;Misiones;nataliagonzalez@correo.com;27;33236386
Nicolás;Castro;Av. de Mayo 8607;San Miguel;Chaco;nicolascastro@correo.com;49;15987592
Nicolás;Sánchez;Urquiza 6413;La Palta;Tucumán;nicolassanchez@correo.com;83;24176818
Diego;Romero;Pueyrredón 8864;Rosario de la Cruz;Neuquén;diegoromero@correo.com;69;25323734
Ana;Castro;Alvear 6823;Palermo;Mendoza;anacastro@correo.com;30;46239291
Camila;González;Av. de Mayo 5391;Inmaculada Concepcion;Buenos Aires;camilagonzalez@correo.com;23;14368029
Sara;Giménez;Alvear 2864;Capitan Mendoza;Córdoba;saragimenez@correo.com;76;15543463
Agustín;Castro;Av. San Martín 5727;Palermo;Córdoba;agustincastro@correo.com;61;34764122
Valeria;Romero;Av. San Martín 4154;San Miguel;Santa Fe;valeriaromero@correo.com;20;31367567
Abril;Guzmán;Lavalle 2652;25 de Mayo;Mendoza;abrilguzman@correo.com;71;22467147
Joaquín;Flores;Av. de Mayo 2084;San Martin;Chaco;joaquinflores@correo.com;71;44700979
Carlos;Guzmán;Pueyrredón 6389;Capitan Mendoza;Mendoza;carlosguzman@correo.com;84;35024237
Martina;Ruiz;Urquiza 3258;25 de Mayo;Entre Ríos;martinaruiz@correo.com;63;18298608
Javier;Herrera;Alvear 1663;San Martin;Misiones;javierherrera@correo.com;47;20475447
Sofía;González;Pueyrredón 6158;San Miguel;Mendoza;sofiagonzalez@correo.com;22;38085064
Daniela;Sánchez;Rivadavia 606;25 de Mayo;Entre Ríos;danielasanchez@correo.com;30;17747879
Santiago;Álvarez;Belgrano 4450;San Martin;Tucumán;santiagoalvarez@correo.com;32;15316394
Santiago;Aguirre;Rivadavia 8032;25 de Mayo;Entre Ríos;santiagoaguirre@correo.com;76;43445174
Santiago;Rojas;Pueyrredón 7115;9 de Julio;Santa Fe;santiagorojas@correo.com;36;47366788
Ezequiel;Torres;Pueyrredón 8444;San Martin;Santa Fe;ezequieltorres@correo.com;49;31745225
Sara;Sosa;Av. San Martín 7934;Inmaculada Concepcion;Salta;sarasosa@correo.com;54;33395535
Victoria;Medina;Alvear 387;25 de Mayo;Mendoza;victoriamedina@correo.com;79;20299589
Ignacio;Rojas;Sarmiento 756;Rosario de la Cruz;Entre Ríos;ignaciorojas@correo.com;42;36721727
Natalia;Fernández;Lavalle 5069;25 de Mayo;Misiones;nataliafernandez@correo.com;62;11215625
Santiago;Rodríguez;Urquiza 6480;San Miguel;Buenos Aires;santiagorodriguez@correo.com;47;41324865
Victoria;Acosta;Alvear 2837;San Miguel;Buenos Aires;victoriaacosta@correo.com;64;36142099
Agustín;Rodríguez;Lavalle 2435;9 de Julio;Tucumán;agustinrodriguez@correo.com;25;39271734
Sara;Giménez;Av. de Mayo 423;Palermo;Salta;saragimenez@correo.com;69;19341227
Ezequiel;Ramírez;Alvear 3159;San Miguel;Neuquén;ezequielramirez@correo.com;46;38812419
Agustín;Herrera;Rivadavia 7639;9 de Julio;Chaco;agustinherrera@correo.com;62;47751017
Abril;Romero;Av. de Mayo 2132;Inmaculada Concepcion;Neuquén;abrilromero@correo.com;33;43845551
Lucía;Acosta;Av. San Martín 1947;San Martin;Tucumán;luciaacosta@correo.com;69;43277597
Tomas;Molina;Rivadavia 2556;Palermo;Entre Ríos;tomasmolina@correo.com;56;30873553
Natalia;Díaz;Mitre 9988;Capitan Mendoza;Buenos Aires;nataliadiaz@correo.com;36;46930478
Victoria;Silva;Pueyrredón 7871;9 de Julio;Entre Ríos;victoriasilva@correo.com;77;26199053
Santiago;Rodríguez;Alvear 535;Inmaculada Concepcion;Chaco;santiagorodriguez@correo.com;67;17887913
Tomas;Molina;Urquiza 238;25 de Mayo;Santa Fe;tomasmolina@correo.com;76;16876146
Lucas;Romero;Av. San Martín 6374;San Martin;Córdoba;lucasromero@correo.com;23;24980619
Ana;Herrera;Lavalle 9333;Palermo;Santa Fe;anaherrera@correo.com;65;17597940
Carlos;Romero;Pueyrredón 8791;La Palta;Chaco;carlosromero@correo.com;48;34351030
Ezequiel;Pérez;Sarmiento 9451;Rosario de la Cruz;Tucumán;ezequielperez@correo.com;27;38412740
Nicolás;González;Urquiza 668;Rosario de la Cruz;Entre Ríos;nicolasgonzalez@correo.com;43;15326294
Carlos;Molina;Sarmiento 3548;La Palta;Mendoza;carlosmolina@correo.com;48;23476477
Gabriel;Sosa;Urquiza 1226;25 de Mayo;Buenos Aires;gabrielsosa@correo.com;63;31251447
Daniela;Peralta;Mitre 6278;Capitan Mendoza;Chaco;danielaperalta@correo.com;31;14201652
Agustín;González;Sarmiento 3046;Palermo;Chaco;agustingonzalez@correo.com;47;41154928
Gonzalo;Guzmán;Rivadavia 9057;Rosario de la Cruz;Neuquén;gonzaloguzman@correo.com;57;42762153
Daniela;López;Pueyrredón 3386;San Martin;Buenos Aires;danielalopez@correo.com;73;40400511
Sofía;Molina;Rivadavia 7154;25 de Mayo;Córdoba;sofiamolina@correo.com;78;26506533
Lucas;Sosa;Urquiza 4892;Capitan Mendoza;Entre Ríos;lucassosa@correo.com;69;12260731
Diego;Flores;Av. de Mayo 9528;Capitan Mendoza;Córdoba;diegoflores@correo.com;39;36897841
Sofía;Molina;Rivadavia 6448;Rosario de la Cruz;Salta;sofiamolina@correo.com;25;46015783
Gabriel;Medina;Urquiza 5856;San Miguel;Neuquén;gabrielmedina@correo.com;71;22943980
Santiago;Fernández;Belgrano 2598;Gral. Pico;Mendoza;santiagofernandez@correo.com;35;40250296
Ana;Ruiz;Alvear 1001;San Miguel;Chaco;anaruiz@correo.com;77;32905233
Paula;Torres;Belgrano 7142;Inmaculada Concepcion;Mendoza;paulatorres@correo.com;41;25975818
Joaquín;Romero;Alvear 9762;Rosario de la Cruz;Misiones;joaquinromero@correo.com;41;22645899
Camila;Ruiz;Sarmiento 3594;Capitan Mendoza;Mendoza;camilaruiz@correo.com;74;27025872
Diego;Sosa;Belgrano 414;San Martin;Córdoba;diegososa@correo.com;24;15824943
Victoria;López;Rivadavia 2290;9 de Julio;Misiones;victorialopez@correo.com;45;45454746
Gonzalo;Guzmán;Mitre 4478;Gral. Pico;Salta;gonzaloguzman@correo.com;51;33999320
Camila;Silva;Av. San Martín 372;La Palta;Misiones;camilasilva@correo.com;30;32923024
Agustín;Ruiz;Belgrano 1421;9 de Julio;Neuquén;agustinruiz@correo.com;82;37678964
Martina;Giménez;Rivadavia 5510;Rosario de la Cruz;Mendoza;martinagimenez@correo.com;49;23180269
Mateo;Medina;Av. San Martín 4771;San Miguel;Santa Fe;mateomedina@correo.com;39;22010448
Ezequiel;Martínez;Belgrano 1185;Gral. Pico;Tucumán;ezequielmartinez@correo.com;61;44310290
Paula;Sosa;Av. de Mayo 3102;Capitan Mendoza;Santa Fe;paulasosa@correo.com;56;15374600
Santiago;Benítez;Mitre 4672;9 de Julio;Santa Fe;santiagobenitez@correo.com;54;41000587
Sara;Rodríguez;Av. San Martín 3164;Palermo;Tucumán;sararodriguez@correo.com;45;36732627
Martina;Ramírez;Av. San Martín 6018;San Martin;Córdoba;martinaramirez@correo.com;71;41274912
Martina;Ruiz;Pueyrredón 6664;Palermo;Buenos Aires;martinaruiz@correo.com;38;12037311
Agustín;Medina;Av. San Martín 513;Capitan Mendoza;Santa Fe;agustinmedina@correo.com;43;41448694
Daniela;González;Sarmiento 6487;Capitan Mendoza;Neuquén;danielagonzalez@correo.com;29;32777568
Paula;González;Lavalle 3739;Palermo;Córdoba;paulagonzalez@correo.com;54;29692702
Nicolás;Rodríguez;Av. San Martín 7724;Capitan Mendoza;Salta;nicolasrodriguez@correo.com;53;17989786
Lucía;Silva;Alvear 3292;25 de Mayo;Neuquén;luciasilva@correo.com;78;21091804
Victoria;Silva;Rivadavia 1097;San Martin;Tucumán;victoriasilva@correo.com;48;26200727
Lucía;Gómez;Alvear 9236;San Martin;Neuquén;luciagomez@correo.com;38;20533284
Joaquín;Martínez;Av. San Martín 8727;Capitan Mendoza;Buenos Aires;joaquinmartinez@correo.com;27;43487583
Isabella;Ruiz;Lavalle 9646;9 de Julio;Buenos Aires;isabellaruiz@correo.com;74;44840971
Luis;Sosa;Pueyrredón 3929;San Miguel;Entre Ríos;luissosa@correo.com;18;14924903
Santiago;Pérez;Mitre 90;San Miguel;Córdoba;santiagoperez@correo.com;84;40474723
Tomas;Medina;Pueyrredón 3406;San Miguel;Misiones;tomasmedina@correo.com;68;47344913
Gonzalo;Martínez;Sarmiento 9577;Capitan Mendoza;Tucumán;gonzalomartinez@correo.com;76;29166977
Ana;Vidal;Belgrano 2940;Gral. Pico;Córdoba;anavidal@correo.com;42;43891470
Santiago;Ruiz;Alvear 6334;Capitan Mendoza;Chaco;santiagoruiz@correo.com;50;44994622
Lucía;Castro;Urquiza 882;Capitan Mendoza;Salta;luciacastro@correo.com;80;22333291
Nicolás;Medina;Alvear 5643;Capitan Mendoza;Misiones;nicolasmedina@correo.com;73;29524756
Ana;García;Pueyrredón 295;Inmaculada Concepcion;Chaco;anagarcia@correo.com;57;39665479
María;Pérez;Av. San Martín 8282;Palermo;Entre Ríos;mariaperez@correo.com;68;18381864
Carlos;Gómez;Av. San Martín 3503;San Martin;Neuquén;carlosgomez@correo.com;30;41352728
Ignacio;Rodríguez;Belgrano 3221;San Miguel;Santa Fe;ignaciorodriguez@correo.com;43;46041837
Paula;Fernández;Sarmiento 9466;Gral. Pico;Entre Ríos;paulafernandez@correo.com;80;35835975
Santiago;Ruiz;Av. San Martín 8574;Rosario de la Cruz;Entre Ríos;santiagoruiz@correo.com;39;31464382
Valeria;Peralta;Alvear 5626;25 de Mayo;Buenos Aires;valeriaperalta@correo.com;21;37651024
Ana;Sosa;Mitre 2400;San Miguel;Chaco;anasosa@correo.com;74;29772048
Victoria;Álvarez;Sarmiento 1036;Capitan Mendoza;Mendoza;victoriaalvarez@correo.com;34;35291706
Diego;Romero;Alvear 6523;San Martin;Córdoba;diegoromero@correo.com;35;11462447
Gabriel;Rodríguez;Rivadavia 981;La Palta;Tucumán;gabrielrodriguez@correo.com;62;29087467
Valeria;López;Belgrano 4973;La Palta;Córdoba;valerialopez@correo.com;81;36358057
Abril;Molina;Belgrano 8357;9 de Julio;Misiones;abrilmolina@correo.com;59;22064270
Victoria;Medina;Lavalle 1323;Capitan Mendoza;Buenos Aires;victoriamedina@correo.com;45;21722077
Ana;Gómez;Alvear 8726;25 de Mayo;Buenos Aires;anagomez@correo.com;53;21005016
Agustín;Álvarez;Rivadavia 5436;9 de Julio;Mendoza;agustinalvarez@correo.com;65;16065759
Lucía;Sánchez;Belgrano 681;San Martin;Entre Ríos;luciasanchez@correo.com;40;24300336
Javier;Torres;Belgrano 1398;La Palta;Tucumán;javiertorres@correo.com;28;46650146
Tomas;González;Belgrano 5415;Rosario de la Cruz;Salta;tomasgonzalez@correo.com;26;30094607
Camila;Herrera;Av. de Mayo 8535;Gral. Pico;Salta;camilaherrera@correo.com;54;15525393
Martina;Sosa;Mitre 9988;Rosario de la Cruz;Salta;martinasosa@correo.com;20;15589904
Ezequiel;Rodríguez;Lavalle 4615;Gral. Pico;Chaco;ezequielrodriguez@correo.com;28;37227788
Agustín;Romero;Av. San Martín 2949;Palermo;Neuquén;agustinromero@correo.com;47;26897640
Daniela;Acosta;Mitre 451;Inmaculada Concepcion;Córdoba;danielaacosta@correo.com;38;22647933
Valeria;Romero;Av. de Mayo 3082;San Miguel;Misiones;valeriaromero@correo.com;20;11695458
Agustín;Torres;Pueyrredón 8237;Gral. Pico;Entre Ríos;agustintorres@correo.com;40;15821843
Gonzalo;Guzmán;Alvear 8033;Capitan Mendoza;Buenos Aires;gonzaloguzman@correo.com;53;11676796
Luis;López;Lavalle 1173;La Palta;Misiones;luislopez@correo.com;59;26822869
Ana;Herrera;Av. de Mayo 7910;La Palta;Entre Ríos;anaherrera@correo.com;48;36328350
Tomas;Vidal;Urquiza 4494;San Miguel;Santa Fe;tomasvidal@correo.com;60;44196798
Ezequiel;Medina;Av. San Martín 9288;25 de Mayo;Chaco;ezequielmedina@correo.com;39;16933109
Lucía;Gómez;Av. San Martín 9967;San Miguel;Misiones;luciagomez@correo.com;44;35803428
Ignacio;Aguirre;Rivadavia 8148;Capitan Mendoza;Salta;ignacioaguirre@correo.com;45;46223560
Isabella;Martínez;Sarmiento 5002;San Martin;Misiones;isabellamartinez@correo.com;42;29750027
Luis;López;Mitre 1163;Rosario de la Cruz;Entre Ríos;luislopez@correo.com;34;35463606
Victoria;Benítez;Av. de Mayo 5375;Gral. Pico;Buenos Aires;victoriabenitez@correo.com;78;32784080
Ezequiel;Aguirre;Pueyrredón 7548;San Martin;Santa Fe;ezequielaguirre@correo.com;43;28460452
Elena;Peralta;Sarmiento 1047;San Martin;Entre Ríos;elenaperalta@correo.com;71;37560414
Sofía;Díaz;Belgrano 2367;San Miguel;Córdoba;sofiadiaz@correo.com;34;33212534
Natalia;Sánchez;Urquiza 2767;Capitan Mendoza;Tucumán;nataliasanchez@correo.com;50;33029228
Lucas;Rojas;Sarmiento 3196;9 de Julio;Salta;lucasrojas@correo.com;67;30353346
Carlos;Guzmán;Belgrano 5471;La Palta;Entre Ríos;carlosguzman@correo.com;81;18731979
Joaquín;Gómez;Av. de Mayo 8865;La Palta;Buenos Aires;joaquingomez@correo.com;21;33854945
Valeria;Benítez;Alvear 4938;Rosario de la Cruz;Neuquén;valeriabenitez@correo.com;51;18212472
Elena;Ramírez;Av. San Martín 701;9 de Julio;Santa Fe;elenaramirez@correo.com;23;29300653
María;López;Av. de Mayo 2854;Palermo;Santa Fe;marialopez@correo.com;24;31438201
Paula;Pérez;Rivadavia 8507;25 de Mayo;Entre Ríos;paulaperez@correo.com;26;25377971
Carlos;Romero;Belgrano 2562;San Martin;Chaco;carlosromero@correo.com;30;47997447
Ignacio;Silva;Pueyrredón 4538;San Miguel;Mendoza;ignaciosilva@correo.com;40;20554920
Santiago;Díaz;Pueyrredón 6005;Inmaculada Concepcion;Salta;santiagodiaz@correo.com;70;41533354
Valeria;Benítez;Mitre 8951;Inmaculada Concepcion;Neuquén;valeriabenitez@correo.com;67;46730360
Gonzalo;Sánchez;Lavalle 7425;San Miguel;Salta;gonzalosanchez@correo.com;83;27569989
Paula;Medina;Alvear 371;San Miguel;Buenos Aires;paulamedina@correo.com;68;28727856
Lucas;Giménez;Alvear 9568;25 de Mayo;Neuquén;lucasgimenez@correo.com;61;23573519
Ezequiel;López;Mitre 5024;9 de Julio;Tucumán;ezequiellopez@correo.com;62;23215723
Gabriel;Castro;Av. San Martín 9505;9 de Julio;Santa Fe;gabrielcastro@correo.com;50;31994849
Lucas;Ramírez;Lavalle 3166;La Palta;Entre Ríos;lucasramirez@correo.com;79;47834288
Daniela;Silva;Mitre 8275;Gral. Pico;Chaco;danielasilva@correo.com;48;29556199
Agustín;Gómez;Sarmiento 3515;Rosario de la Cruz;Buenos Aires;agustingomez@correo.com;50;11681227
Lucas;Vidal;Belgrano 6147;Palermo;Mendoza;lucasvidal@correo.com;21;27403484
Tomas;Medina;Rivadavia 940;Inmaculada Concepcion;Córdoba;tomasmedina@correo.com;41;25768491
Agustín;Fernández;Rivadavia 8670;San Martin;Salta;agustinfernandez@correo.com;39;11722638
Luis;Peralta;Sarmiento 9857;Inmaculada Concepcion;Buenos Aires;luisperalta@correo.com;45;30100867
Natalia;Medina;Av. de Mayo 8113;La Palta;Tucumán;nataliamedina@correo.com;42;34416845
Sofía;Medina;Belgrano 1663;Inmaculada Concepcion;Tucumán;sofiamedina@correo.com;51;14745183
Mateo;Molina;Sarmiento 1264;La Palta;Chaco;mateomolina@correo.com;79;29499848
Elena;Sánchez;Lavalle 4220;25 de Mayo;Neuquén;elenasanchez@correo.com;68;34492690
Nicolás;Sosa;Av. San Martín 5653;9 de Julio;Córdoba;nicolassosa@correo.com;27;43626786
Carlos;Rodríguez;Pueyrredón 3483;9 de Julio;Misiones;carlosrodriguez@correo.com;27;44875084
Diego;Aguirre;Pueyrredón 6456;Gral. Pico;Entre Ríos;diegoaguirre@correo.com;80;17449838
Isabella;Pérez;Rivadavia 5902;Inmaculada Concepcion;Chaco;isabellaperez@correo.com;46;31430874
Sofía;Aguirre;Rivadavia 5494;San Miguel;Chaco;sofiaaguirre@correo.com;48;13869484
Sara;Pérez;Urquiza 3318;Capitan Mendoza;Santa Fe;saraperez@correo.com;58;14778203
Luis;Herrera;Mitre 1390;25 de Mayo;Santa Fe;luisherrera@correo.com;52;12299697
Javier;Flores;Pueyrredón 5918;San Miguel;Santa Fe;javierflores@correo.com;69;33381282
Gabriel;Martínez;Av. San Martín 1083;San Martin;Santa Fe;gabrielmartinez@correo.com;67;42702357
Sara;Rojas;Pueyrredón 6892;La Palta;Misiones;sararojas@correo.com;46;34706297
Tomas;López;Lavalle 7126;San Miguel;Córdoba;tomaslopez@correo.com;19;32836002
Mateo;Giménez;Lavalle 6299;Inmaculada Concepcion;Mendoza;mateogimenez@correo.com;39;18241279
Ezequiel;Rojas;Mitre 7675;9 de Julio;Entre Ríos;ezequielrojas@correo.com;75;39719739
Javier;Herrera;Av. de Mayo 6025;9 de Julio;Córdoba;javierherrera@correo.com;33;34680440
Sara;Rojas;Belgrano 348;Palermo;Entre Ríos;sararojas@correo.com;23;26828344
Tomas;Romero;Belgrano 6811;Gral. Pico;Mendoza;tomasromero@correo.com;82;34917784
Lucía;Ramírez;Urquiza 5901;25 de Mayo;Chaco;luciaramirez@correo.com;19;12051962
Gabriel;Flores;Lavalle 6745;Palermo;Tucumán;gabrielflores@correo.com;70;11530113
Sofía;Castro;Alvear 9274;Capitan Mendoza;Misiones;sofiacastro@correo.com;26;21507363
Nicolás;Silva;Sarmiento 2605;Rosario de la Cruz;Tucumán;nicolassilva@correo.com;54;34936100
Agustín;Díaz;Mitre 506;Palermo;Misiones;agustindiaz@correo.com;78;16208287
Martina;Romero;Alvear 9711;Gral. Pico;Mendoza;martinaromero@correo.com;69;41603365
Sara;Martínez;Pueyrredón 3272;San Miguel;Misiones;saramartinez@correo.com;58;45263632
Santiago;Medina;Mitre 6986;San Martin;Mendoza;santiagomedina@correo.com;61;36390056
Carlos;Gómez;Lavalle 9582;La Palta;Buenos Aires;carlosgomez@correo.com;64;43714001
Luis;Martínez;Av. San Martín 4048;Capitan Mendoza;Entre Ríos;luismartinez@correo.com;82;27903276
Abril;Ruiz;Urquiza 7490;Inmaculada Concepcion;Córdoba;abrilruiz@correo.com;55;24267503
Ignacio;Ruiz;Rivadavia 8063;La Palta;Misiones;ignacioruiz@correo.com;34;42027363
Luis;Molina;Mitre 4512;La Palta;Chaco;luismolina@correo.com;39;12273305
Nicolás;Guzmán;Mitre 1811;San Miguel;Entre Ríos;nicolasguzman@correo.com;66;40129251
Nicolás;Benítez;Urquiza 8841;San Martin;Córdoba;nicolasbenitez@correo.com;18;31568146
Lucía;Fernández;Av. de Mayo 1887;9 de Julio;Buenos Aires;luciafernandez@correo.com;41;24263994
Ana;Fernández;Pueyrredón 3737;Gral. Pico;Córdoba;anafernandez@correo.com;80;39215435
Lucas;Romero;Mitre 5803;San Martin;Mendoza;lucasromero@correo.com;61;20042845
Isabella;Torres;Av. de Mayo 445;Capitan Mendoza;Buenos Aires;isabellatorres@correo.com;29;17272027
Luis;Sosa;Mitre 2456;Palermo;Córdoba;luissosa@correo.com;54;44975189
Gonzalo;Peralta;Pueyrredón 6637;Rosario de la Cruz;Entre Ríos;gonzaloperalta@correo.com;61;42034138
Natalia;Romero;Lavalle 4857;Inmaculada Concepcion;Tucumán;nataliaromero@correo.com;68;37192530
Isabella;García;Lavalle 8307;25 de Mayo;Entre Ríos;isabellagarcia@correo.com;33;16191943
Valeria;Álvarez;Av. San Martín 327;La Palta;Salta;valeriaalvarez@correo.com;30;31308475
Ezequiel;Flores;Sarmiento 64;Rosario de la Cruz;Buenos Aires;ezequielflores@correo.com;40;30832098
Victoria;Benítez;Rivadavia 3684;25 de Mayo;Mendoza;victoriabenitez@correo.com;53;33617454
Daniela;Silva;Alvear 5169;San Miguel;Entre Ríos;danielasilva@correo.com;81;30884442
Abril;Castro;Sarmiento 5736;Palermo;Santa Fe;abrilcastro@correo.com;39;17687246
Mateo;Sánchez;Av. San Martín 6842;9 de Julio;Neuquén;mateosanchez@correo.com;65;22597565
Sofía;Fernández;Av. de Mayo 8054;Palermo;Neuquén;sofiafernandez@correo.com;33;33724391
Luis;Martínez;Av. de Mayo 343;Palermo;Buenos Aires;luismartinez@correo.com;37;37816134
Javier;Pérez;Av. de Mayo 8784;Inmaculada Concepcion;Mendoza;javierperez@correo.com;38;14451503
Daniela;Gómez;Av. San Martín 4219;Capitan Mendoza;Chaco;danielagomez@correo.com;43;12218687
Ignacio;Flores;Urquiza 6686;Inmaculada Concepcion;Córdoba;ignacioflores@correo.com;48;36136225
Martina;Aguirre;Av. de Mayo 7065;Palermo;Chaco;martinaaguirre@correo.com;58;34178764
Sofía;Fernández;Sarmiento 298;La Palta;Entre Ríos;sofiafernandez@correo.com;37;16111656
Ignacio;Peralta;Rivadavia 2305;La Palta;Chaco;ignacioperalta@correo.com;49;42789884
Agustín;Martínez;Rivadavia 3412;Palermo;Salta;agustinmartinez@correo.com;72;36087361
Lucas;Sánchez;Lavalle 8754;25 de Mayo;Salta;lucassanchez@correo.com;75;28034185
Sara;Acosta;Alvear 5854;San Miguel;Mendoza;saraacosta@correo.com;38;17104977
Isabella;Torres;Mitre 2901;San Martin;Santa Fe;isabellatorres@correo.com;57;28965067
Isabella;López;Urquiza 1548;San Miguel;Tucumán;isabellalopez@correo.com;83;23956448
Ana;Sosa;Lavalle 174;La Palta;Mendoza;anasosa@correo.com;43;28566242
Victoria;Romero;Sarmiento 4419;San Martin;Buenos Aires;victoriaromero@correo.com;39;25672505
Ana;González;Pueyrredón 631;Palermo;Entre Ríos;anagonzalez@correo.com;28;29232085
Ezequiel;Castro;Belgrano 6779;Rosario de la Cruz;Mendoza;ezequielcastro@correo.com;30;39922170
Luis;Flores;Lavalle 4117;25 de Mayo;Córdoba;luisflores@correo.com;60;35190608
Agustín;Fernández;Mitre 8090;25 de Mayo;Neuquén;agustinfernandez@correo.com;70;41992953
Santiago;Ramírez;Av. de Mayo 4635;9 de Julio;Mendoza;santiagoramirez@correo.com;50;33115143
Nicolás;Gómez;Alvear 5372;Gral. Pico;Santa Fe;nicolasgomez@correo.com;53;43372077
Mateo;Castro;Av. San Martín 1223;San Martin;Córdoba;mateocastro@correo.com;33;46977893
Mateo;Silva;Pueyrredón 5246;25 de Mayo;Chaco;mateosilva@correo.com;66;34135574
Isabella;Aguirre;Alvear 2870;9 de Julio;Mendoza;isabellaaguirre@correo.com;19;28816791
Isabella;González;Lavalle 9659;Capitan Mendoza;Neuquén;isabellagonzalez@correo.com;70;26210495
Lucas;Aguirre;Mitre 3997;La Palta;Santa Fe;lucasaguirre@correo.com;49;35499732
Ana;García;Pueyrredón 9105;Inmaculada Concepcion;Buenos Aires;anagarcia@correo.com;35;19689012
Ignacio;Ruiz;Mitre 4350;Gral. Pico;Córdoba;ignacioruiz@correo.com;74;18847861
Valeria;Ruiz;Alvear 8978;Capitan Mendoza;Salta;valeriaruiz@correo.com;72;40500463
Agustín;Acosta;Rivadavia 5232;Gral. Pico;Buenos Aires;agustinacosta@correo.com;21;36941804
Lucía;Rodríguez;Pueyrredón 5708;9 de Julio;Tucumán;luciarodriguez@correo.com;30;13884443
Valeria;Medina;Sarmiento 861;San Miguel;Misiones;valeriamedina@correo.com;58;28847397
Gabriel;González;Av. San Martín 8893;25 de Mayo;Tucumán;gabrielgonzalez@correo.com;47;25612604
María;Ramírez;Belgrano 5679;Palermo;Entre Ríos;mariaramirez@correo.com;31;35625236
Isabella;Medina;Alvear 1267;Gral. Pico;Mendoza;isabellamedina@correo.com;53;17219131
Natalia;González;Rivadavia 4631;Gral. Pico;Mendoza;nataliagonzalez@correo.com;40;30926774
Lucía;Romero;Pueyrredón 5049;San Martin;Tucumán;luciaromero@correo.com;79;33386618
Daniela;Aguirre;Sarmiento 2253;9 de Julio;Neuquén;danielaaguirre@correo.com;61;36655348
Ana;Martínez;Alvear 4668;Rosario de la Cruz;Entre Ríos;anamartinez@correo.com;36;17323188
Valeria;Acosta;Belgrano 8467;San Martin;Santa Fe;valeriaacosta@correo.com;50;29082010
Natalia;Molina;Mitre 8759;9 de Julio;Entre Ríos;nataliamolina@correo.com;61;13122438
Gonzalo;Medina;Rivadavia 6304;La Palta;Mendoza;gonzalomedina@correo.com;36;42269438
Nicolás;Álvarez;Pueyrredón 2232;Gral. Pico;Misiones;nicolasalvarez@correo.com;65;37761955
Javier;González;Pueyrredón 6387;Gral. Pico;Córdoba;javiergonzalez@correo.com;62;15617599
Gabriel;Fernández;Pueyrredón 4446;Capitan Mendoza;Mendoza;gabrielfernandez@correo.com;52;34305779
Agustín;Benítez;Sarmiento 8798;Inmaculada Concepcion;Salta;agustinbenitez@correo.com;60;43568386
Sara;Díaz;Av. de Mayo 8672;Palermo;Misiones;saradiaz@correo.com;21;29606085
Agustín;Peralta;Alvear 7404;San Martin;Salta;agustinperalta@correo.com;50;40056713
Ana;Rojas;Belgrano 4598;Rosario de la Cruz;Misiones;anarojas@correo.com;42;41695744
Carlos;Vidal;Sarmiento 5997;Gral. Pico;Chaco;carlosvidal@correo.com;29;32552333
Natalia;López;Pueyrredón 2959;San Martin;Tucumán;natalialopez@correo.com;46;24750282
Ezequiel;Aguirre;Pueyrredón 5959;San Martin;Santa Fe;ezequielaguirre@correo.com;45;29630570
Camila;González;Av. de Mayo 5082;La Palta;Misiones;camilagonzalez@correo.com;33;42638579
Lucía;Benítez;Pueyrredón 7945;9 de Julio;Buenos Aires;luciabenitez@correo.com;53;42610061
Camila;Benítez;Rivadavia 3613;Palermo;Neuquén;camilabenitez@correo.com;73;24155168
Santiago;Molina;Av. de Mayo 8;San Martin;Buenos Aires;santiagomolina@correo.com;66;35962496
Mateo;Pérez;Sarmiento 5219;Inmaculada Concepcion;Tucumán;mateoperez@correo.com;54;40494139
Ana;Castro;Urquiza 5157;Capitan Mendoza;Mendoza;anacastro@correo.com;78;46702423
Natalia;Molina;Alvear 5953;Rosario de la Cruz;Salta;nataliamolina@correo.com;27;44493625
Diego;Sánchez;Mitre 3345;San Martin;Santa Fe;diegosanchez@correo.com;70;18662532
Natalia;Aguirre;Pueyrredón 7927;Palermo;Entre Ríos;nataliaaguirre@correo.com;43;18586966
Carlos;Romero;Rivadavia 6448;Palermo;Mendoza;carlosromero@correo.com;26;21935887
Valeria;Ruiz;Lavalle 7335;Palermo;Salta;valeriaruiz@correo.com;68;25764553
Javier;Vidal;Pueyrredón 3726;San Miguel;Mendoza;javiervidal@correo.com;84;14711854
Ana;Torres;Av. San Martín 7749;Inmaculada Concepcion;Chaco;anatorres@correo.com;80;16934590
Natalia;Ramírez;Belgrano 5064;Palermo;Entre Ríos;nataliaramirez@correo.com;78;30208323
Elena;Castro;Sarmiento 4112;San Miguel;Chaco;elenacastro@correo.com;28;24590270
Lucía;Molina;Rivadavia 9184;Capitan Mendoza;Mendoza;luciamolina@correo.com;51;37693591
Daniela;Flores;Sarmiento 1048;Gral. Pico;Buenos Aires;danielaflores@correo.com;43;35906606
Luis;García;Av. San Martín 9146;Gral. Pico;Córdoba;luisgarcia@correo.com;32;47739346
Paula;Aguirre;Urquiza 1729;La Palta;Buenos Aires;paulaaguirre@correo.com;45;47324973
Gabriel;Martínez;Belgrano 1077;Capitan Mendoza;Entre Ríos;gabrielmartinez@correo.com;25;42021500
Carlos;Vidal;Urquiza 3116;25 de Mayo;Salta;carlosvidal@correo.com;51;34326371
Santiago;Ramírez;Mitre 4447;Inmaculada Concepcion;Misiones;santiagoramirez@correo.com;59;46889625
Tomas;Sánchez;Urquiza 1129;San Miguel;Buenos Aires;tomassanchez@correo.com;84;22249455
Paula;Martínez;Rivadavia 4057;Inmaculada Concepcion;Santa Fe;paulamartinez@correo.com;65;19569066
Carlos;Giménez;Alvear 9555;San Miguel;Buenos Aires;carlosgimenez@correo.com;50;23521983
Isabella;Martínez;Lavalle 5989;San Miguel;Entre Ríos;isabellamartinez@correo.com;50;32083373
Abril;Sánchez;Sarmiento 2370;25 de Mayo;Neuquén;abrilsanchez@correo.com;76;31537838
Lucas;Herrera;Av. San Martín 4749;Gral. Pico;Salta;lucasherrera@correo.com;49;29978787
Ezequiel;Ramírez;Mitre 2999;San Miguel;Buenos Aires;ezequielramirez@correo.com;37;29369491
Ana;Sánchez;Urquiza 5227;Gral. Pico;Chaco;anasanchez@correo.com;53;37628284
Isabella;Benítez;Mitre 2562;Gral. Pico;Buenos Aires;isabellabenitez@correo.com;44;31081929
Elena;Rodríguez;Belgrano 4632;Palermo;Tucumán;elenarodriguez@correo.com;70;17965281
Camila;Medina;Rivadavia 5756;San Miguel;Salta;camilamedina@correo.com;82;41218897
Elena;Sosa;Av. San Martín 1378;Gral. Pico;Córdoba;elenasosa@correo.com;21;17826216
Sara;Acosta;Urquiza 2379;Capitan Mendoza;Tucumán;saraacosta@correo.com;76;11373425
Javier;Castro;Av. de Mayo 123;25 de Mayo;Mendoza;javiercastro@correo.com;55;21879292
Isabella;Silva;Pueyrredón 2960;9 de Julio;Santa Fe;isabellasilva@correo.com;57;27794060
Agustín;Pérez;Av. San Martín 3588;Gral. Pico;Córdoba;agustinperez@correo.com;65;28870220
Sofía;Torres;Urquiza 8673;Rosario de la Cruz;Neuquén;sofiatorres@correo.com;28;40489060
Victoria;Álvarez;Rivadavia 8598;La Palta;Tucumán;victoriaalvarez@correo.com;39;20988276
María;Romero;Rivadavia 2272;Capitan Mendoza;Córdoba;mariaromero@correo.com;33;45260270
Sara;Romero;Pueyrredón 4104;Rosario de la Cruz;Mendoza;sararomero@correo.com;21;18578614
Joaquín;Sánchez;Av. San Martín 5512;Inmaculada Concepcion;Chaco;joaquinsanchez@correo.com;50;44860983
Valeria;Castro;Pueyrredón 9830;La Palta;Misiones;valeriacastro@correo.com;76;41789421
Ezequiel;Herrera;Mitre 2189;La Palta;Neuquén;ezequielherrera@correo.com;76;30796206
Joaquín;Martínez;Sarmiento 1868;La Palta;Misiones;joaquinmartinez@correo.com;61;19238588
Santiago;López;Av. San Martín 63;Palermo;Salta;santiagolopez@correo.com;60;22439436
Diego;Flores;Av. San Martín 1615;Rosario de la Cruz;Misiones;diegoflores@correo.com;51;19363257
Ana;Rodríguez;Sarmiento 8157;Gral. Pico;Mendoza;anarodriguez@correo.com;44;43436150
Abril;Herrera;Alvear 4921;9 de Julio;Salta;abrilherrera@correo.com;60;13766916
Santiago;Pérez;Av. de Mayo 8214;Capitan Mendoza;Córdoba;santiagoperez@correo.com;75;29326530
Abril;Molina;Lavalle 3927;San Martin;Tucumán;abrilmolina@correo.com;31;17090299
Diego;Romero;Mitre 3608;Gral. Pico;Chaco;diegoromero@correo.com;84;34873315
Diego;Rojas;Lavalle 8601;Capitan Mendoza;Buenos Aires;diegorojas@correo.com;62;18013228
Nicolás;Pérez;Av. San Martín 1468;Capitan Mendoza;Santa Fe;nicolasperez@correo.com;75;16323203
Natalia;Castro;Av. de Mayo 6166;9 de Julio;Salta;nataliacastro@correo.com;56;30406870
Abril;González;Pueyrredón 1612;9 de Julio;Salta;abrilgonzalez@correo.com;44;35317191
Lucas;Peralta;Urquiza 9054;San Martin;Entre Ríos;lucasperalta@correo.com;58;36586161
Ezequiel;Medina;Sarmiento 4443;San Miguel;Misiones;ezequielmedina@correo.com;21;45275496
María;Ruiz;Mitre 1328;San Miguel;Neuquén;mariaruiz@correo.com;27;42388148
Martina;Medina;Av. de Mayo 2018;25 de Mayo;Entre Ríos;martinamedina@correo.com;81;44640337
Lucía;Acosta;Av. de Mayo 9272;La Palta;Córdoba;luciaacosta@correo.com;63;16002118
Joaquín;Molina;Av. de Mayo 8495;Capitan Mendoza;Neuquén;joaquinmolina@correo.com;62;46982545
Sara;Ramírez;Alvear 2964;San Miguel;Salta;sararamirez@correo.com;25;32038936
Sofía;Rojas;Mitre 3308;9 de Julio;Chaco;sofiarojas@correo.com;69;47926680
Natalia;Ruiz;Belgrano 2946;San Miguel;Entre Ríos;nataliaruiz@correo.com;25;11509246
Lucía;Acosta;Pueyrredón 4193;La Palta;Buenos Aires;luciaacosta@correo.com;62;35610063
Santiago;Aguirre;Belgrano 2251;9 de Julio;Chaco;santiagoaguirre@correo.com;59;20716168
Isabella;Gómez;Urquiza 9037;9 de Julio;Córdoba;isabellagomez@correo.com;81;38843263
Isabella;Álvarez;Av. San Martín 9347;9 de Julio;Tucumán;isabellaalvarez@correo.com;79;31389648
Martina;Pérez;Sarmiento 4814;9 de Julio;Buenos Aires;martinaperez@correo.com;34;30631083
Nicolás;Rojas;Sarmiento 3743;Palermo;Buenos Aires;nicolasrojas@correo.com;82;47936219
María;López;Alvear 9613;Gral. Pico;Misiones;marialopez@correo.com;37;13007950
Javier;Molina;Lavalle 4102;Palermo;Buenos Aires;javiermolina@correo.com;35;20036720
Natalia;Silva;Lavalle 1881;San Miguel;Tucumán;nataliasilva@correo.com;65;37475232
Lucas;Medina;Rivadavia 2478;Capitan Mendoza;Córdoba;lucasmedina@correo.com;79;24522674
Gabriel;Molina;Belgrano 5949;25 de Mayo;Mendoza;gabrielmolina@correo.com;80;34507377
Martina;García;Belgrano 2548;Gral. Pico;Neuquén;martinagarcia@correo.com;75;24064171
Abril;Fernández;Belgrano 3032;Inmaculada Concepcion;Buenos Aires;abrilfernandez@correo.com;44;37465007
Victoria;Martínez;Mitre 7416;San Miguel;Mendoza;victoriamartinez@correo.com;73;22874227
Sofía;Pérez;Belgrano 3410;San Miguel;Neuquén;sofiaperez@correo.com;35;25200846
Ezequiel;Ramírez;Urquiza 707;Inmaculada Concepcion;Misiones;ezequielramirez@correo.com;61;30799535
Sofía;Silva;Lavalle 349;La Palta;Mendoza;sofiasilva@correo.com;62;29576046
Carlos;Medina;Sarmiento 7582;Gral. Pico;Chaco;carlosmedina@correo.com;42;11903715
Diego;Acosta;Av. San Martín 729;Palermo;Córdoba;diegoacosta@correo.com;32;40779200
Joaquín;Guzmán;Av. de Mayo 8872;Rosario de la Cruz;Entre Ríos;joaquinguzman@correo.com;83;13550613
Sara;Aguirre;Belgrano 9588;San Miguel;Entre Ríos;saraaguirre@correo.com;83;16929868
Ignacio;Torres;Av. San Martín 1705;San Martin;Santa Fe;ignaciotorres@correo.com;44;27740882
Lucía;Guzmán;Lavalle 2578;Gral. Pico;Entre Ríos;luciaguzman@correo.com;22;20906324
Agustín;Vidal;Alvear 4011;Inmaculada Concepcion;Córdoba;agustinvidal@correo.com;58;19937096
Ignacio;Giménez;Rivadavia 9518;Inmaculada Concepcion;Buenos Aires;ignaciogimenez@correo.com;25;18742958
Santiago;Flores;Av. San Martín 6026;San Miguel;Buenos Aires;santiagoflores@correo.com;39;36019902
Ezequiel;Díaz;Mitre 6663;Gral. Pico;Santa Fe;ezequieldiaz@correo.com;40;22483712
Paula;Torres;Av. San Martín 9364;25 de Mayo;Chaco;paulatorres@correo.com;55;21222802
Paula;García;Pueyrredón 2564;Gral. Pico;Mendoza;paulagarcia@correo.com;61;35551036
Ezequiel;Fernández;Sarmiento 779;Palermo;Entre Ríos;ezequielfernandez@correo.com;23;31850627
Sara;Ruiz;Sarmiento 1111;Inmaculada Concepcion;Buenos Aires;sararuiz@correo.com;78;43484528
Diego;Molina;Sarmiento 9417;Palermo;Misiones;diegomolina@correo.com;21;14320237
Gabriel;López;Lavalle 7561;San Martin;Córdoba;gabriellopez@correo.com;23;47770269
Elena;Silva;Urquiza 3772;9 de Julio;Misiones;elenasilva@correo.com;55;37267322
Valeria;Romero;Mitre 5491;San Martin;Buenos Aires;valeriaromero@correo.com;70;46075792
Ana;Molina;Av. San Martín 1901;Palermo;Córdoba;anamolina@correo.com;62;43522368
Santiago;Ruiz;Av. de Mayo 657;Inmaculada Concepcion;Córdoba;santiagoruiz@correo.com;62;40782955
Valeria;Acosta;Mitre 3756;Palermo;Mendoza;valeriaacosta@correo.com;48;32680537
Paula;Rodríguez;Rivadavia 8065;Capitan Mendoza;Chaco;paularodriguez@correo.com;28;43643864
Diego;Castro;Av. de Mayo 7260;Capitan Mendoza;Neuquén;diegocastro@correo.com;42;36466973
María;Ramírez;Belgrano 5386;25 de Mayo;Salta;mariaramirez@correo.com;30;16647682
Victoria;Silva;Rivadavia 553;Inmaculada Concepcion;Santa Fe;victoriasilva@correo.com;80;20461980
Ignacio;Pérez;Sarmiento 6198;9 de Julio;Chaco;ignacioperez@correo.com;51;37832916
Natalia;Sosa;Mitre 5738;Rosario de la Cruz;Chaco;nataliasosa@correo.com;46;20294603
Sofía;Giménez;Rivadavia 2899;San Miguel;Salta;sofiagimenez@correo.com;69;33826570
Lucía;Romero;Av. de Mayo 3436;9 de Julio;Mendoza;luciaromero@correo.com;76;25980675
Ezequiel;Torres;Alvear 2179;Gral. Pico;Mendoza;ezequieltorres@correo.com;54;47680735
Carlos;Fernández;Av. de Mayo 1717;Capitan Mendoza;Misiones;carlosfernandez@correo.com;21;44398927
María;Giménez;Rivadavia 5326;Capitan Mendoza;Santa Fe;mariagimenez@correo.com;56;19796643
Lucía;Peralta;Lavalle 3513;25 de Mayo;Entre Ríos;luciaperalta@correo.com;47;38954176
Joaquín;Sánchez;Alvear 3640;Capitan Mendoza;Mendoza;joaquinsanchez@correo.com;76;25104560
Ezequiel;Giménez;Mitre 9946;Gral. Pico;Neuquén;ezequielgimenez@correo.com;73;23882241
María;Romero;Av. de Mayo 912;Rosario de la Cruz;Tucumán;mariaromero@correo.com;70;18504613
Martina;Herrera;Urquiza 19;Rosario de la Cruz;Córdoba;martinaherrera@correo.com;77;21278632
Javier;Díaz;Rivadavia 4031;San Miguel;Buenos Aires;javierdiaz@correo.com;81;24469201
Lucas;García;Sarmiento 6983;San Miguel;Mendoza;lucasgarcia@correo.com;73;28422880
Santiago;Silva;Belgrano 7599;La Palta;Santa Fe;santiagosilva@correo.com;73;31416962
Mateo;Rodríguez;Rivadavia 2386;Inmaculada Concepcion;Santa Fe;mateorodriguez@correo.com;76;44905779
Tomas;Flores;Pueyrredón 5888;Capitan Mendoza;Mendoza;tomasflores@correo.com;56;42527773
Ignacio;López;Pueyrredón 9879;Gral. Pico;Chaco;ignaciolopez@correo.com;38;43857520
Abril;Vidal;Alvear 2804;25 de Mayo;Santa Fe;abrilvidal@correo.com;56;37735763
María;González;Rivadavia 5887;Palermo;Córdoba;mariagonzalez@correo.com;59;31904514
Abril;Benítez;Belgrano 5782;Inmaculada Concepcion;Entre Ríos;abrilbenitez@correo.com;42;44287614
Agustín;Giménez;Sarmiento 3682;Palermo;Mendoza;agustingimenez@correo.com;26;21716099
Paula;Romero;Av. San Martín 6692;9 de Julio;Misiones;paularomero@correo.com;29;16028288
Lucía;Pérez;Urquiza 3807;San Miguel;Entre Ríos;luciaperez@correo.com;45;46751705
Ezequiel;Aguirre;Pueyrredón 4550;9 de Julio;Neuquén;ezequielaguirre@correo.com;55;32702891
Sofía;Pérez;Urquiza 3924;Capitan Mendoza;Misiones;sofiaperez@correo.com;74;45932645
Luis;Pérez;Mitre 9156;Rosario de la Cruz;Chaco;luisperez@correo.com;26;44154871
Luis;Ruiz;Belgrano 4197;La Palta;Misiones;luisruiz@correo.com;75;33162041
Ana;Flores;Rivadavia 9120;Capitan Mendoza;Buenos Aires;anaflores@correo.com;42;12703084
Carlos;López;Pueyrredón 0;Rosario de la Cruz;Salta;carloslopez@correo.com;73;26944221
Santiago;Flores;Pueyrredón 8524;San Martin;Neuquén;santiagoflores@correo.com;38;47964629
Gonzalo;González;Av. de Mayo 3455;La Palta;Salta;gonzalogonzalez@correo.com;42;44162569
Nicolás;Torres;Urquiza 7065;Capitan Mendoza;Tucumán;nicolastorres@correo.com;59;36454258
Agustín;Vidal;Av. de Mayo 7340;Capitan Mendoza;Chaco;agustinvidal@correo.com;19;23305421
Joaquín;Ruiz;Av. de Mayo 3399;Rosario de la Cruz;Tucumán;joaquinruiz@correo.com;21;25693583
Santiago;Fernández;Av. de Mayo 6237;San Miguel;Santa Fe;santiagofernandez@correo.com;33;39937551
Paula;Álvarez;Sarmiento 9008;San Martin;Neuquén;paulaalvarez@correo.com;70;42012169
Valeria;García;Mitre 6315;La Palta;Tucumán;valeriagarcia@correo.com;34;22950542
Carlos;García;Pueyrredón 1162;Gral. Pico;Entre Ríos;carlosgarcia@correo.com;49;19151268
Daniela;Silva;Av. San Martín 8537;Capitan Mendoza;Córdoba;danielasilva@correo.com;79;47044415
Natalia;Pérez;Lavalle 8628;Rosario de la Cruz;Santa Fe;nataliaperez@correo.com;46;36783829
Mateo;López;Alvear 9297;25 de Mayo;Tucumán;mateolopez@correo.com;72;25436137
Gonzalo;Torres;Lavalle 6225;Capitan Mendoza;Santa Fe;gonzalotorres@correo.com;34;37745044
Natalia;Guzmán;Belgrano 7031;Palermo;Córdoba;nataliaguzman@correo.com;70;11007132
Ezequiel;García;Sarmiento 8210;25 de Mayo;Chaco;ezequielgarcia@correo.com;41;42353710
Sara;Acosta;Mitre 7704;25 de Mayo;Mendoza;saraacosta@correo.com;62;15354981
Joaquín;Rojas;Belgrano 7503;25 de Mayo;Entre Ríos;joaquinrojas@correo.com;21;39442176
Martina;Rojas;Alvear 5808;Inmaculada Concepcion;Misiones;martinarojas@correo.com;46;44282812
Martina;Molina;Av. de Mayo 9063;9 de Julio;Tucumán;martinamolina@correo.com;80;18188777
Ignacio;Martínez;Belgrano 7250;Palermo;Chaco;ignaciomartinez@correo.com;34;17567530
Abril;González;Alvear 3014;San Martin;Buenos Aires;abrilgonzalez@correo.com;20;19524660
Valeria;Aguirre;Av. San Martín 1593;San Miguel;Mendoza;valeriaaguirre@correo.com;27;14928536
Abril;Pérez;Belgrano 7237;Inmaculada Concepcion;Buenos Aires;abrilperez@correo.com;41;19224613
Camila;Silva;Belgrano 8562;Palermo;Córdoba;camilasilva@correo.com;58;45802916
Martina;Gómez;Urquiza 4594;Gral. Pico;Neuquén;martinagomez@correo.com;39;35052828
Victoria;Sosa;Av. San Martín 6207;San Martin;Chaco;victoriasosa@correo.com;38;21142389
Tomas;Medina;Alvear 2059;25 de Mayo;Buenos Aires;tomasmedina@correo.com;58;44056907
Abril;García;Sarmiento 7661;San Martin;Tucumán;abrilgarcia@correo.com;21;17571300
Paula;Rojas;Belgrano 236;Capitan Mendoza;Tucumán;paularojas@correo.com;45;47095781
Martina;García;Urquiza 857;La Palta;Buenos Aires;martinagarcia@correo.com;47;44448983
Martina;Fernández;Rivadavia 1369;San Martin;Salta;martinafernandez@correo.com;22;17244102
Daniela;García;Belgrano 511;San Miguel;Chaco;danielagarcia@correo.com;22;41935103
Lucía;Castro;Mitre 3781;Inmaculada Concepcion;Neuquén;luciacastro@correo.com;47;37799586
Lucas;Herrera;Belgrano 134;Rosario de la Cruz;Buenos Aires;lucasherrera@correo.com;60;18732924
Natalia;Álvarez;Pueyrredón 8335;Inmaculada Concepcion;Entre Ríos;nataliaalvarez@correo.com;34;17727498
Luis;Acosta;Sarmiento 6372;Capitan Mendoza;Misiones;luisacosta@correo.com;69;12939738
Agustín;Fernández;Sarmiento 6304;Gral. Pico;Misiones;agustinfernandez@correo.com;40;21474223
Sofía;Aguirre;Pueyrredón 2226;San Miguel;Chaco;sofiaaguirre@correo.com;74;30385465
Luis;Díaz;Av. San Martín 2690;Rosario de la Cruz;Tucumán;luisdiaz@correo.com;77;18774687
Paula;Fernández;Pueyrredón 1523;La Palta;Buenos Aires;paulafernandez@correo.com;29;30565186
Tomas;García;Pueyrredón 2276;Gral. Pico;Neuquén;tomasgarcia@correo.com;44;18684888
Diego;Sosa;Av. de Mayo 9279;Rosario de la Cruz;Chaco;diegososa@correo.com;84;44309909
María;Giménez;Av. de Mayo 3800;San Miguel;Chaco;mariagimenez@correo.com;18;25757066
Elena;Acosta;Mitre 3729;25 de Mayo;Santa Fe;elenaacosta@correo.com;50;33794437
Lucas;Ramírez;Urquiza 5976;Gral. Pico;Tucumán;lucasramirez@correo.com;62;43058246
Elena;Herrera;Alvear 6870;9 de Julio;Mendoza;elenaherrera@correo.com;42;15687626
Natalia;Gómez;Alvear 2412;Capitan Mendoza;Tucumán;nataliagomez@correo.com;19;34031342
Gonzalo;Rodríguez;Belgrano 2734;San Miguel;Tucumán;gonzalorodriguez@correo.com;75;18042323
Sara;López;Urquiza 2915;La Palta;Entre Ríos;saralopez@correo.com;70;18219461
Tomas;Díaz;Av. San Martín 5820;La Palta;Tucumán;tomasdiaz@correo.com;63;12319714
Elena;Martínez;Mitre 7101;Rosario de la Cruz;Santa Fe;elenamartinez@correo.com;81;14822980
Ignacio;Castro;Lavalle 456;San Martin;Tucumán;ignaciocastro@correo.com;45;11091853
Martina;Herrera;Pueyrredón 3250;9 de Julio;Santa Fe;martinaherrera@correo.com;23;38366957
Ezequiel;Rojas;Rivadavia 9005;San Martin;Buenos Aires;ezequielrojas@correo.com;81;35477158
Martina;López;Alvear 8000;San Martin;Buenos Aires;martinalopez@correo.com;55;15979905
Ana;Acosta;Urquiza 3231;Inmaculada Concepcion;Salta;anaacosta@correo.com;43;14705602
Carlos;Martínez;Av. de Mayo 1354;Inmaculada Concepcion;Tucumán;carlosmartinez@correo.com;30;31394378
Sara;Díaz;Alvear 3452;Gral. Pico;Buenos Aires;saradiaz@correo.com;63;46858778
Paula;Romero;Lavalle 4682;Capitan Mendoza;Salta;paularomero@correo.com;34;24992642
Valeria;Álvarez;Rivadavia 8859;9 de Julio;Chaco;valeriaalvarez@correo.com;80;37937471
Ezequiel;Gómez;Rivadavia 2356;Palermo;Chaco;ezequielgomez@correo.com;48;15989452
Lucía;Vidal;Belgrano 5419;Capitan Mendoza;Salta;luciavidal@correo.com;49;46503015
Martina;Castro;Alvear 9978;Rosario de la Cruz;Mendoza;martinacastro@correo.com;20;43396998
Abril;Martínez;Mitre 8974;Palermo;Salta;abrilmartinez@correo.com;40;35485473
Isabella;Flores;Urquiza 1926;Gral. Pico;Santa Fe;isabellaflores@correo.com;83;19357075
Ana;Aguirre;Av. de Mayo 8857;Inmaculada Concepcion;Chaco;anaaguirre@correo.com;55;45432472
Mateo;Giménez;Lavalle 820;La Palta;Tucumán;mateogimenez@correo.com;35;41284691
Tomas;Álvarez;Belgrano 3322;Inmaculada Concepcion;Entre Ríos;tomasalvarez@correo.com;19;31974106
Gonzalo;Sosa;Belgrano 9629;La Palta;Neuquén;gonzalososa@correo.com;70;43780380
Daniela;Guzmán;Urquiza 2226;San Martin;Misiones;danielaguzman@correo.com;45;43114654
Gabriel;García;Sarmiento 2177;Inmaculada Concepcion;Santa Fe;gabrielgarcia@correo.com;28;27168744
Luis;Benítez;Av. de Mayo 6022;Gral. Pico;Misiones;luisbenitez@correo.com;62;31557885
Gabriel;Rojas;Pueyrredón 2463;Rosario de la Cruz;Misiones;gabrielrojas@correo.com;83;22998446
María;Silva;Av. de Mayo 4077;San Miguel;Salta;mariasilva@correo.com;43;45026542
Natalia;Rojas;Belgrano 1662;25 de Mayo;Salta;nataliarojas@correo.com;77;19337096
Mateo;Ramírez;Av. San Martín 5521;Palermo;Chaco;mateoramirez@correo.com;56;14497276
Isabella;Molina;Av. San Martín 869;Gral. Pico;Salta;isabellamolina@correo.com;21;15879482
Elena;González;Urquiza 3598;La Palta;Mendoza;elenagonzalez@correo.com;70;34599596
Isabella;López;Mitre 4368;Capitan Mendoza;Chaco;isabellalopez@correo.com;35;12536398
Joaquín;Rodríguez;Lavalle 5487;Palermo;Santa Fe;joaquinrodriguez@correo.com;49;21935333
Luis;García;Mitre 4706;La Palta;Neuquén;luisgarcia@correo.com;66;30362234
Diego;Vidal;Pueyrredón 5154;25 de Mayo;Tucumán;diegovidal@correo.com;63;38865747
Gabriel;Rodríguez;Mitre 5106;Palermo;Tucumán;gabrielrodriguez@correo.com;42;35741088
Gonzalo;Gómez;Lavalle 1117;Gral. Pico;Chaco;gonzalogomez@correo.com;61;44825088
Gonzalo;Torres;Alvear 6765;Capitan Mendoza;Tucumán;gonzalotorres@correo.com;45;19165600
Nicolás;Díaz;Av. San Martín 1409;25 de Mayo;Mendoza;nicolasdiaz@correo.com;30;18605695
Agustín;Giménez;Pueyrredón 5791;Rosario de la Cruz;Tucumán;agustingimenez@correo.com;63;28785411
Victoria;Díaz;Rivadavia 8796;Palermo;Santa Fe;victoriadiaz@correo.com;57;15167986
Abril;Molina;Pueyrredón 7904;Capitan Mendoza;Salta;abrilmolina@correo.com;22;24218934
Tomas;Castro;Av. San Martín 4101;Capitan Mendoza;Buenos Aires;tomascastro@correo.com;29;30872986
Ezequiel;Sosa;Mitre 142;Palermo;Tucumán;ezequielsosa@correo.com;29;38578054
Javier;Flores;Lavalle 4556;San Martin;Salta;javierflores@correo.com;70;33460467
Ezequiel;Peralta;Alvear 3441;Rosario de la Cruz;Tucumán;ezequielperalta@correo.com;53;16494423
Camila;Díaz;Pueyrredón 8132;San Martin;Entre Ríos;camiladiaz@correo.com;28;21049461
Ignacio;García;Rivadavia 5211;Rosario de la Cruz;Neuquén;ignaciogarcia@correo.com;79;28045203
Camila;Sosa;Alvear 6089;La Palta;Neuquén;camilasosa@correo.com;70;43495928
Valeria;González;Belgrano 5046;La Palta;Chaco;valeriagonzalez@correo.com;53;29083681
Isabella;González;Pueyrredón 1743;Rosario de la Cruz;Entre Ríos;isabellagonzalez@correo.com;77;36425759
María;Medina;Pueyrredón 8518;La Palta;Neuquén;mariamedina@correo.com;31;28904675
Lucía;Herrera;Lavalle 4591;Palermo;Tucumán;luciaherrera@correo.com;47;17457687
Lucas;García;Av. de Mayo 3715;Rosario de la Cruz;Neuquén;lucasgarcia@correo.com;67;19711477
Ana;Rodríguez;Av. San Martín 3408;Rosario de la Cruz;Santa Fe;anarodriguez@correo.com;31;39945649
Diego;Flores;Rivadavia 5686;Capitan Mendoza;Santa Fe;diegoflores@correo.com;48;39143647
Javier;Giménez;Urquiza 2078;9 de Julio;Entre Ríos;javiergimenez@correo.com;84;21459712
Sofía;López;Av. San Martín 2826;Inmaculada Concepcion;Misiones;sofialopez@correo.com;41;46755821
Gabriel;Silva;Rivadavia 6192;25 de Mayo;Neuquén;gabrielsilva@correo.com;23;25072804
Nicolás;Sánchez;Lavalle 220;San Martin;Chaco;nicolassanchez@correo.com;49;22057661
María;Álvarez;Sarmiento 7836;San Miguel;Salta;mariaalvarez@correo.com;25;34463228
Isabella;Flores;Mitre 411;Rosario de la Cruz;Mendoza;isabellaflores@correo.com;64;33578079
Martina;Ruiz;Urquiza 8090;Gral. Pico;Mendoza;martinaruiz@correo.com;49;32505407
Valeria;Romero;Rivadavia 5508;Palermo;Buenos Aires;valeriaromero@correo.com;60;13188097
Abril;Sosa;Urquiza 6021;San Martin;Chaco;abrilsosa@correo.com;42;36610760
Sara;Medina;Sarmiento 7574;Inmaculada Concepcion;Chaco;saramedina@correo.com;63;20464616
María;Fernández;Lavalle 7003;25 de Mayo;Neuquén;mariafernandez@correo.com;76;47890185
Agustín;Pérez;Belgrano 1190;Gral. Pico;Santa Fe;agustinperez@correo.com;63;20514593
Valeria;Rojas;Pueyrredón 6346;Palermo;Santa Fe;valeriarojas@correo.com;29;11163648
Paula;Romero;Rivadavia 6919;Capitan Mendoza;Córdoba;paularomero@correo.com;34;41231838
Diego;Sosa;Mitre 5381;Inmaculada Concepcion;Santa Fe;diegososa@correo.com;69;35895629
Javier;Sosa;Av. San Martín 4749;San Martin;Mendoza;javiersosa@correo.com;52;41347547
Gonzalo;Silva;Belgrano 6837;25 de Mayo;Córdoba;gonzalosilva@correo.com;61;19930169
Joaquín;Acosta;Urquiza 4142;San Martin;Neuquén;joaquinacosta@correo.com;59;44251966
Mateo;Rodríguez;Av. de Mayo 2876;San Miguel;Buenos Aires;mateorodriguez@correo.com;52;13974448
Paula;Molina;Belgrano 9273;Palermo;Misiones;paulamolina@correo.com;70;42715400
Joaquín;López;Alvear 2815;San Martin;Tucumán;joaquinlopez@correo.com;28;29609585
Agustín;Gómez;Lavalle 2533;Palermo;Buenos Aires;agustingomez@correo.com;30;37624496
Joaquín;Sánchez;Rivadavia 7400;Rosario de la Cruz;Córdoba;joaquinsanchez@correo.com;44;44926620
Santiago;Torres;Rivadavia 6403;Gral. Pico;Mendoza;santiagotorres@correo.com;79;36691305
Gonzalo;Aguirre;Av. de Mayo 8936;Rosario de la Cruz;Tucumán;gonzaloaguirre@correo.com;45;36639043
Nicolás;Peralta;Rivadavia 7109;Inmaculada Concepcion;Buenos Aires;nicolasperalta@correo.com;65;24207927
Tomas;Sánchez;Urquiza 8718;Palermo;Neuquén;tomassanchez@correo.com;66;14598739
Gabriel;Ruiz;Alvear 4838;Capitan Mendoza;Santa Fe;gabrielruiz@correo.com;52;14668699
Natalia;López;Rivadavia 6006;25 de Mayo;Santa Fe;natalialopez@correo.com;32;15205914
Camila;Herrera;Rivadavia 7166;Capitan Mendoza;Santa Fe;camilaherrera@correo.com;52;25006548
Lucía;Aguirre;Av. San Martín 3394;Palermo;Santa Fe;luciaaguirre@correo.com;51;13110719
Luis;Ruiz;Rivadavia 596;9 de Julio;Mendoza;luisruiz@correo.com;51;11613216
Elena;Sánchez;Av. San Martín 988;Capitan Mendoza;Mendoza;elenasanchez@correo.com;47;35664889
Joaquín;Torres;Urquiza 3773;La Palta;Chaco;joaquintorres@correo.com;21;40894831
Gabriel;García;Av. de Mayo 6757;La Palta;Mendoza;gabrielgarcia@correo.com;33;12078020
Luis;Torres;Lavalle 5911;Inmaculada Concepcion;Entre Ríos;luistorres@correo.com;46;16170437
Valeria;López;Urquiza 5547;Capitan Mendoza;Buenos Aires;valerialopez@correo.com;53;42310650
Martina;Castro;Belgrano 2178;Gral. Pico;Buenos Aires;martinacastro@correo.com;67;43451161
Sofía;Ramírez;Alvear 4197;Capitan Mendoza;Mendoza;sofiaramirez@correo.com;60;24595405
Diego;Rodríguez;Av. de Mayo 4747;25 de Mayo;Tucumán;diegorodriguez@correo.com;81;29060665
Martina;Ruiz;Sarmiento 4554;25 de Mayo;Santa Fe;martinaruiz@correo.com;24;38534330
Mateo;Rodríguez;Pueyrredón 6692;Rosario de la Cruz;Neuquén;mateorodriguez@correo.com;36;17950263
Lucas;Medina;Alvear 7688;La Palta;Salta;lucasmedina@correo.com;19;26817305
Gabriel;Giménez;Sarmiento 4815;9 de Julio;Neuquén;gabrielgimenez@correo.com;67;14971911
Javier;Gómez;Pueyrredón 3638;Gral. Pico;Neuquén;javiergomez@correo.com;35;40095897
Javier;Giménez;Sarmiento 1892;Capitan Mendoza;Buenos Aires;javiergimenez@correo.com;54;12728154
Camila;González;Pueyrredón 4587;San Miguel;Entre Ríos;camilagonzalez@correo.com;68;34559949
Natalia;García;Alvear 7030;La Palta;Mendoza;nataliagarcia@correo.com;45;47854380
Javier;Vidal;Belgrano 6679;25 de Mayo;Misiones;javiervidal@correo.com;41;17715231
Mateo;Fernández;Av. de Mayo 2714;Palermo;Mendoza;mateofernandez@correo.com;37;36403335
Javier;Vidal;Urquiza 3924;25 de Mayo;Chaco;javiervidal@correo.com;27;39855178
Tomas;García;Av. San Martín 4378;Capitan Mendoza;Mendoza;tomasgarcia@correo.com;54;30860614
Gonzalo;Benítez;Pueyrredón 1924;25 de Mayo;Córdoba;gonzalobenitez@correo.com;41;34807012
Martina;Vidal;Mitre 5380;Palermo;Santa Fe;martinavidal@correo.com;47;15159285
Lucía;Rodríguez;Pueyrredón 6024;Gral. Pico;Córdoba;luciarodriguez@correo.com;64;24751625
Agustín;Ramírez;Alvear 4004;Capitan Mendoza;Chaco;agustinramirez@correo.com;27;41442617
Natalia;Fernández;Urquiza 2533;Inmaculada Concepcion;Córdoba;nataliafernandez@correo.com;18;36659919
Camila;Romero;Urquiza 7955;Rosario de la Cruz;Misiones;camilaromero@correo.com;71;47983857
Lucas;Guzmán;Mitre 9021;9 de Julio;Santa Fe;lucasguzman@correo.com;27;28394619
Valeria;Rodríguez;Av. San Martín 9554;San Miguel;Chaco;valeriarodriguez@correo.com;66;30050449
Ignacio;Peralta;Belgrano 2408;Palermo;Tucumán;ignacioperalta@correo.com;83;41008238
Abril;Rojas;Urquiza 5863;San Martin;Mendoza;abrilrojas@correo.com;35;25199444
Sara;Giménez;Lavalle 5131;San Miguel;Chaco;saragimenez@correo.com;34;43158030
Elena;Ramírez;Sarmiento 9561;Capitan Mendoza;Entre Ríos;elenaramirez@correo.com;48;27075314
Javier;Rojas;Mitre 5142;Capitan Mendoza;Entre Ríos;javierrojas@correo.com;21;19691863
Diego;Ramírez;Urquiza 3403;La Palta;Entre Ríos;diegoramirez@correo.com;44;33852553
Ana;Romero;Av. San Martín 7684;La Palta;Buenos Aires;anaromero@correo.com;33;18740438
Gonzalo;Castro;Pueyrredón 4295;Gral. Pico;Buenos Aires;gonzalocastro@correo.com;64;46060878
Gonzalo;Aguirre;Pueyrredón 8462;Rosario de la Cruz;Mendoza;gonzaloaguirre@correo.com;41;30330509
Ezequiel;Flores;Av. San Martín 1736;25 de Mayo;Entre Ríos;ezequielflores@correo.com;61;26155207
Ezequiel;Martínez;Mitre 1191;Gral. Pico;Córdoba;ezequielmartinez@correo.com;59;28344867
Gabriel;Giménez;Belgrano 1214;Gral. Pico;Chaco;gabrielgimenez@correo.com;59;36761209
Paula;Acosta;Mitre 6967;Rosario de la Cruz;Salta;paulaacosta@correo.com;62;41396937
Ignacio;Acosta;Sarmiento 931;Inmaculada Concepcion;Córdoba;ignacioacosta@correo.com;44;16872777
Daniela;Ramírez;Av. de Mayo 859;Inmaculada Concepcion;Buenos Aires;danielaramirez@correo.com;36;14835104
Javier;Aguirre;Alvear 9549;San Martin;Salta;javieraguirre@correo.com;26;22039601
Natalia;Medina;Sarmiento 2360;San Miguel;Tucumán;nataliamedina@correo.com;81;17182356
Elena;Silva;Av. San Martín 1812;Capitan Mendoza;Neuquén;elenasilva@correo.com;48;42596438
Ana;López;Urquiza 138;San Miguel;Mendoza;analopez@correo.com;33;44129752
Isabella;Herrera;Lavalle 7630;Capitan Mendoza;Buenos Aires;isabellaherrera@correo.com;69;31513448
Tomas;Giménez;Av. San Martín 4331;San Martin;Tucumán;tomasgimenez@correo.com;69;40219989
Tomas;Acosta;Sarmiento 4041;Capitan Mendoza;Neuquén;tomasacosta@correo.com;34;28078048
Lucía;Benítez;Av. de Mayo 1361;San Martin;Córdoba;luciabenitez@correo.com;38;38122608
Sara;Giménez;Belgrano 8190;9 de Julio;Córdoba;saragimenez@correo.com;38;20527395
Valeria;Rodríguez;Urquiza 8434;La Palta;Córdoba;valeriarodriguez@correo.com;53;37776583
Diego;Díaz;Urquiza 4266;Inmaculada Concepcion;Santa Fe;diegodiaz@correo.com;55;46912377
Carlos;Rojas;Rivadavia 3706;Inmaculada Concepcion;Salta;carlosrojas@correo.com;68;33394391
Gonzalo;Fernández;Mitre 9193;9 de Julio;Santa Fe;gonzalofernandez@correo.com;42;34027592
Isabella;Martínez;Alvear 9395;San Miguel;Entre Ríos;isabellamartinez@correo.com;59;42029509
Carlos;Giménez;Alvear 8785;Inmaculada Concepcion;Misiones;carlosgimenez@correo.com;70;40912064
Sara;López;Av. de Mayo 9232;Inmaculada Concepcion;Misiones;saralopez@correo.com;66;40635300
Sara;Fernández;Sarmiento 6883;Gral. Pico;Chaco;sarafernandez@correo.com;82;32876580
Victoria;Silva;Lavalle 5520;Palermo;Chaco;victoriasilva@correo.com;63;28929600
Sara;Peralta;Alvear 3826;9 de Julio;Tucumán;saraperalta@correo.com;64;31698568
Mateo;Guzmán;Mitre 8095;La Palta;Tucumán;mateoguzman@correo.com;63;32822714
Camila;Rodríguez;Pueyrredón 1876;Rosario de la Cruz;Entre Ríos;camilarodriguez@correo.com;80;20572227
Camila;Sánchez;Lavalle 3481;25 de Mayo;Neuquén;camilasanchez@correo.com;74;46011103
Joaquín;Silva;Sarmiento 9905;25 de Mayo;Misiones;joaquinsilva@correo.com;57;28973270
Joaquín;Benítez;Pueyrredón 3684;Palermo;Misiones;joaquinbenitez@correo.com;28;18741031
Camila;Flores;Sarmiento 4827;Palermo;Entre Ríos;camilaflores@correo.com;56;21414093
Lucía;Ruiz;Sarmiento 5723;San Miguel;Córdoba;luciaruiz@correo.com;43;41140085
Lucas;López;Sarmiento 1132;Inmaculada Concepcion;Córdoba;lucaslopez@correo.com;54;20761876
Nicolás;Fernández;Av. de Mayo 4446;Palermo;Buenos Aires;nicolasfernandez@correo.com;26;25747744
Isabella;Romero;Rivadavia 8116;La Palta;Tucumán;isabellaromero@correo.com;37;32352640
Javier;Ruiz;Alvear 903;Inmaculada Concepcion;Mendoza;javierruiz@correo.com;68;40441096
Carlos;Castro;Rivadavia 2132;Capitan Mendoza;Misiones;carloscastro@correo.com;77;13469944
Abril;Molina;Av. de Mayo 574;Gral. Pico;Salta;abrilmolina@correo.com;38;25767467
Ana;Martínez;Mitre 2237;Inmaculada Concepcion;Entre Ríos;anamartinez@correo.com;44;27287296
Ana;Medina;Rivadavia 445;San Miguel;Chaco;anamedina@correo.com;78;42426204
Gonzalo;Peralta;Pueyrredón 8886;Capitan Mendoza;Entre Ríos;gonzaloperalta@correo.com;63;31897099
Gonzalo;González;Av. de Mayo 8651;Palermo;Entre Ríos;gonzalogonzalez@correo.com;42;44284682
Victoria;Sosa;Mitre 4438;Rosario de la Cruz;Entre Ríos;victoriasosa@correo.com;39;25904384
Paula;Rodríguez;Sarmiento 2513;San Martin;Salta;paularodriguez@correo.com;75;29879230
Nicolás;Castro;Av. San Martín 8487;San Martin;Chaco;nicolascastro@correo.com;24;43627008
Lucas;Pérez;Alvear 7482;La Palta;Córdoba;lucasperez@correo.com;29;43631185
María;Pérez;Av. San Martín 8228;Gral. Pico;Tucumán;mariaperez@correo.com;28;28557434
Agustín;Guzmán;Lavalle 8906;Rosario de la Cruz;Neuquén;agustinguzman@correo.com;78;28995301
Ignacio;Acosta;Av. San Martín 3086;Rosario de la Cruz;Córdoba;ignacioacosta@correo.com;80;44452350
Diego;Medina;Lavalle 7762;9 de Julio;Misiones;diegomedina@correo.com;60;37476946
Camila;Aguirre;Sarmiento 1090;La Palta;Misiones;camilaaguirre@correo.com;30;46838037
Ezequiel;Rodríguez;Mitre 2307;San Miguel;Mendoza;ezequielrodriguez@correo.com;55;25697694
Martina;Romero;Sarmiento 5261;Capitan Mendoza;Salta;martinaromero@correo.com;61;30965696
Isabella;González;Belgrano 8310;San Miguel;Salta;isabellagonzalez@correo.com;32;37870739
Abril;Guzmán;Av. de Mayo 8923;Palermo;Misiones;abrilguzman@correo.com;39;24580955
Agustín;Rodríguez;Mitre 3450;9 de Julio;Santa Fe;agustinrodriguez@correo.com;49;22927103
Ezequiel;Sánchez;Mitre 8973;Rosario de la Cruz;Córdoba;ezequielsanchez@correo.com;57;13969226
Daniela;Molina;Lavalle 6221;Palermo;Santa Fe;danielamolina@correo.com;40;19426093
Victoria;Herrera;Mitre 146;Capitan Mendoza;Misiones;victoriaherrera@correo.com;32;11656501
Lucía;Sosa;Alvear 729;Inmaculada Concepcion;Chaco;luciasosa@correo.com;28;36977982
Nicolás;Peralta;Pueyrredón 7282;San Martin;Salta;nicolasperalta@correo.com;53;46631552
Nicolás;Martínez;Alvear 3305;Rosario de la Cruz;Misiones;nicolasmartinez@correo.com;83;34228318
Sofía;Gómez;Sarmiento 3772;Inmaculada Concepcion;Misiones;sofiagomez@correo.com;21;33795091
Victoria;García;Sarmiento 8382;San Martin;Salta;victoriagarcia@correo.com;44;25563693
Gonzalo;Álvarez;Sarmiento 7857;La Palta;Salta;gonzaloalvarez@correo.com;25;32325761
Victoria;Romero;Lavalle 9927;Capitan Mendoza;Misiones;victoriaromero@correo.com;53;15554291
Joaquín;Ruiz;Urquiza 5970;San Miguel;Misiones;joaquinruiz@correo.com;46;14687026
Sara;Peralta;Av. de Mayo 5537;San Martin;Tucumán;saraperalta@correo.com;37;19247052
Ignacio;Medina;Mitre 3007;Inmaculada Concepcion;Salta;ignaciomedina@correo.com;63;46583414
Victoria;Aguirre;Alvear 9720;Rosario de la Cruz;Tucumán;victoriaaguirre@correo.com;39;41477073
Daniela;Herrera;Belgrano 9150;Palermo;Mendoza;danielaherrera@correo.com;83;32701940
Ezequiel;Sánchez;Av. de Mayo 9469;Inmaculada Concepcion;Misiones;ezequielsanchez@correo.com;51;33025569
Carlos;Rojas;Av. San Martín 9878;9 de Julio;Santa Fe;carlosrojas@correo.com;54;32315076
Lucas;Martínez;Lavalle 7361;Capitan Mendoza;Neuquén;lucasmartinez@correo.com;48;29771398
Abril;Martínez;Alvear 8934;Inmaculada Concepcion;Entre Ríos;abrilmartinez@correo.com;36;15379397
Ezequiel;Pérez;Urquiza 1903;Rosario de la Cruz;Chaco;ezequielperez@correo.com;76;34655425
Natalia;Benítez;Av. San Martín 9825;Inmaculada Concepcion;Misiones;nataliabenitez@correo.com;64;26476036
Abril;López;Sarmiento 3785;Gral. Pico;Entre Ríos;abrillopez@correo.com;80;45625837
Martina;Romero;Pueyrredón 5237;La Palta;Entre Ríos;martinaromero@correo.com;19;31251674
Natalia;Ruiz;Lavalle 6895;Inmaculada Concepcion;Buenos Aires;nataliaruiz@correo.com;76;19753010
Abril;Torres;Pueyrredón 8313;Rosario de la Cruz;Chaco;abriltorres@correo.com;50;39884262
Daniela;Rodríguez;Sarmiento 6997;Inmaculada Concepcion;Córdoba;danielarodriguez@correo.com;53;24353447
Ana;Torres;Mitre 6045;Inmaculada Concepcion;Mendoza;anatorres@correo.com;45;16375142
Valeria;Ruiz;Alvear 9010;Palermo;Mendoza;valeriaruiz@correo.com;43;33719153
Victoria;Sosa;Av. San Martín 6885;San Miguel;Córdoba;victoriasosa@correo.com;38;39526679
Natalia;Gómez;Av. de Mayo 5389;Capitan Mendoza;Chaco;nataliagomez@correo.com;32;22946526
Sara;Castro;Belgrano 9311;Capitan Mendoza;Entre Ríos;saracastro@correo.com;38;27475745
Camila;Giménez;Belgrano 2391;Palermo;Mendoza;camilagimenez@correo.com;75;28676306
Mateo;Ramírez;Alvear 574;Capitan Mendoza;Santa Fe;mateoramirez@correo.com;61;44498631
Nicolás;Romero;Alvear 4027;La Palta;Santa Fe;nicolasromero@correo.com;66;16391359
Diego;García;Mitre 471;9 de Julio;Tucumán;diegogarcia@correo.com;65;16993140
Tomas;Silva;Sarmiento 1983;25 de Mayo;Salta;tomassilva@correo.com;72;47238392
Carlos;Silva;Mitre 6009;La Palta;Misiones;carlossilva@correo.com;58;46367095
Nicolás;García;Urquiza 8369;Palermo;Tucumán;nicolasgarcia@correo.com;24;16396936
Javier;Ruiz;Alvear 3159;San Martin;Salta;javierruiz@correo.com;43;29013922
Valeria;Peralta;Belgrano 7143;San Martin;Buenos Aires;valeriaperalta@correo.com;51;34152860
Lucas;Fernández;Alvear 8186;San Martin;Salta;lucasfernandez@correo.com;21;38122917
Daniela;Flores;Av. San Martín 9538;La Palta;Córdoba;danielaflores@correo.com;48;11069716
Isabella;González;Sarmiento 9848;San Martin;Entre Ríos;isabellagonzalez@correo.com;58;42479722
Diego;Castro;Alvear 5666;Rosario de la Cruz;Entre Ríos;diegocastro@correo.com;33;29528355
Victoria;Molina;Av. San Martín 6056;25 de Mayo;Santa Fe;victoriamolina@correo.com;76;45921000
Mateo;Díaz;Pueyrredón 6522;9 de Julio;Entre Ríos;mateodiaz@correo.com;68;36007533
Victoria;López;Pueyrredón 8131;25 de Mayo;Córdoba;victorialopez@correo.com;33;37945298
Lucía;Peralta;Urquiza 227;9 de Julio;Entre Ríos;luciaperalta@correo.com;58;15206001
Ignacio;Herrera;Pueyrredón 9310;Capitan Mendoza;Misiones;ignacioherrera@correo.com;72;18126741
Nicolás;Flores;Rivadavia 666;Inmaculada Concepcion;Entre Ríos;nicolasflores@correo.com;51;29265812
Abril;Molina;Rivadavia 3635;Inmaculada Concepcion;Salta;abrilmolina@correo.com;29;26632094
Javier;Pérez;Sarmiento 2327;Palermo;Chaco;javierperez@correo.com;32;37162854
Isabella;Castro;Belgrano 1246;Rosario de la Cruz;Chaco;isabellacastro@correo.com;73;43922652
Mateo;Acosta;Av. de Mayo 5295;9 de Julio;Chaco;mateoacosta@correo.com;70;44595214
Carlos;Ramírez;Pueyrredón 8408;Inmaculada Concepcion;Misiones;carlosramirez@correo.com;29;47685641
Javier;Acosta;Lavalle 2177;San Martin;Chaco;javieracosta@correo.com;42;29763222
Gonzalo;Rodríguez;Alvear 9583;San Miguel;Buenos Aires;gonzalorodriguez@correo.com;58;11773020
Valeria;Peralta;Alvear 8641;Palermo;Santa Fe;valeriaperalta@correo.com;60;23099868
Gonzalo;Ramírez;Urquiza 9052;Palermo;Mendoza;gonzaloramirez@correo.com;44;16841776
Javier;Flores;Rivadavia 6108;Gral. Pico;Córdoba;javierflores@correo.com;37;40706119
María;Giménez;Av. de Mayo 6687;San Miguel;Entre Ríos;mariagimenez@correo.com;54;37434938
Paula;Herrera;Av. de Mayo 5445;San Martin;Buenos Aires;paulaherrera@correo.com;64;38760731
María;Rojas;Lavalle 2752;9 de Julio;Santa Fe;mariarojas@correo.com;61;28594970
Elena;Castro;Av. San Martín 4405;La Palta;Buenos Aires;elenacastro@correo.com;22;23634859
María;Aguirre;Av. de Mayo 7172;San Miguel;Buenos Aires;mariaaguirre@correo.com;72;43658867
Nicolás;Giménez;Av. de Mayo 7450;Palermo;Neuquén;nicolasgimenez@correo.com;68;11462265
Nicolás;Flores;Mitre 7812;25 de Mayo;Córdoba;nicolasflores@correo.com;63;26834899
Abril;Martínez;Pueyrredón 7322;San Martin;Mendoza;abrilmartinez@correo.com;80;30392662
Natalia;Pérez;Belgrano 4799;Rosario de la Cruz;Buenos Aires;nataliaperez@correo.com;49;40384805
Nicolás;Romero;Pueyrredón 5799;25 de Mayo;Misiones;nicolasromero@correo.com;75;28370788
María;García;Alvear 192;San Martin;Santa Fe;mariagarcia@correo.com;75;12596275
Carlos;Álvarez;Pueyrredón 2138;9 de Julio;Buenos Aires;carlosalvarez@correo.com;59;28106834
Agustín;Sánchez;Rivadavia 8879;San Martin;Mendoza;agustinsanchez@correo.com;35;26180277
Camila;Díaz;Av. San Martín 4502;Palermo;Chaco;camiladiaz@correo.com;61;19088301
Diego;Álvarez;Mitre 1678;25 de Mayo;Salta;diegoalvarez@correo.com;84;34188935
Ezequiel;Castro;Urquiza 6524;San Martin;Neuquén;ezequielcastro@correo.com;24;36103608
Sofía;Rojas;Urquiza 9860;25 de Mayo;Neuquén;sofiarojas@correo.com;83;47727243
Elena;Flores;Mitre 229;Gral. Pico;Chaco;elenaflores@correo.com;58;27174022
Carlos;Ramírez;Av. San Martín 6855;Gral. Pico;Santa Fe;carlosramirez@correo.com;40;40658843
Lucía;Herrera;Urquiza 9292;La Palta;Salta;luciaherrera@correo.com;54;16667602
Ignacio;Herrera;Pueyrredón 7031;9 de Julio;Tucumán;ignacioherrera@correo.com;83;36595574
Lucía;Díaz;Av. de Mayo 181;9 de Julio;Salta;luciadiaz@correo.com;36;24460953
Isabella;Vidal;Urquiza 2824;Capitan Mendoza;Buenos Aires;isabellavidal@correo.com;33;24180514
Mateo;Martínez;Mitre 7634;Capitan Mendoza;Córdoba;mateomartinez@correo.com;51;17711263
Abril;Pérez;Alvear 1931;Capitan Mendoza;Tucumán;abrilperez@correo.com;27;23410949
Luis;Rojas;Mitre 7133;San Martin;Córdoba;luisrojas@correo.com;47;13048232
Diego;Sosa;Pueyrredón 1850;San Martin;Neuquén;diegososa@correo.com;81;32568461
Gabriel;Guzmán;Sarmiento 487;La Palta;Córdoba;gabrielguzman@correo.com;67;36658238
Lucas;Peralta;Av. San Martín 1099;9 de Julio;Misiones;lucasperalta@correo.com;50;23078279
Paula;Peralta;Rivadavia 3324;Gral. Pico;Mendoza;paulaperalta@correo.com;64;41962797
Gonzalo;Flores;Urquiza 8827;25 de Mayo;Córdoba;gonzaloflores@correo.com;26;23513452
Camila;Rojas;Av. de Mayo 7762;Rosario de la Cruz;Mendoza;camilarojas@correo.com;61;18665608
Lucas;Rojas;Rivadavia 3761;Gral. Pico;Buenos Aires;lucasrojas@correo.com;21;36770765
Sofía;Torres;Belgrano 8666;Inmaculada Concepcion;Mendoza;sofiatorres@correo.com;71;19183777
Ezequiel;Molina;Av. de Mayo 5007;La Palta;Chaco;ezequielmolina@correo.com;18;36653543
Ana;Sosa;Urquiza 9197;Capitan Mendoza;Neuquén;anasosa@correo.com;58;23718195
Elena;Castro;Av. San Martín 4187;9 de Julio;Misiones;elenacastro@correo.com;35;40399108
Tomas;Martínez;Av. San Martín 5895;Inmaculada Concepcion;Buenos Aires;tomasmartinez@correo.com;37;30728729
Gonzalo;Giménez;Pueyrredón 5403;San Miguel;Salta;gonzalogimenez@correo.com;77;30466860
María;Romero;Urquiza 1723;San Miguel;Misiones;mariaromero@correo.com;29;28156459
Joaquín;González;Urquiza 2892;San Martin;Neuquén;joaquingonzalez@correo.com;46;40230859
Sara;Acosta;Pueyrredón 3699;La Palta;Buenos Aires;saraacosta@correo.com;81;24650963
Elena;Molina;Alvear 5984;Palermo;Chaco;elenamolina@correo.com;79;39033480
Lucía;Rojas;Pueyrredón 4156;Rosario de la Cruz;Mendoza;luciarojas@correo.com;75;40871666
Abril;Giménez;Av. de Mayo 431;Palermo;Santa Fe;abrilgimenez@correo.com;71;20948244
Nicolás;Giménez;Av. San Martín 6494;Rosario de la Cruz;Santa Fe;nicolasgimenez@correo.com;31;28457593
Agustín;López;Pueyrredón 1016;25 de Mayo;Mendoza;agustinlopez@correo.com;69;23745215
Ignacio;Herrera;Av. de Mayo 8444;Capitan Mendoza;Neuquén;ignacioherrera@correo.com;39;45097509
Ezequiel;Molina;Pueyrredón 6687;Palermo;Mendoza;ezequielmolina@correo.com;79;30130973
Victoria;Gómez;Lavalle 7640;San Miguel;Córdoba;victoriagomez@correo.com;38;43230491
María;Sosa;Sarmiento 4947;San Miguel;Córdoba;mariasosa@correo.com;43;47504218
Tomas;Silva;Belgrano 5207;La Palta;Córdoba;tomassilva@correo.com;66;38841313
Nicolás;Molina;Urquiza 8191;Gral. Pico;Córdoba;nicolasmolina@correo.com;66;29843808
Ignacio;González;Rivadavia 2462;San Martin;Mendoza;ignaciogonzalez@correo.com;77;25928517
Elena;Rodríguez;Sarmiento 3880;San Miguel;Buenos Aires;elenarodriguez@correo.com;32;44906473
Gabriel;Álvarez;Lavalle 8745;Inmaculada Concepcion;Tucumán;gabrielalvarez@correo.com;60;31808506
Agustín;Martínez;Alvear 8741;Palermo;Entre Ríos;agustinmartinez@correo.com;44;17814527
Javier;Martínez;Av. de Mayo 9052;La Palta;Córdoba;javiermartinez@correo.com;57;46748390
Sofía;Molina;Belgrano 3922;Palermo;Tucumán;sofiamolina@correo.com;18;30980135
Agustín;Martínez;Av. San Martín 4846;25 de Mayo;Mendoza;agustinmartinez@correo.com;46;18990225
Ezequiel;Gómez;Av. de Mayo 9741;Rosario de la Cruz;Tucumán;ezequielgomez@correo.com;48;24055474
Valeria;González;Sarmiento 3111;San Miguel;Misiones;valeriagonzalez@correo.com;54;43500026
Mateo;Rodríguez;Sarmiento 1332;9 de Julio;Mendoza;mateorodriguez@correo.com;25;34609568
Martina;Acosta;Sarmiento 7070;Capitan Mendoza;Córdoba;martinaacosta@correo.com;57;46135640
Victoria;Medina;Pueyrredón 3779;La Palta;Buenos Aires;victoriamedina@correo.com;35;45049033
Joaquín;Rojas;Av. de Mayo 3980;Palermo;Mendoza;joaquinrojas@correo.com;46;18278337
Sara;López;Lavalle 2191;9 de Julio;Salta;saralopez@correo.com;50;39735939
Valeria;Castro;Av. de Mayo 6859;Palermo;Buenos Aires;valeriacastro@correo.com;49;25671823
Mateo;Vidal;Alvear 1698;La Palta;Neuquén;mateovidal@correo.com;65;23818701
Victoria;Romero;Belgrano 3959;La Palta;Salta;victoriaromero@correo.com;68;37250856
Elena;López;Lavalle 9271;Rosario de la Cruz;Buenos Aires;elenalopez@correo.com;54;43718320
Valeria;Flores;Mitre 1563;25 de Mayo;Neuquén;valeriaflores@correo.com;72;41960149
Paula;Rojas;Lavalle 7159;Inmaculada Concepcion;Misiones;paularojas@correo.com;67;12972648
Martina;Benítez;Alvear 2719;25 de Mayo;Buenos Aires;martinabenitez@correo.com;22;39917228
Abril;Rodríguez;Sarmiento 6007;San Martin;Córdoba;abrilrodriguez@correo.com;42;37221259
Daniela;Romero;Pueyrredón 7004;9 de Julio;Córdoba;danielaromero@correo.com;29;29595623
Ezequiel;Vidal;Lavalle 6634;9 de Julio;Misiones;ezequielvidal@correo.com;75;21491518
Sofía;Benítez;Av. de Mayo 1032;25 de Mayo;Buenos Aires;sofiabenitez@correo.com;32;26644592
Nicolás;Fernández;Alvear 3716;La Palta;Neuquén;nicolasfernandez@correo.com;63;25711704
Valeria;García;Alvear 4412;Capitan Mendoza;Salta;valeriagarcia@correo.com;53;21728865
Isabella;Vidal;Lavalle 3835;25 de Mayo;Chaco;isabellavidal@correo.com;79;37268443
María;Herrera;Urquiza 1318;Gral. Pico;Salta;mariaherrera@correo.com;55;33618154
Diego;Castro;Rivadavia 9209;San Miguel;Chaco;diegocastro@correo.com;53;44490160
Joaquín;Álvarez;Av. de Mayo 1714;Gral. Pico;Mendoza;joaquinalvarez@correo.com;23;23054537
Gonzalo;González;Urquiza 7259;Inmaculada Concepcion;Tucumán;gonzalogonzalez@correo.com;67;38284714
Agustín;Rojas;Mitre 6394;Inmaculada Concepcion;Córdoba;agustinrojas@correo.com;20;24404686
Santiago;Rodríguez;Av. de Mayo 5406;Capitan Mendoza;Buenos Aires;santiagorodriguez@correo.com;81;18607750
Agustín;Sánchez;Pueyrredón 4458;Inmaculada Concepcion;Mendoza;agustinsanchez@correo.com;32;11439603
Lucía;Álvarez;Sarmiento 95;25 de Mayo;Tucumán;luciaalvarez@correo.com;24;29353019
Ezequiel;Rojas;Pueyrredón 3853;San Miguel;Salta;ezequielrojas@correo.com;62;38977128
Ignacio;Díaz;Lavalle 8623;Capitan Mendoza;Entre Ríos;ignaciodiaz@correo.com;49;23943063
Camila;Giménez;Lavalle 221;Palermo;Buenos Aires;camilagimenez@correo.com;83;36654866
Elena;Medina;Lavalle 7531;Palermo;Neuquén;elenamedina@correo.com;49;35590903
Camila;Ruiz;Alvear 5270;Gral. Pico;Salta;camilaruiz@correo.com;81;26743463
Nicolás;Flores;Lavalle 1737;Palermo;Salta;nicolasflores@correo.com;75;42472148
Mateo;Acosta;Lavalle 9042;Rosario de la Cruz;Misiones;mateoacosta@correo.com;67;33338800
Santiago;Martínez;Mitre 5733;Capitan Mendoza;Misiones;santiagomartinez@correo.com;59;43744226
Luis;Guzmán;Alvear 8870;25 de Mayo;Neuquén;luisguzman@correo.com;27;21533774
María;Ruiz;Mitre 7550;Inmaculada Concepcion;Salta;mariaruiz@correo.com;65;31836904
Ignacio;Benítez;Belgrano 3309;25 de Mayo;Chaco;ignaciobenitez@correo.com;18;40211478
Sara;Rojas;Av. de Mayo 7611;La Palta;Santa Fe;sararojas@correo.com;33;14198762
Elena;Molina;Av. San Martín 4202;San Miguel;Chaco;elenamolina@correo.com;57;35257903
Lucas;Gómez;Alvear 3586;Inmaculada Concepcion;Buenos Aires;lucasgomez@correo.com;73;43751385
Diego;Herrera;Mitre 4433;Rosario de la Cruz;Buenos Aires;diegoherrera@correo.com;68;36043686
Paula;Sánchez;Urquiza 3102;Rosario de la Cruz;Buenos Aires;paulasanchez@correo.com;24;20582772
Abril;Giménez;Alvear 857;Rosario de la Cruz;Córdoba;abrilgimenez@correo.com;35;33168070
Paula;López;Belgrano 2589;Gral. Pico;Misiones;paulalopez@correo.com;52;39602261
Sara;Benítez;Av. de Mayo 1923;25 de Mayo;Santa Fe;sarabenitez@correo.com;45;18878338
Carlos;Vidal;Av. San Martín 6473;Palermo;Salta;carlosvidal@correo.com;70;14209087
Joaquín;Acosta;Sarmiento 2242;Gral. Pico;Tucumán;joaquinacosta@correo.com;45;33339449
Nicolás;Pérez;Av. San Martín 6725;San Miguel;Entre Ríos;nicolasperez@correo.com;52;46020230
Camila;Medina;Pueyrredón 3120;San Martin;Tucumán;camilamedina@correo.com;30;29162369
Sofía;Vidal;Belgrano 6567;La Palta;Mendoza;sofiavidal@correo.com;25;47456459
Javier;Vidal;Lavalle 9362;Capitan Mendoza;Córdoba;javiervidal@correo.com;40;37166169
Carlos;Vidal;Alvear 8440;9 de Julio;Misiones;carlosvidal@correo.com;68;22485398
Natalia;Martínez;Sarmiento 1007;San Martin;Misiones;nataliamartinez@correo.com;40;28960431
Joaquín;Pérez;Belgrano 5167;Capitan Mendoza;Misiones;joaquinperez@correo.com;24;30915371
Ezequiel;Romero;Mitre 1027;25 de Mayo;Santa Fe;ezequielromero@correo.com;25;47744516
Ana;Pérez;Pueyrredón 3926;Inmaculada Concepcion;Mendoza;anaperez@correo.com;18;25519269
Natalia;Sosa;Rivadavia 210;San Miguel;Mendoza;nataliasosa@correo.com;20;16765851
Carlos;Aguirre;Lavalle 3184;25 de Mayo;Chaco;carlosaguirre@correo.com;72;47998804
Diego;Fernández;Av. de Mayo 5815;Gral. Pico;Santa Fe;diegofernandez@correo.com;77;18636579
Sara;Medina;Av. San Martín 3046;San Miguel;Chaco;saramedina@correo.com;61;17532068
Isabella;Ramírez;Av. San Martín 4742;Inmaculada Concepcion;Mendoza;isabellaramirez@correo.com;62;43947305
Luis;García;Rivadavia 9443;Inmaculada Concepcion;Neuquén;luisgarcia@correo.com;20;45662022
Abril;Herrera;Av. de Mayo 4058;Rosario de la Cruz;Santa Fe;abrilherrera@correo.com;68;20237589
Lucas;Herrera;Av. San Martín 5082;9 de Julio;Chaco;lucasherrera@correo.com;33;38957737
Valeria;Gómez;Mitre 27;25 de Mayo;Chaco;valeriagomez@correo.com;48;35441101
Santiago;Flores;Lavalle 8933;San Martin;Tucumán;santiagoflores@correo.com;46;21781140
Victoria;Díaz;Alvear 7467;Capitan Mendoza;Tucumán;victoriadiaz@correo.com;59;16474931
Carlos;González;Alvear 153;La Palta;Entre Ríos;carlosgonzalez@correo.com;32;40496525
Paula;Torres;Av. de Mayo 3455;San Martin;Buenos Aires;paulatorres@correo.com;46;43046563
Ezequiel;Vidal;Rivadavia 2659;La Palta;Misiones;ezequielvidal@correo.com;56;18766985
Camila;Flores;Rivadavia 1691;Gral. Pico;Córdoba;camilaflores@correo.com;60;32288206
Joaquín;Sosa;Av. de Mayo 5420;San Miguel;Córdoba;joaquinsosa@correo.com;63;13183894
Nicolás;Romero;Av. San Martín 8695;Rosario de la Cruz;Mendoza;nicolasromero@correo.com;25;37823707
Javier;Guzmán;Belgrano 4958;La Palta;Neuquén;javierguzman@correo.com;48;20681147
Victoria;Pérez;Av. San Martín 3603;Palermo;Neuquén;victoriaperez@correo.com;44;42537002
María;Ramírez;Alvear 3865;Palermo;Neuquén;mariaramirez@correo.com;44;43143566
Luis;Sosa;Urquiza 2607;9 de Julio;Mendoza;luissosa@correo.com;63;22023722
Gabriel;Torres;Sarmiento 8251;San Martin;Buenos Aires;gabrieltorres@correo.com;21;37528709
Gonzalo;Rodríguez;Mitre 680;9 de Julio;Salta;gonzalorodriguez@correo.com;69;22944607
Paula;Acosta;Lavalle 3385;Rosario de la Cruz;Córdoba;paulaacosta@correo.com;84;40084652
Sara;Torres;Mitre 7557;San Martin;Chaco;saratorres@correo.com;82;37260150
Luis;Herrera;Sarmiento 6133;La Palta;Salta;luisherrera@correo.com;72;22633929
Sara;Rojas;Rivadavia 1862;Capitan Mendoza;Misiones;sararojas@correo.com;33;18564179
Gabriel;Guzmán;Rivadavia 1160;25 de Mayo;Chaco;gabrielguzman@correo.com;26;36979734
Agustín;Ruiz;Rivadavia 9797;La Palta;Misiones;agustinruiz@correo.com;31;12525144
Gonzalo;Martínez;Alvear 4968;9 de Julio;Entre Ríos;gonzalomartinez@correo.com;27;15510075
Natalia;Torres;Sarmiento 5664;San Miguel;Mendoza;nataliatorres@correo.com;18;34693473
Santiago;Guzmán;Pueyrredón 2045;Palermo;Misiones;santiagoguzman@correo.com;45;15684143
Martina;Silva;Sarmiento 2874;Gral. Pico;Tucumán;martinasilva@correo.com;29;29881167
Gabriel;López;Rivadavia 9609;Palermo;Misiones;gabriellopez@correo.com;78;35538609
Paula;Guzmán;Mitre 1454;25 de Mayo;Tucumán;paulaguzman@correo.com;18;45306306
Gonzalo;Giménez;Pueyrredón 2082;Rosario de la Cruz;Neuquén;gonzalogimenez@correo.com;36;46513164
Gonzalo;Ruiz;Av. San Martín 9190;Gral. Pico;Santa Fe;gonzaloruiz@correo.com;60;13568744
Joaquín;Ramírez;Av. de Mayo 87;San Miguel;Mendoza;joaquinramirez@correo.com;36;27507671
Martina;Guzmán;Lavalle 4139;25 de Mayo;Neuquén;martinaguzman@correo.com;70;43991298
Nicolás;Pérez;Mitre 3231;9 de Julio;Entre Ríos;nicolasperez@correo.com;72;12675719
Lucas;Ruiz;Pueyrredón 7980;San Miguel;Buenos Aires;lucasruiz@correo.com;80;37825289
Sara;Rojas;Lavalle 4907;9 de Julio;Santa Fe;sararojas@correo.com;34;15358259
Martina;Silva;Mitre 318;Gral. Pico;Misiones;martinasilva@correo.com;63;16912724
Luis;Castro;Sarmiento 1651;9 de Julio;Santa Fe;luiscastro@correo.com;34;12615861
Tomas;Romero;Belgrano 6296;Capitan Mendoza;Buenos Aires;tomasromero@correo.com;55;26035383
Paula;Sosa;Sarmiento 1362;25 de Mayo;Entre Ríos;paulasosa@correo.com;49;47181855
Sofía;Rojas;Av. de Mayo 5884;La Palta;Tucumán;sofiarojas@correo.com;75;33226697
Tomas;López;Alvear 3853;Rosario de la Cruz;Neuquén;tomaslopez@correo.com;68;34742914
Mateo;Flores;Belgrano 4429;Gral. Pico;Salta;mateoflores@correo.com;36;40987706
Javier;Martínez;Sarmiento 4874;9 de Julio;Santa Fe;javiermartinez@correo.com;74;16652426
Mateo;Torres;Mitre 6553;Capitan Mendoza;Salta;mateotorres@correo.com;18;35395090
María;González;Urquiza 2414;Gral. Pico;Santa Fe;mariagonzalez@correo.com;81;37694588
